date,vessel_type,vessel_size,origin,destination,commodity,distance_nm,fuel_price,cargo_demand,freight_rate,weather_condition,port_congestion,year,month,day_of_week,quarter
2026-07-10,Panamax,68421,Newcastle,Mumbai,Thermal Coal,5744.7,664.81,110.26,52.86,Moderate,2.0,2026,7,4,3
2024-03-28,Capesize,191495,Richards Bay,Rotterdam,Thermal Coal,7021.0,713.38,102.08,28.86,Moderate,1.4,2024,3,3,1
2024-04-10,Capesize,185074,Port Hedland,Qingdao,Iron Ore,3567.3,725.89,96.85,21.47,Calm,3.0,2024,4,2,2
2025-08-05,Suezmax,131661,Ras Tanura,Qingdao,Crude Oil,6355.2,607.14,108.81,46.62,Moderate,5.0,2025,8,1,3
2025-10-07,Suezmax,156751,Houston,Rotterdam,Chemicals,4904.0,607.46,101.34,37.54,Moderate,0.8,2025,10,1,4
2025-07-21,Supramax,56389,Singapore,Dubai,Containerized Freight,3495.8,600.18,93.99,44.56,Moderate,1.6,2025,7,0,3
2026-05-26,Supramax,62826,Singapore,Dubai,Chemicals,3450.3,693.09,107.23,62.77,Moderate,13.4,2026,5,1,2
2026-02-21,VLCC,297546,Ras Tanura,Singapore,Crude Oil,3725.2,692.47,102.77,26.82,Calm,0.5,2026,2,5,1
2024-10-31,Capesize,179281,Newcastle,Mumbai,Thermal Coal,6064.8,668.16,120.03,33.71,Calm,6.4,2024,10,3,4
2024-05-16,Container Post-Panamax,118914,Shanghai,Los Angeles,Containerized Freight,5634.4,679.88,83.3,92.87,Calm,4.4,2024,5,3,2
2025-07-14,VLCC,286137,Ras Tanura,Singapore,Crude Oil,3665.2,582.35,105.27,37.21,Stormy,7.6,2025,7,0,3
2023-10-20,Capesize,200033,Newcastle,Mumbai,Thermal Coal,5959.7,664.43,103.08,30.06,Calm,6.4,2023,10,4,4
2024-07-19,Container Post-Panamax,108993,Ningbo,Hamburg,Containerized Freight,10493.1,686.88,92.22,129.83,Calm,5.3,2024,7,4,3
2025-07-19,Aframax,83819,Corpus Christi,Antwerp,Crude Oil,4869.0,619.78,115.98,65.89,Stormy,4.1,2025,7,5,3
2026-08-09,Supramax,55116,Singapore,Dubai,Containerized Freight,3358.8,677.64,104.89,53.27,Calm,4.1,2026,8,6,3
2025-09-06,VLCC,315042,Ras Tanura,Singapore,Crude Oil,3658.7,634.41,95.82,22.01,Calm,2.0,2025,9,5,3
2026-02-09,Capesize,202416,Port Hedland,Qingdao,Iron Ore,3739.3,707.05,88.19,18.55,Rough Sea,0.7,2026,2,0,1
2026-09-07,Panamax,74516,Santos,Qingdao,Grain,11594.7,664.21,110.82,71.38,Moderate,3.1,2026,9,0,3
2025-03-04,Container Post-Panamax,86609,Shanghai,Los Angeles,Containerized Freight,5861.0,566.71,119.99,96.63,Calm,5.9,2025,3,1,1
2026-04-27,LNG Carrier,76304,Ras Laffan,Tokyo,LNG,6381.3,703.82,111.59,111.69,Moderate,1.7,2026,4,0,2
2026-07-14,VLCC,302710,Ras Tanura,Qingdao,Crude Oil,6190.0,715.49,92.86,38.16,Rough Sea,7.6,2026,7,1,3
2025-10-31,Capesize,193749,Santos,Qingdao,Grain,11700.7,661.76,119.69,47.22,Calm,7.3,2025,10,4,4
2025-09-20,LNG Carrier,86719,Ras Laffan,Tokyo,LNG,6434.9,607.33,122.13,107.75,Calm,2.7,2025,9,5,3
2026-06-11,Aframax,86488,Corpus Christi,Antwerp,Refined Petroleum,4998.2,685.71,104.41,51.81,Calm,1.6,2026,6,3,2
2025-10-04,Container Post-Panamax,122180,Singapore,Dubai,Containerized Freight,3329.7,634.39,108.46,75.43,Calm,7.5,2025,10,5,4
2026-09-12,Container Post-Panamax,109533,Ningbo,Hamburg,Containerized Freight,10601.5,662.75,109.45,162.44,Monsoon/Tropical Cyclone,2.8,2026,9,5,3
2023-10-25,Panamax,73981,Richards Bay,Rotterdam,Thermal Coal,7035.2,663.7,124.98,63.74,Rough Sea,3.3,2023,10,2,4
2025-05-11,Suezmax,156982,Ras Tanura,Qingdao,Crude Oil,6304.4,597.81,84.96,38.25,Moderate,0.5,2025,5,6,2
2024-05-06,Panamax,68816,Richards Bay,Rotterdam,Thermal Coal,7131.2,691.26,95.94,51.91,Moderate,1.8,2024,5,0,2
2023-12-25,Panamax,83049,Richards Bay,Rotterdam,Thermal Coal,6998.0,687.49,95.19,49.65,Rough Sea,1.0,2023,12,0,4
2025-03-29,Capesize,200098,Dampier,Yokohama,Iron Ore,3977.3,563.39,77.68,20.25,Stormy,4.2,2025,3,5,1
2026-02-11,Panamax,79379,Tubarao,Qingdao,Iron Ore,11129.5,735.09,82.29,71.87,Rough Sea,1.0,2026,2,2,1
2024-02-27,Panamax,77142,Santos,Qingdao,Grain,11658.6,705.71,94.06,69.35,Calm,3.2,2024,2,1,1
2026-07-02,Aframax,104513,Houston,Rotterdam,Refined Petroleum,4902.8,687.22,77.56,51.06,Moderate,3.6,2026,7,3,3
2025-03-02,Suezmax,135830,Corpus Christi,Antwerp,Refined Petroleum,4891.9,614.12,115.38,41.64,Moderate,2.9,2025,3,6,1
2024-09-21,Panamax,71259,Tubarao,Qingdao,Bauxite,11116.5,645.87,115.87,78.64,Moderate,8.4,2024,9,5,3
2026-09-09,Suezmax,151849,Houston,Rotterdam,Chemicals,4735.4,661.9,103.96,53.22,Calm,18.0,2026,9,2,3
2024-12-23,Capesize,187510,Newcastle,Mumbai,Thermal Coal,6049.0,586.59,119.33,38.88,Rough Sea,5.9,2024,12,0,4
2026-09-24,Suezmax,159712,Ras Tanura,Qingdao,Crude Oil,6285.8,645.34,103.65,42.12,Calm,2.1,2026,9,3,3
2026-04-02,Aframax,115362,Houston,Rotterdam,Chemicals,4901.9,702.12,117.06,60.26,Rough Sea,2.1,2026,4,3,2
2025-02-06,Container Post-Panamax,93054,Shanghai,Los Angeles,Containerized Freight,5612.7,589.93,86.89,79.49,Calm,0.8,2025,2,3,1
2024-02-25,Suezmax,142491,Houston,Rotterdam,Crude Oil,4908.9,683.49,113.86,43.41,Moderate,1.5,2024,2,6,1
2025-02-03,Container Post-Panamax,105605,Shanghai,Los Angeles,Containerized Freight,5707.9,514.08,84.29,80.15,Calm,0.8,2025,2,0,1
2025-11-15,Aframax,80083,Corpus Christi,Antwerp,Crude Oil,5001.8,648.92,84.06,47.03,Calm,2.4,2025,11,5,4
2024-12-13,Suezmax,132210,Houston,Rotterdam,Refined Petroleum,4958.5,579.57,78.87,36.52,Calm,6.2,2024,12,4,4
2025-07-01,Container Post-Panamax,119624,Shanghai,Los Angeles,Containerized Freight,5552.3,601.33,105.06,89.59,Calm,3.8,2025,7,1,3
2026-06-29,Panamax,69191,Tubarao,Qingdao,Bauxite,10973.2,705.87,100.6,64.43,Moderate,1.5,2026,6,0,2
2024-06-28,LNG Carrier,93785,Dampier,Yokohama,LNG,4059.0,747.08,102.16,95.5,Moderate,6.3,2024,6,4,2
2024-05-17,Supramax,63087,Houston,Rotterdam,Chemicals,4951.4,717.0,106.98,62.09,Calm,4.4,2024,5,4,2
2025-04-27,Container Post-Panamax,90315,Ningbo,Hamburg,Containerized Freight,10531.4,542.48,107.98,125.06,Moderate,3.5,2025,4,6,2
2026-04-26,Capesize,170275,Richards Bay,Rotterdam,Thermal Coal,7066.2,676.92,93.53,22.14,Calm,1.7,2026,4,6,2
2025-02-05,Aframax,108244,Corpus Christi,Antwerp,Refined Petroleum,5013.0,597.6,110.51,62.78,Stormy,6.6,2025,2,2,1
2026-05-25,Container Post-Panamax,115070,Ningbo,Hamburg,Containerized Freight,10802.5,691.56,92.28,123.11,Calm,0.9,2026,5,0,2
2025-01-24,Handysize,37392,Singapore,Dubai,Chemicals,3501.1,577.54,97.51,55.03,Moderate,0.9,2025,1,4,1
2025-07-09,VLCC,313787,Ras Tanura,Qingdao,Crude Oil,6282.7,609.46,114.3,36.13,Calm,2.7,2025,7,2,3
2025-10-10,Capesize,189269,Port Hedland,Qingdao,Iron Ore,3587.2,639.11,112.39,25.46,Calm,4.4,2025,10,4,4
2025-12-11,Capesize,169565,Dampier,Yokohama,Iron Ore,3841.3,675.12,90.98,18.8,Calm,2.8,2025,12,3,4
2023-11-24,Container Post-Panamax,128917,Ningbo,Hamburg,Containerized Freight,10615.8,690.56,103.6,127.92,Moderate,1.0,2023,11,4,4
2024-06-10,Supramax,51017,Santos,Rotterdam,Grain,5404.4,712.0,101.6,64.14,Rough Sea,0.5,2024,6,0,2
2025-07-01,VLCC,281822,Ras Tanura,Singapore,Crude Oil,3809.4,561.23,105.69,24.97,Moderate,0.5,2025,7,1,3
2024-01-05,Supramax,58944,Santos,Rotterdam,Bauxite,5602.0,689.33,104.16,57.22,Calm,1.7,2024,1,4,1
2025-01-14,Panamax,81623,Richards Bay,Rotterdam,Thermal Coal,7110.4,585.79,97.64,46.22,Calm,1.7,2025,1,1,1
2026-06-12,VLCC,314758,Ras Tanura,Qingdao,Crude Oil,6385.6,692.83,102.95,51.45,Moderate,18.0,2026,6,4,2
2025-05-28,Container Post-Panamax,102815,Ningbo,Hamburg,Containerized Freight,10266.8,614.16,99.13,124.9,Calm,7.8,2025,5,2,2
2026-01-11,Panamax,71149,Tubarao,Qingdao,Bauxite,11105.9,674.27,90.06,62.21,Moderate,0.9,2026,1,6,1
2025-09-04,Capesize,199974,Santos,Qingdao,Iron Ore,12150.5,637.91,99.03,37.11,Calm,0.5,2025,9,3,3
2026-04-10,Aframax,118702,Corpus Christi,Antwerp,Refined Petroleum,4889.3,726.33,108.77,52.52,Calm,0.9,2026,4,4,2
2024-03-18,Supramax,52594,Santos,Rotterdam,Grain,5486.7,726.75,101.92,65.89,Moderate,3.3,2024,3,0,1
2024-04-23,Supramax,59525,Santos,Rotterdam,Bauxite,5341.0,714.6,106.89,56.52,Calm,2.4,2024,4,1,2
2024-05-16,Suezmax,159739,Corpus Christi,Antwerp,Crude Oil,4776.2,734.35,116.02,47.22,Moderate,5.0,2024,5,3,2
2023-12-21,Supramax,63221,Houston,Rotterdam,Refined Petroleum,4713.5,728.28,94.94,56.33,Rough Sea,2.0,2023,12,3,4
2024-08-16,Suezmax,164046,Houston,Rotterdam,Chemicals,4881.1,641.7,106.33,36.93,Calm,2.8,2024,8,4,3
2026-07-29,Panamax,67839,Richards Bay,Rotterdam,Thermal Coal,6905.7,694.35,95.05,56.76,Calm,2.8,2026,7,2,3
2024-12-01,Capesize,165915,Tubarao,Qingdao,Bauxite,10869.6,567.33,98.39,34.69,Moderate,1.0,2024,12,6,4
2025-09-18,Capesize,192303,Tubarao,Qingdao,Bauxite,11238.5,628.33,118.76,37.45,Moderate,2.3,2025,9,3,3
2026-05-31,Aframax,104200,Houston,Rotterdam,Refined Petroleum,4929.0,713.33,99.77,62.46,Rough Sea,8.0,2026,5,6,2
2025-12-25,Supramax,56344,Singapore,Dubai,Steel Coils,3353.8,728.9,108.63,61.56,Monsoon/Tropical Cyclone,1.8,2025,12,3,4
2026-04-06,Handysize,27001,Singapore,Dubai,Containerized Freight,3371.6,685.21,95.25,62.01,Calm,4.4,2026,4,0,2
2026-01-04,Container Post-Panamax,128564,Ningbo,Hamburg,Containerized Freight,10690.1,663.76,89.42,149.17,Stormy,3.0,2026,1,6,1
2023-10-08,VLCC,319280,Ras Tanura,Qingdao,Crude Oil,6289.6,669.46,106.53,34.5,Calm,2.6,2023,10,6,4
2023-10-05,Panamax,67030,Santos,Rotterdam,Grain,5449.1,657.95,99.62,44.9,Calm,1.7,2023,10,3,4
2026-03-25,Supramax,52345,Santos,Rotterdam,Grain,5308.0,746.53,103.52,66.12,Rough Sea,1.1,2026,3,2,1
2025-11-06,LNG Carrier,74682,Ras Laffan,Tokyo,LNG,6624.5,693.92,115.85,113.56,Moderate,3.8,2025,11,3,4
2024-03-16,Container Post-Panamax,124983,Ningbo,Hamburg,Containerized Freight,10773.5,746.22,109.36,131.93,Calm,0.7,2024,3,5,1
2024-04-10,LNG Carrier,71729,Ras Laffan,Tokyo,LNG,6732.9,695.35,113.14,111.44,Calm,2.1,2024,4,2,2
2024-03-11,LNG Carrier,83423,Dampier,Yokohama,LNG,3854.1,707.62,101.05,87.68,Calm,1.9,2024,3,0,1
2025-09-16,Container Post-Panamax,121966,Shanghai,Los Angeles,Containerized Freight,5835.5,648.38,109.53,89.62,Moderate,1.6,2025,9,1,3
2025-03-27,Capesize,166728,Port Hedland,Qingdao,Iron Ore,3735.5,560.3,113.77,31.54,Moderate,6.1,2025,3,3,1
2024-07-04,Container Post-Panamax,90215,Shanghai,Los Angeles,Containerized Freight,5807.1,696.36,93.77,91.08,Moderate,0.5,2024,7,3,3
2025-02-04,Panamax,65351,Richards Bay,Rotterdam,Thermal Coal,7040.4,564.6,86.98,55.71,Calm,15.7,2025,2,1,1
2026-04-23,Suezmax,137093,Corpus Christi,Antwerp,Crude Oil,4830.5,744.88,118.26,48.66,Rough Sea,5.3,2026,4,3,2
2023-11-21,Suezmax,154605,Ras Tanura,Qingdao,Crude Oil,6119.2,685.18,96.49,49.52,Calm,6.6,2023,11,1,4
2025-05-07,Aframax,104714,Houston,Rotterdam,Refined Petroleum,4948.3,564.43,96.82,57.31,Monsoon/Tropical Cyclone,2.6,2025,5,2,2
2024-05-27,Aframax,88005,Houston,Rotterdam,Chemicals,4822.4,751.72,104.84,53.54,Moderate,1.7,2024,5,0,2
2023-11-15,Capesize,207409,Tubarao,Qingdao,Bauxite,10894.0,664.29,129.32,49.15,Moderate,8.0,2023,11,2,4
2024-05-09,LNG Carrier,78874,Ras Laffan,Tokyo,LNG,6675.8,675.02,95.56,103.85,Calm,0.8,2024,5,3,2
2025-01-19,Container Post-Panamax,92377,Ningbo,Hamburg,Containerized Freight,10809.0,602.06,111.67,130.48,Moderate,3.3,2025,1,6,1
2023-11-26,Suezmax,156250,Ras Tanura,Singapore,Crude Oil,3652.3,714.93,97.88,36.61,Calm,0.5,2023,11,6,4
2024-05-28,VLCC,313675,Ras Tanura,Singapore,Crude Oil,3812.6,714.03,93.42,24.66,Moderate,1.9,2024,5,1,2
2025-09-25,LNG Carrier,87576,Dampier,Yokohama,Iron Ore,3981.4,648.81,109.48,92.52,Calm,4.5,2025,9,3,3
2025-11-13,Container Post-Panamax,100149,Shanghai,Los Angeles,Containerized Freight,5839.7,653.66,118.72,104.52,Calm,9.1,2025,11,3,4
2024-02-01,VLCC,296844,Ras Tanura,Singapore,Crude Oil,3688.1,677.29,96.65,27.1,Calm,6.0,2024,2,3,1
2024-10-08,Suezmax,157351,Corpus Christi,Antwerp,Refined Petroleum,4857.0,599.46,99.22,37.62,Rough Sea,0.5,2024,10,1,4
2025-04-07,Supramax,63100,Houston,Rotterdam,Crude Oil,4908.4,579.4,102.09,52.81,Moderate,1.9,2025,4,0,2
2025-05-20,Aframax,82095,Corpus Christi,Antwerp,Crude Oil,5012.6,595.17,87.51,47.91,Moderate,2.0,2025,5,1,2
2025-07-08,Panamax,83760,Newcastle,Mumbai,Thermal Coal,5964.6,662.91,95.14,43.56,Calm,1.4,2025,7,1,3
2024-01-05,Suezmax,131051,Ras Tanura,Qingdao,Crude Oil,6262.2,660.15,98.14,45.45,Moderate,5.6,2024,1,4,1
2025-02-26,Container Post-Panamax,106142,Shanghai,Los Angeles,Containerized Freight,5862.4,575.02,90.77,90.34,Rough Sea,1.1,2025,2,2,1
2025-08-12,Capesize,174221,Richards Bay,Rotterdam,Thermal Coal,6989.0,584.04,109.34,28.87,Calm,3.6,2025,8,1,3
2024-06-27,LNG Carrier,92656,Ras Laffan,Tokyo,LNG,6528.8,711.03,98.42,110.85,Calm,2.0,2024,6,3,2
2026-08-22,Suezmax,161194,Corpus Christi,Antwerp,Refined Petroleum,5020.5,632.24,101.35,34.32,Calm,0.5,2026,8,5,3
2025-08-21,Capesize,196731,Santos,Qingdao,Iron Ore,11487.9,635.81,113.36,39.83,Moderate,1.6,2025,8,3,3
2023-10-15,Suezmax,146073,Houston,Rotterdam,Refined Petroleum,4906.1,648.09,105.32,46.34,Rough Sea,7.3,2023,10,6,4
2026-06-03,Suezmax,163173,Ras Tanura,Singapore,Crude Oil,3612.2,708.71,89.53,30.55,Calm,0.5,2026,6,2,2
2024-04-18,Capesize,169239,Tubarao,Qingdao,Iron Ore,11404.2,685.26,108.76,35.36,Moderate,1.0,2024,4,3,2
2026-02-13,Container Post-Panamax,108047,Shanghai,Los Angeles,Containerized Freight,5739.0,713.01,88.52,88.0,Moderate,0.5,2026,2,4,1
2024-03-15,Suezmax,130637,Houston,Rotterdam,Crude Oil,4726.3,710.31,92.53,40.88,Moderate,1.6,2024,3,4,1
2023-11-08,Supramax,52852,Singapore,Dubai,Chemicals,3462.8,683.45,99.35,59.05,Moderate,7.9,2023,11,2,4
2026-04-30,Capesize,177928,Port Hedland,Qingdao,Iron Ore,3613.6,701.78,78.6,17.08,Calm,3.3,2026,4,3,2
2024-10-14,Container Post-Panamax,103049,Ningbo,Hamburg,Containerized Freight,10441.6,587.36,115.24,143.66,Rough Sea,8.3,2024,10,0,4
2024-05-06,Container Post-Panamax,117212,Ningbo,Hamburg,Containerized Freight,10720.9,690.47,121.81,132.9,Calm,3.7,2024,5,0,2
2025-07-14,Suezmax,142027,Houston,Rotterdam,Crude Oil,4995.0,617.71,91.97,38.65,Rough Sea,0.5,2025,7,0,3
2026-08-09,Panamax,69573,Tubarao,Qingdao,Iron Ore,11089.8,688.45,102.65,65.05,Rough Sea,0.5,2026,8,6,3
2024-11-20,Suezmax,149173,Ras Tanura,Singapore,Crude Oil,3662.3,614.51,96.55,36.42,Stormy,1.8,2024,11,2,4
2025-01-24,Capesize,173787,Newcastle,Mumbai,Thermal Coal,5744.1,588.29,101.35,27.6,Moderate,6.8,2025,1,4,1
2025-03-31,Container Post-Panamax,132166,Singapore,Dubai,Containerized Freight,3351.7,544.62,97.41,64.97,Calm,0.8,2025,3,0,1
2025-05-05,Container Post-Panamax,101276,Ningbo,Hamburg,Containerized Freight,10394.3,561.0,107.59,137.46,Calm,18.0,2025,5,0,2
2026-01-04,Panamax,80858,Tubarao,Qingdao,Iron Ore,10996.9,676.17,105.57,75.14,Moderate,10.2,2026,1,6,1
2024-11-10,Panamax,73471,Tubarao,Qingdao,Iron Ore,11061.4,630.57,104.61,65.83,Moderate,0.5,2024,11,6,4
2024-01-31,Supramax,53667,Singapore,Dubai,Steel Coils,3500.9,719.8,102.47,64.4,Rough Sea,10.1,2024,1,2,1
2025-01-11,Suezmax,145583,Corpus Christi,Antwerp,Crude Oil,4987.8,580.42,97.17,35.39,Moderate,2.0,2025,1,5,1
2026-08-27,LNG Carrier,85852,Dampier,Yokohama,LNG,4053.8,681.8,106.34,91.23,Moderate,0.9,2026,8,3,3
2023-10-14,Panamax,75535,Santos,Rotterdam,Bauxite,5493.2,653.61,97.96,48.17,Calm,6.3,2023,10,5,4
2026-01-09,Panamax,79739,Santos,Rotterdam,Bauxite,5580.3,718.85,106.83,54.61,Moderate,4.6,2026,1,4,1
2024-03-15,Container Post-Panamax,90832,Singapore,Dubai,Chemicals,3425.1,689.96,102.82,75.72,Calm,2.2,2024,3,4,1
2026-01-26,Container Post-Panamax,82561,Singapore,Dubai,Chemicals,3481.5,699.73,97.11,78.26,Moderate,0.5,2026,1,0,1
2024-12-26,Container Post-Panamax,109562,Ningbo,Hamburg,Containerized Freight,10773.0,594.9,102.17,120.8,Calm,2.5,2024,12,3,4
2025-10-30,Supramax,51767,Santos,Rotterdam,Bauxite,5453.6,667.72,105.58,61.32,Calm,4.9,2025,10,3,4
2025-02-18,LNG Carrier,83675,Ras Laffan,Tokyo,LNG,6555.6,556.72,108.22,102.55,Calm,1.1,2025,2,1,1
2024-10-11,Panamax,69507,Tubarao,Qingdao,Bauxite,11236.0,672.87,107.4,63.03,Calm,0.5,2024,10,4,4
2024-12-03,Capesize,163154,Santos,Qingdao,Grain,12063.5,601.41,110.78,44.73,Calm,8.7,2024,12,1,4
2025-01-25,Container Post-Panamax,120182,Shanghai,Los Angeles,Containerized Freight,5847.0,589.61,121.52,102.73,Moderate,8.8,2025,1,5,1
2026-06-17,LNG Carrier,80311,Ras Laffan,Tokyo,LNG,6381.7,704.2,108.14,107.5,Calm,2.7,2026,6,2,2
2025-09-15,LNG Carrier,94129,Ras Laffan,Tokyo,LNG,6663.8,621.54,115.3,108.67,Moderate,2.0,2025,9,0,3
2026-02-19,Capesize,183596,Tubarao,Qingdao,Iron Ore,11185.7,721.89,87.47,34.74,Calm,2.0,2026,2,3,1
2024-03-11,Suezmax,148810,Ras Tanura,Singapore,Crude Oil,3661.4,655.89,105.08,41.68,Rough Sea,4.4,2024,3,0,1
2023-12-03,Panamax,74952,Richards Bay,Rotterdam,Thermal Coal,7070.8,646.31,98.77,53.11,Calm,8.2,2023,12,6,4
2025-07-08,Container Post-Panamax,131973,Ningbo,Hamburg,Containerized Freight,10787.7,594.69,96.37,125.85,Moderate,0.5,2025,7,1,3
2026-03-19,Suezmax,159194,Corpus Christi,Antwerp,Crude Oil,5007.4,681.1,100.64,35.32,Calm,0.9,2026,3,3,1
2024-11-19,Suezmax,164625,Corpus Christi,Antwerp,Refined Petroleum,4929.3,607.57,109.73,40.96,Calm,4.3,2024,11,1,4
2023-12-29,Capesize,209094,Santos,Qingdao,Grain,11755.1,691.18,99.28,39.38,Moderate,0.5,2023,12,4,4
2025-01-16,Suezmax,130934,Ras Tanura,Singapore,Crude Oil,3637.2,585.13,97.41,33.51,Moderate,1.6,2025,1,3,1
2024-07-27,Capesize,160252,Santos,Qingdao,Grain,11622.4,655.31,109.22,42.98,Moderate,0.5,2024,7,5,3
2025-02-20,Container Post-Panamax,86952,Shanghai,Los Angeles,Containerized Freight,5826.8,577.78,85.83,87.01,Calm,3.9,2025,2,3,1
2026-08-07,Supramax,50880,Singapore,Dubai,Chemicals,3324.8,702.56,97.33,50.75,Calm,8.2,2026,8,4,3
2024-09-19,LNG Carrier,93611,Ras Laffan,Tokyo,LNG,6690.6,674.21,118.09,112.61,Calm,5.1,2024,9,3,3
2024-11-24,Panamax,72233,Richards Bay,Rotterdam,Thermal Coal,7202.2,587.13,120.33,56.12,Moderate,4.6,2024,11,6,4
2024-12-13,Supramax,52406,Santos,Rotterdam,Bauxite,5372.8,583.14,109.38,59.11,Calm,6.2,2024,12,4,4
2025-11-25,Suezmax,130355,Houston,Rotterdam,Crude Oil,4811.9,675.99,116.5,45.02,Moderate,4.1,2025,11,1,4
2026-03-07,Supramax,51847,Houston,Rotterdam,Chemicals,4927.6,686.79,92.92,54.95,Calm,2.6,2026,3,5,1
2025-12-20,Container Post-Panamax,119381,Ningbo,Hamburg,Containerized Freight,10212.0,673.54,100.91,125.97,Moderate,1.7,2025,12,5,4
2026-04-17,Capesize,190641,Richards Bay,Rotterdam,Thermal Coal,7037.8,714.34,94.1,35.34,Rough Sea,6.2,2026,4,4,2
2026-05-18,Container Post-Panamax,85740,Shanghai,Los Angeles,Containerized Freight,5671.4,713.37,101.47,97.37,Calm,6.4,2026,5,0,2
2025-09-18,Aframax,88081,Corpus Christi,Antwerp,Crude Oil,4793.5,649.32,105.43,49.34,Calm,0.5,2025,9,3,3
2026-04-11,LNG Carrier,89788,Ras Laffan,Tokyo,LNG,6463.7,688.4,108.83,122.63,Stormy,2.5,2026,4,5,2
2026-02-23,Capesize,162126,Port Hedland,Qingdao,Iron Ore,3585.3,714.3,95.2,29.63,Calm,8.6,2026,2,0,1
2023-12-11,Suezmax,148958,Houston,Rotterdam,Refined Petroleum,4726.3,704.45,86.87,35.5,Calm,0.5,2023,12,0,4
2026-07-10,LNG Carrier,72944,Ras Laffan,Tokyo,LNG,6721.7,681.74,105.77,106.34,Calm,0.5,2026,7,4,3
2026-06-04,Supramax,61142,Singapore,Dubai,Steel Coils,3338.9,724.58,112.17,54.1,Calm,1.0,2026,6,3,2
2025-10-24,VLCC,298543,Ras Tanura,Qingdao,Crude Oil,6384.5,627.59,106.39,34.87,Rough Sea,0.7,2025,10,4,4
2025-05-25,Capesize,183454,Port Hedland,Qingdao,Iron Ore,3627.2,566.81,104.68,23.59,Calm,5.2,2025,5,6,2
2026-05-16,Aframax,110003,Houston,Rotterdam,Refined Petroleum,4839.4,713.16,102.52,53.11,Moderate,2.4,2026,5,5,2
2025-06-06,VLCC,318728,Ras Tanura,Qingdao,Crude Oil,6437.0,557.75,85.71,31.22,Monsoon/Tropical Cyclone,1.5,2025,6,4,2
2024-01-31,Capesize,187722,Dampier,Yokohama,LNG,3971.3,670.61,98.78,22.52,Calm,2.1,2024,1,2,1
2025-12-22,Handysize,27130,Singapore,Dubai,Chemicals,3368.8,723.21,111.72,67.34,Moderate,1.2,2025,12,0,4
2024-03-28,Capesize,188980,Newcastle,Mumbai,Thermal Coal,6052.4,666.8,92.24,20.23,Calm,0.5,2024,3,3,1
2024-11-25,Capesize,207496,Port Hedland,Qingdao,Iron Ore,3643.8,620.52,102.9,28.13,Moderate,7.1,2024,11,0,4
2024-11-01,LNG Carrier,94299,Dampier,Yokohama,Iron Ore,3930.5,636.94,115.63,86.92,Calm,2.2,2024,11,4,4
2023-10-22,Supramax,58228,Singapore,Dubai,Steel Coils,3411.0,687.84,107.5,60.22,Stormy,2.5,2023,10,6,4
2024-05-27,Container Post-Panamax,111656,Ningbo,Hamburg,Containerized Freight,10727.5,705.0,98.56,133.15,Moderate,1.4,2024,5,0,2
2024-04-13,Suezmax,143828,Corpus Christi,Antwerp,Crude Oil,4893.1,673.3,93.49,38.41,Calm,1.9,2024,4,5,2
2024-03-07,Container Post-Panamax,83061,Shanghai,Los Angeles,Containerized Freight,5719.4,732.82,112.33,99.49,Moderate,3.6,2024,3,3,1
2025-12-09,Suezmax,151136,Ras Tanura,Singapore,Crude Oil,3715.8,671.69,109.12,34.75,Moderate,2.8,2025,12,1,4
2026-06-26,Supramax,63558,Santos,Rotterdam,Grain,5490.8,701.87,91.1,55.93,Calm,0.5,2026,6,4,2
2023-12-13,Suezmax,147756,Ras Tanura,Qingdao,Crude Oil,6409.2,652.57,96.9,39.99,Calm,0.5,2023,12,2,4
2024-09-28,Panamax,65576,Newcastle,Mumbai,Thermal Coal,5928.2,607.31,100.33,42.81,Moderate,3.0,2024,9,5,3
2026-09-15,Panamax,83265,Santos,Rotterdam,Grain,5327.9,670.67,106.94,58.42,Rough Sea,11.6,2026,9,1,3
2024-04-02,Capesize,171450,Santos,Qingdao,Iron Ore,12043.1,686.99,105.93,43.23,Calm,7.1,2024,4,1,2
2025-07-24,VLCC,291171,Ras Tanura,Singapore,Crude Oil,3733.9,599.26,114.95,34.37,Calm,5.1,2025,7,3,3
2024-04-04,Suezmax,134426,Corpus Christi,Antwerp,Crude Oil,5065.8,730.25,100.36,43.24,Calm,2.3,2024,4,3,2
2025-07-20,Container Post-Panamax,122095,Ningbo,Hamburg,Containerized Freight,10224.2,568.41,115.2,125.69,Calm,4.5,2025,7,6,3
2026-08-15,Suezmax,131462,Houston,Rotterdam,Crude Oil,4973.0,662.49,104.19,38.52,Calm,0.5,2026,8,5,3
2024-12-14,VLCC,297648,Ras Tanura,Singapore,Crude Oil,3677.6,610.1,87.31,22.5,Calm,0.6,2024,12,5,4
2024-05-23,Panamax,75994,Richards Bay,Rotterdam,Thermal Coal,7026.1,691.75,106.91,68.59,Monsoon/Tropical Cyclone,1.8,2024,5,3,2
2025-02-26,Suezmax,141020,Ras Tanura,Singapore,Crude Oil,3649.7,596.28,82.97,31.7,Moderate,4.3,2025,2,2,1
2025-06-12,Container Post-Panamax,122245,Ningbo,Hamburg,Containerized Freight,10536.5,607.07,96.06,124.44,Moderate,2.4,2025,6,3,2
2025-04-23,Panamax,83061,Richards Bay,Rotterdam,Thermal Coal,7277.9,596.4,97.75,50.07,Calm,0.8,2025,4,2,2
2025-02-27,Capesize,185448,Port Hedland,Qingdao,Iron Ore,3613.5,583.19,94.97,19.6,Moderate,2.4,2025,2,3,1
2025-04-01,Capesize,206077,Newcastle,Mumbai,Thermal Coal,5992.9,567.1,101.81,24.82,Moderate,4.7,2025,4,1,2
2026-03-25,Container Post-Panamax,112279,Ningbo,Hamburg,Containerized Freight,10323.8,738.83,97.55,130.68,Moderate,1.9,2026,3,2,1
2025-07-20,VLCC,292883,Ras Tanura,Qingdao,Crude Oil,6295.0,568.36,93.0,24.25,Calm,1.2,2025,7,6,3
2025-04-25,Panamax,78398,Richards Bay,Rotterdam,Thermal Coal,6998.6,525.19,118.85,69.97,Stormy,11.6,2025,4,4,2
2026-04-04,Suezmax,130318,Ras Tanura,Singapore,Crude Oil,3630.3,678.78,96.09,31.78,Calm,0.5,2026,4,5,2
2024-05-06,Capesize,180526,Port Hedland,Qingdao,Iron Ore,3707.5,691.19,84.82,21.55,Calm,1.7,2024,5,0,2
2026-04-03,Aframax,103147,Corpus Christi,Antwerp,Refined Petroleum,4820.0,725.73,95.21,52.7,Calm,3.7,2026,4,4,2
2025-06-25,Capesize,206231,Richards Bay,Rotterdam,Thermal Coal,6908.0,601.85,99.91,34.79,Calm,14.9,2025,6,2,2
2025-05-22,Capesize,175677,Tubarao,Qingdao,Iron Ore,11117.9,554.77,104.91,37.95,Calm,2.1,2025,5,3,2
2025-09-02,Container Post-Panamax,93827,Singapore,Dubai,Steel Coils,3336.3,630.94,123.43,81.75,Calm,2.8,2025,9,1,3
2024-05-21,Capesize,174736,Port Hedland,Qingdao,Iron Ore,3691.9,722.81,96.75,29.05,Calm,4.8,2024,5,1,2
2026-01-18,LNG Carrier,91468,Ras Laffan,Tokyo,LNG,6617.4,686.99,90.24,113.09,Rough Sea,0.6,2026,1,6,1
2026-07-05,Container Post-Panamax,83052,Ningbo,Hamburg,Containerized Freight,10289.7,715.47,79.18,134.53,Rough Sea,2.0,2026,7,6,3
2024-12-21,Panamax,70170,Newcastle,Mumbai,Thermal Coal,5886.1,559.8,103.67,44.43,Moderate,4.0,2024,12,5,4
2024-02-08,Capesize,163373,Newcastle,Mumbai,Thermal Coal,5885.8,693.87,74.15,21.47,Moderate,3.8,2024,2,3,1
2024-10-22,Suezmax,139236,Ras Tanura,Singapore,Crude Oil,3740.0,627.74,98.46,33.52,Moderate,0.5,2024,10,1,4
2025-02-28,Suezmax,141818,Houston,Rotterdam,Crude Oil,4819.9,585.07,105.93,39.93,Calm,5.3,2025,2,4,1
2024-11-24,Panamax,83823,Santos,Rotterdam,Grain,5407.4,592.16,102.08,48.43,Calm,9.9,2024,11,6,4
2024-06-27,Panamax,70792,Santos,Rotterdam,Grain,5550.6,696.28,108.78,46.25,Moderate,0.9,2024,6,3,2
2024-02-29,Aframax,96513,Corpus Christi,Antwerp,Refined Petroleum,4957.7,702.01,93.42,55.72,Moderate,2.7,2024,2,3,1
2024-04-02,Capesize,178758,Dampier,Yokohama,Iron Ore,3879.1,708.41,94.67,28.9,Calm,6.1,2024,4,1,2
2025-12-09,Capesize,198377,Tubarao,Qingdao,Bauxite,10966.2,680.71,107.9,39.41,Calm,3.0,2025,12,1,4
2025-12-31,Handysize,29562,Singapore,Dubai,Chemicals,3491.1,665.66,96.54,62.3,Moderate,0.8,2025,12,2,4
2025-02-01,Panamax,65733,Tubarao,Qingdao,Iron Ore,11030.3,616.54,77.53,63.19,Calm,4.7,2025,2,5,1
2025-06-12,LNG Carrier,71779,Ras Laffan,Tokyo,LNG,6500.5,583.76,92.96,99.72,Moderate,0.5,2025,6,3,2
2025-02-08,Panamax,81671,Santos,Qingdao,Grain,11613.5,605.75,99.5,67.11,Moderate,7.0,2025,2,5,1
2025-07-13,LNG Carrier,93785,Ras Laffan,Tokyo,LNG,6355.3,572.94,94.98,102.52,Moderate,0.6,2025,7,6,3
2026-07-19,Supramax,57988,Singapore,Dubai,Chemicals,3485.8,672.17,97.1,49.23,Calm,4.8,2026,7,6,3
2024-12-24,Suezmax,151694,Ras Tanura,Qingdao,Crude Oil,6081.0,588.07,95.45,42.48,Moderate,2.9,2024,12,1,4
2025-08-04,Container Post-Panamax,82292,Shanghai,Los Angeles,Containerized Freight,5773.2,634.34,93.1,88.07,Calm,0.6,2025,8,0,3
2024-03-28,LNG Carrier,78237,Ras Laffan,Tokyo,LNG,6737.5,735.88,100.7,111.51,Calm,3.4,2024,3,3,1
2025-03-09,Suezmax,154949,Ras Tanura,Qingdao,Crude Oil,6230.5,584.59,99.12,42.56,Calm,6.9,2025,3,6,1
2026-01-13,LNG Carrier,85396,Dampier,Yokohama,Iron Ore,3970.3,683.09,97.79,85.46,Calm,2.0,2026,1,1,1
2024-11-30,Aframax,90002,Houston,Rotterdam,Crude Oil,4931.4,637.18,108.19,57.91,Rough Sea,7.2,2024,11,5,4
2026-05-19,Panamax,66086,Santos,Qingdao,Iron Ore,11828.8,716.01,95.26,64.95,Calm,0.5,2026,5,1,2
2024-10-26,Supramax,58995,Singapore,Dubai,Steel Coils,3362.9,646.78,117.93,51.49,Calm,3.6,2024,10,5,4
2026-04-08,Container Post-Panamax,122581,Shanghai,Los Angeles,Containerized Freight,5710.2,744.48,91.43,91.5,Calm,3.7,2026,4,2,2
2024-03-04,Container Post-Panamax,91539,Shanghai,Los Angeles,Containerized Freight,5819.4,690.98,108.82,95.14,Calm,1.7,2024,3,0,1
2023-10-08,Capesize,169240,Dampier,Yokohama,LNG,3904.9,695.45,121.07,30.53,Rough Sea,4.8,2023,10,6,4
2026-09-17,Suezmax,158658,Corpus Christi,Antwerp,Refined Petroleum,4898.3,662.42,104.68,42.77,Rough Sea,4.0,2026,9,3,3
2023-12-28,Aframax,93165,Houston,Rotterdam,Refined Petroleum,4804.3,676.48,99.85,49.23,Moderate,1.1,2023,12,3,4
2026-02-19,Suezmax,154104,Ras Tanura,Singapore,Crude Oil,3634.7,730.83,116.62,42.03,Rough Sea,2.9,2026,2,3,1
2025-01-21,Suezmax,153468,Corpus Christi,Antwerp,Refined Petroleum,4799.5,588.95,98.43,45.95,Calm,14.9,2025,1,1,1
2025-06-16,Panamax,69454,Tubarao,Qingdao,Bauxite,11012.0,587.1,105.77,60.24,Calm,0.5,2025,6,0,2
2025-03-06,Container Post-Panamax,90338,Ningbo,Hamburg,Containerized Freight,10391.4,568.53,104.18,120.03,Moderate,0.6,2025,3,3,1
2025-01-20,Panamax,83971,Santos,Qingdao,Iron Ore,11640.5,567.21,83.35,59.21,Moderate,2.2,2025,1,0,1
2024-10-26,Container Post-Panamax,111056,Ningbo,Hamburg,Containerized Freight,10206.5,625.3,110.67,124.07,Calm,3.7,2024,10,5,4
2025-12-27,Container Post-Panamax,90504,Ningbo,Hamburg,Containerized Freight,10355.6,683.52,107.56,138.71,Moderate,10.1,2025,12,5,4
2025-06-09,Suezmax,140831,Ras Tanura,Singapore,Crude Oil,3714.8,557.04,89.62,35.39,Moderate,4.5,2025,6,0,2
2025-11-22,Capesize,193160,Port Hedland,Qingdao,Iron Ore,3649.6,704.2,120.57,23.73,Calm,3.6,2025,11,5,4
2025-07-11,Capesize,184073,Santos,Qingdao,Grain,11800.5,594.05,110.74,40.69,Rough Sea,0.5,2025,7,4,3
2026-03-10,Container Post-Panamax,134157,Ningbo,Hamburg,Containerized Freight,10761.2,738.54,98.7,128.78,Calm,3.3,2026,3,1,1
2025-05-31,VLCC,300432,Ras Tanura,Singapore,Crude Oil,3615.6,587.09,127.51,30.04,Calm,2.8,2025,5,5,2
2024-11-11,VLCC,303280,Ras Tanura,Singapore,Crude Oil,3759.1,638.07,103.77,33.58,Rough Sea,9.9,2024,11,0,4
2026-01-08,Panamax,67471,Richards Bay,Rotterdam,Thermal Coal,7183.2,698.55,75.29,48.98,Calm,4.9,2026,1,3,1
2025-11-19,Suezmax,144604,Ras Tanura,Qingdao,Crude Oil,6307.7,661.43,112.41,66.33,Rough Sea,16.9,2025,11,2,4
2025-12-25,VLCC,300536,Ras Tanura,Singapore,Crude Oil,3618.7,683.89,100.44,25.49,Moderate,2.8,2025,12,3,4
2026-03-02,Handysize,39535,Singapore,Dubai,Containerized Freight,3339.7,728.36,104.54,71.08,Rough Sea,1.5,2026,3,0,1
2026-08-21,Supramax,50504,Santos,Rotterdam,Bauxite,5412.1,683.58,89.14,62.47,Rough Sea,0.5,2026,8,4,3
2026-06-17,Panamax,77058,Santos,Rotterdam,Bauxite,5385.1,709.0,103.16,53.38,Stormy,3.2,2026,6,2,2
2023-12-18,Supramax,62214,Santos,Rotterdam,Grain,5499.2,673.91,91.24,57.71,Moderate,1.7,2023,12,0,4
2024-06-19,Capesize,183950,Santos,Qingdao,Grain,11899.8,729.42,116.65,47.39,Calm,6.7,2024,6,2,2
2024-11-03,VLCC,292010,Ras Tanura,Qingdao,Crude Oil,6138.4,607.16,96.51,31.86,Calm,3.7,2024,11,6,4
2024-11-19,Panamax,68143,Richards Bay,Rotterdam,Thermal Coal,7051.8,609.12,103.38,66.07,Stormy,9.4,2024,11,1,4
2026-08-16,Capesize,174836,Newcastle,Mumbai,Thermal Coal,5876.0,678.44,103.32,23.21,Moderate,0.5,2026,8,6,3
2024-09-16,Supramax,54347,Singapore,Dubai,Steel Coils,3397.7,661.14,93.42,48.37,Calm,3.9,2024,9,0,3
2023-12-20,Aframax,95347,Houston,Rotterdam,Refined Petroleum,4797.7,697.66,99.72,56.56,Moderate,7.7,2023,12,2,4
2026-05-08,Container Post-Panamax,116332,Singapore,Dubai,Chemicals,3378.8,722.93,112.86,87.4,Rough Sea,3.5,2026,5,4,2
2025-03-30,Supramax,54324,Singapore,Dubai,Steel Coils,3457.9,590.42,107.56,47.31,Calm,1.8,2025,3,6,1
2026-03-08,Panamax,65522,Newcastle,Mumbai,Thermal Coal,5880.6,750.62,107.93,50.14,Calm,0.7,2026,3,6,1
2024-05-12,Capesize,209623,Tubarao,Qingdao,Iron Ore,11288.0,708.17,99.82,45.23,Calm,9.8,2024,5,6,2
2024-04-29,Aframax,109362,Houston,Rotterdam,Crude Oil,4759.8,742.58,88.17,59.03,Moderate,10.4,2024,4,0,2
2025-12-02,VLCC,319466,Ras Tanura,Singapore,Crude Oil,3668.6,661.33,105.67,21.63,Moderate,0.6,2025,12,1,4
2026-09-19,Handysize,31146,Singapore,Dubai,Containerized Freight,3345.4,608.04,108.8,63.74,Rough Sea,0.6,2026,9,5,3
2024-11-02,LNG Carrier,87989,Ras Laffan,Tokyo,LNG,6648.6,600.52,104.29,109.89,Moderate,1.2,2024,11,5,4
2026-03-03,VLCC,291957,Ras Tanura,Singapore,Crude Oil,3662.5,720.27,111.47,31.21,Rough Sea,0.5,2026,3,1,1
2025-03-29,Container Post-Panamax,132408,Singapore,Dubai,Containerized Freight,3397.8,538.83,101.59,69.48,Calm,3.5,2025,3,5,1
2025-01-14,VLCC,294583,Ras Tanura,Singapore,Crude Oil,3723.6,588.44,90.65,28.49,Stormy,5.1,2025,1,1,1
2026-03-09,Panamax,78000,Santos,Qingdao,Grain,11967.1,712.49,105.32,71.88,Calm,1.3,2026,3,0,1
2025-02-05,Panamax,65088,Richards Bay,Rotterdam,Thermal Coal,7311.4,556.63,89.18,60.3,Monsoon/Tropical Cyclone,3.6,2025,2,2,1
2025-08-19,Capesize,160969,Santos,Qingdao,Grain,11796.4,593.96,114.17,40.66,Calm,3.0,2025,8,1,3
2025-03-18,LNG Carrier,94149,Ras Laffan,Tokyo,LNG,6450.7,576.07,97.18,104.73,Moderate,0.5,2025,3,1,1
2023-11-19,Capesize,200827,Newcastle,Mumbai,Thermal Coal,5775.0,656.35,105.99,28.74,Moderate,3.1,2023,11,6,4
2023-12-12,LNG Carrier,82328,Dampier,Yokohama,LNG,3849.9,710.76,122.55,90.62,Moderate,3.8,2023,12,1,4
2025-08-11,Panamax,82722,Richards Bay,Rotterdam,Thermal Coal,7107.2,566.18,109.01,54.93,Calm,7.3,2025,8,0,3
2025-05-04,VLCC,315109,Ras Tanura,Singapore,Crude Oil,3774.6,554.11,109.32,27.18,Calm,2.1,2025,5,6,2
2024-03-12,Supramax,54142,Singapore,Dubai,Containerized Freight,3349.3,707.67,107.89,50.49,Calm,1.2,2024,3,1,1
2024-06-30,Panamax,67621,Santos,Rotterdam,Grain,5543.3,720.85,96.16,49.43,Moderate,0.7,2024,6,6,2
2026-05-27,Suezmax,160261,Corpus Christi,Antwerp,Crude Oil,4876.5,698.17,98.79,37.33,Calm,1.0,2026,5,2,2
2024-12-07,Capesize,166497,Newcastle,Mumbai,Thermal Coal,6062.5,575.17,84.72,16.79,Moderate,0.5,2024,12,5,4
2025-03-13,Panamax,81747,Santos,Rotterdam,Bauxite,5523.1,584.08,80.25,36.64,Calm,0.7,2025,3,3,1
2025-12-04,Capesize,194710,Port Hedland,Qingdao,Iron Ore,3704.2,680.7,93.99,26.55,Moderate,9.6,2025,12,3,4
2024-03-11,VLCC,317257,Ras Tanura,Singapore,Crude Oil,3651.9,738.7,101.29,30.99,Calm,7.9,2024,3,0,1
2025-12-06,VLCC,314459,Ras Tanura,Singapore,Crude Oil,3658.6,709.85,104.33,29.96,Calm,8.2,2025,12,5,4
2023-12-11,Panamax,66998,Santos,Qingdao,Grain,12110.4,675.54,89.46,68.0,Calm,2.0,2023,12,0,4
2024-02-24,Handysize,37547,Singapore,Dubai,Containerized Freight,3388.9,703.83,79.71,55.62,Calm,2.5,2024,2,5,1
2024-12-21,LNG Carrier,86821,Dampier,Yokohama,LNG,3986.9,606.43,87.95,105.46,Monsoon/Tropical Cyclone,5.2,2024,12,5,4
2025-09-04,Panamax,82982,Santos,Rotterdam,Grain,5393.4,627.98,113.47,44.31,Calm,2.6,2025,9,3,3
2026-05-16,Handysize,36893,Singapore,Dubai,Steel Coils,3458.7,729.15,101.25,71.05,Rough Sea,4.7,2026,5,5,2
2023-10-29,LNG Carrier,72964,Ras Laffan,Tokyo,LNG,6450.9,646.46,121.96,113.73,Moderate,2.3,2023,10,6,4
2026-07-07,Container Post-Panamax,115258,Ningbo,Hamburg,Containerized Freight,10246.8,712.34,105.38,126.53,Calm,1.4,2026,7,1,3
2024-05-14,Capesize,180826,Tubarao,Qingdao,Iron Ore,10988.5,745.22,99.09,43.09,Rough Sea,1.8,2024,5,1,2
2024-08-18,Capesize,206660,Santos,Qingdao,Iron Ore,11805.1,682.86,110.89,43.79,Calm,6.1,2024,8,6,3
2025-05-21,Container Post-Panamax,123405,Shanghai,Los Angeles,Containerized Freight,5812.8,580.22,104.6,89.0,Calm,1.5,2025,5,2,2
2023-10-24,VLCC,289356,Ras Tanura,Qingdao,Crude Oil,6228.4,636.93,102.68,31.27,Calm,1.3,2023,10,1,4
2023-11-27,Panamax,76970,Santos,Rotterdam,Bauxite,5387.5,666.56,103.15,45.16,Moderate,1.0,2023,11,0,4
2025-08-05,Capesize,161460,Dampier,Yokohama,LNG,3877.0,586.86,97.25,22.76,Moderate,3.0,2025,8,1,3
2026-06-08,VLCC,314108,Ras Tanura,Singapore,Crude Oil,3647.5,697.13,92.95,25.41,Moderate,1.2,2026,6,0,2
2023-11-24,Container Post-Panamax,81719,Ningbo,Hamburg,Containerized Freight,10328.3,661.23,101.76,124.44,Moderate,1.1,2023,11,4,4
2026-09-09,Capesize,197867,Dampier,Yokohama,LNG,3872.4,648.21,107.78,23.25,Calm,1.6,2026,9,2,3
2026-05-25,LNG Carrier,89793,Dampier,Yokohama,Iron Ore,3886.9,754.23,109.59,94.91,Calm,3.7,2026,5,0,2
2025-09-20,Container Post-Panamax,92687,Singapore,Dubai,Steel Coils,3311.6,588.06,102.76,71.48,Calm,4.4,2025,9,5,3
2024-04-15,Suezmax,160537,Corpus Christi,Antwerp,Crude Oil,4841.1,737.34,84.35,40.22,Calm,6.7,2024,4,0,2
2025-11-19,Container Post-Panamax,108234,Ningbo,Hamburg,Containerized Freight,10701.0,667.54,122.24,136.37,Calm,6.5,2025,11,2,4
2025-09-06,Handysize,25368,Singapore,Dubai,Chemicals,3431.7,635.08,92.55,76.2,Monsoon/Tropical Cyclone,4.8,2025,9,5,3
2026-03-17,Container Post-Panamax,123065,Singapore,Dubai,Chemicals,3320.8,687.37,104.35,77.9,Calm,2.9,2026,3,1,1
2025-07-02,LNG Carrier,79957,Ras Laffan,Tokyo,LNG,6356.4,567.67,94.99,96.11,Calm,0.6,2025,7,2,3
2025-07-07,Panamax,80220,Santos,Rotterdam,Bauxite,5415.0,574.77,114.74,49.7,Calm,7.8,2025,7,0,3
2025-03-04,Panamax,80009,Tubarao,Qingdao,Iron Ore,11124.0,547.31,107.46,81.63,Monsoon/Tropical Cyclone,7.0,2025,3,1,1
2024-01-11,Capesize,183007,Richards Bay,Rotterdam,Thermal Coal,7089.8,676.95,107.26,26.93,Moderate,0.5,2024,1,3,1
2024-05-24,Capesize,206742,Dampier,Yokohama,Iron Ore,4005.7,702.9,110.98,24.72,Calm,0.5,2024,5,4,2
2024-01-20,Container Post-Panamax,133590,Singapore,Dubai,Steel Coils,3394.0,706.0,90.8,70.83,Calm,1.3,2024,1,5,1
2025-06-18,Supramax,61478,Houston,Rotterdam,Crude Oil,4780.3,595.1,111.66,53.88,Calm,2.9,2025,6,2,2
2024-03-14,Capesize,168298,Santos,Qingdao,Grain,11952.5,678.35,96.75,41.07,Moderate,1.7,2024,3,3,1
2024-02-25,VLCC,282695,Ras Tanura,Qingdao,Crude Oil,6187.3,707.76,110.67,44.99,Moderate,4.4,2024,2,6,1
2024-09-18,Supramax,50588,Santos,Rotterdam,Bauxite,5475.9,635.25,109.3,61.59,Calm,2.8,2024,9,2,3
2026-06-08,VLCC,301788,Ras Tanura,Singapore,Crude Oil,3714.4,753.58,99.98,24.89,Calm,0.5,2026,6,0,2
2026-01-18,Container Post-Panamax,116517,Shanghai,Los Angeles,Containerized Freight,5616.3,725.87,100.18,96.68,Calm,1.5,2026,1,6,1
2025-04-26,Capesize,183670,Port Hedland,Qingdao,Iron Ore,3561.4,533.58,112.41,22.13,Rough Sea,1.5,2025,4,5,2
2024-09-07,Capesize,191013,Tubarao,Qingdao,Bauxite,11245.5,633.21,98.47,39.26,Calm,0.5,2024,9,5,3
2024-06-17,Supramax,57867,Singapore,Dubai,Steel Coils,3425.2,701.91,89.73,47.96,Calm,5.9,2024,6,0,2
2024-05-16,Capesize,197775,Newcastle,Mumbai,Thermal Coal,6039.7,716.51,117.33,36.94,Rough Sea,2.6,2024,5,3,2
2025-02-26,Suezmax,137088,Ras Tanura,Qingdao,Crude Oil,6239.7,546.07,91.94,36.36,Calm,4.6,2025,2,2,1
2026-05-11,Container Post-Panamax,110444,Shanghai,Los Angeles,Containerized Freight,5618.2,708.35,105.69,104.31,Rough Sea,2.2,2026,5,0,2
2024-01-26,Container Post-Panamax,125455,Singapore,Dubai,Steel Coils,3379.6,680.73,93.22,80.23,Rough Sea,1.9,2024,1,4,1
2025-04-26,Container Post-Panamax,98719,Ningbo,Hamburg,Containerized Freight,10552.5,534.01,99.18,122.9,Moderate,2.6,2025,4,5,2
2025-01-29,LNG Carrier,84292,Ras Laffan,Tokyo,LNG,6436.9,565.48,102.07,104.58,Moderate,1.1,2025,1,2,1
2025-09-26,Container Post-Panamax,134645,Shanghai,Los Angeles,Containerized Freight,5745.1,664.26,107.43,89.5,Calm,1.7,2025,9,4,3
2025-02-05,Capesize,200312,Port Hedland,Qingdao,Iron Ore,3625.5,555.28,96.04,26.62,Stormy,9.5,2025,2,2,1
2024-05-29,Capesize,177918,Richards Bay,Rotterdam,Thermal Coal,7255.7,729.64,117.01,34.77,Moderate,3.0,2024,5,2,2
2025-01-23,Aframax,90863,Corpus Christi,Antwerp,Refined Petroleum,4992.3,599.75,75.97,45.69,Calm,2.5,2025,1,3,1
2024-05-21,Container Post-Panamax,108466,Singapore,Dubai,Containerized Freight,3433.1,691.12,106.48,74.07,Calm,0.5,2024,5,1,2
2025-05-22,LNG Carrier,79463,Dampier,Yokohama,LNG,3891.4,547.71,86.75,75.91,Calm,1.5,2025,5,3,2
2023-10-27,Capesize,167337,Richards Bay,Rotterdam,Thermal Coal,7266.1,671.81,112.0,31.27,Moderate,3.6,2023,10,4,4
2024-08-24,Capesize,195863,Richards Bay,Rotterdam,Thermal Coal,7178.8,654.84,96.49,24.93,Moderate,2.7,2024,8,5,3
2025-02-14,Suezmax,144548,Corpus Christi,Antwerp,Crude Oil,4778.3,542.2,91.08,29.37,Calm,2.8,2025,2,4,1
2025-08-03,Suezmax,130068,Ras Tanura,Qingdao,Crude Oil,6126.4,594.94,101.94,54.38,Stormy,7.0,2025,8,6,3
2026-02-20,LNG Carrier,73469,Ras Laffan,Tokyo,LNG,6410.3,724.74,102.19,116.86,Moderate,7.3,2026,2,4,1
2026-01-22,Capesize,178025,Santos,Qingdao,Iron Ore,11530.3,698.68,93.4,35.96,Calm,1.5,2026,1,3,1
2026-04-07,Container Post-Panamax,109315,Shanghai,Los Angeles,Containerized Freight,5727.1,731.97,90.99,130.72,Monsoon/Tropical Cyclone,18.0,2026,4,1,2
2023-10-25,Suezmax,157492,Corpus Christi,Antwerp,Refined Petroleum,4808.3,649.95,116.61,42.24,Moderate,2.6,2023,10,2,4
2024-08-09,Container Post-Panamax,118507,Ningbo,Hamburg,Containerized Freight,10458.2,677.1,112.39,128.74,Calm,2.2,2024,8,4,3
2026-04-17,Container Post-Panamax,81292,Ningbo,Hamburg,Containerized Freight,10536.4,736.13,93.43,127.6,Calm,0.9,2026,4,4,2
2024-08-30,Container Post-Panamax,81259,Singapore,Dubai,Chemicals,3358.5,694.06,109.38,75.44,Moderate,1.1,2024,8,4,3
2025-11-27,Capesize,193632,Port Hedland,Qingdao,Iron Ore,3713.8,660.68,107.52,23.3,Moderate,1.0,2025,11,3,4
2025-09-01,LNG Carrier,75113,Dampier,Yokohama,Iron Ore,4025.6,618.39,102.68,87.18,Moderate,0.7,2025,9,0,3
2024-04-16,Container Post-Panamax,90619,Ningbo,Hamburg,Containerized Freight,10749.3,713.3,110.55,135.7,Moderate,2.5,2024,4,1,2
2025-01-14,Capesize,182982,Santos,Qingdao,Iron Ore,11677.0,598.77,104.47,44.03,Calm,5.6,2025,1,1,1
2023-11-10,Panamax,71934,Tubarao,Qingdao,Bauxite,10994.6,632.18,98.72,70.14,Rough Sea,4.3,2023,11,4,4
2025-04-10,Supramax,57274,Houston,Rotterdam,Refined Petroleum,4864.6,550.62,99.21,59.05,Moderate,9.3,2025,4,3,2
2025-10-31,Panamax,71897,Tubarao,Qingdao,Bauxite,10932.4,686.13,113.12,67.15,Calm,2.2,2025,10,4,4
2025-12-11,Suezmax,163143,Ras Tanura,Singapore,Crude Oil,3715.1,654.72,104.48,49.34,Stormy,8.4,2025,12,3,4
2026-04-14,Suezmax,162146,Ras Tanura,Singapore,Crude Oil,3782.8,704.8,101.64,33.93,Calm,0.5,2026,4,1,2
2024-02-18,Panamax,81225,Santos,Qingdao,Grain,11792.6,711.78,90.14,67.03,Calm,1.1,2024,2,6,1
2026-01-18,Container Post-Panamax,103377,Ningbo,Hamburg,Containerized Freight,10744.7,669.6,72.39,117.19,Calm,0.5,2026,1,6,1
2025-10-26,Aframax,105604,Houston,Rotterdam,Crude Oil,4862.2,649.14,92.41,45.16,Calm,2.9,2025,10,6,4
2024-11-03,Supramax,60560,Singapore,Dubai,Containerized Freight,3379.3,626.19,118.91,48.42,Moderate,4.5,2024,11,6,4
2025-07-14,Suezmax,152235,Corpus Christi,Antwerp,Refined Petroleum,4913.5,614.95,94.22,39.0,Calm,1.9,2025,7,0,3
2024-05-26,VLCC,280607,Ras Tanura,Singapore,Crude Oil,3631.8,733.53,96.26,26.12,Calm,3.1,2024,5,6,2
2024-08-01,Panamax,67127,Tubarao,Qingdao,Bauxite,11492.1,674.43,111.02,69.14,Calm,1.6,2024,8,3,3
2025-12-01,Capesize,205561,Richards Bay,Rotterdam,Thermal Coal,6936.7,675.51,98.11,28.58,Moderate,3.6,2025,12,0,4
2024-11-23,Container Post-Panamax,128995,Ningbo,Hamburg,Containerized Freight,10215.7,669.6,112.03,123.52,Moderate,1.9,2024,11,5,4
2024-01-27,VLCC,313188,Ras Tanura,Qingdao,Crude Oil,6092.8,712.81,96.76,33.39,Moderate,1.6,2024,1,5,1
2026-04-21,LNG Carrier,72396,Dampier,Yokohama,Iron Ore,3916.6,710.33,95.65,110.17,Stormy,6.4,2026,4,1,2
2024-08-15,VLCC,304608,Ras Tanura,Qingdao,Crude Oil,6432.7,685.22,108.63,38.95,Calm,10.3,2024,8,3,3
2025-04-12,Supramax,59256,Santos,Rotterdam,Bauxite,5359.3,563.46,99.7,54.09,Rough Sea,2.5,2025,4,5,2
2024-05-07,LNG Carrier,92558,Ras Laffan,Tokyo,LNG,6725.7,696.7,93.2,110.55,Moderate,1.5,2024,5,1,2
2023-11-11,Container Post-Panamax,94035,Shanghai,Los Angeles,Containerized Freight,5834.6,693.68,98.94,109.58,Stormy,2.1,2023,11,5,4
2025-04-30,VLCC,308941,Ras Tanura,Singapore,Crude Oil,3639.6,618.33,99.03,25.42,Moderate,2.2,2025,4,2,2
2025-01-15,VLCC,311998,Ras Tanura,Qingdao,Crude Oil,6211.5,564.75,93.97,29.51,Moderate,5.6,2025,1,2,1
2024-05-08,Panamax,69720,Tubarao,Qingdao,Bauxite,11238.2,736.34,101.32,72.51,Moderate,6.8,2024,5,2,2
2025-11-02,Container Post-Panamax,111733,Shanghai,Los Angeles,Containerized Freight,5844.5,658.91,112.14,95.39,Calm,4.2,2025,11,6,4
2025-03-24,Panamax,68884,Santos,Qingdao,Grain,11523.2,570.29,98.26,65.9,Moderate,4.2,2025,3,0,1
2023-12-07,Capesize,171913,Port Hedland,Qingdao,Iron Ore,3675.8,697.58,100.19,25.22,Moderate,3.7,2023,12,3,4
2024-03-30,LNG Carrier,81377,Dampier,Yokohama,LNG,3847.9,698.75,80.5,85.83,Moderate,2.5,2024,3,5,1
2025-03-10,Suezmax,146553,Ras Tanura,Qingdao,Crude Oil,6376.1,541.99,83.19,41.09,Rough Sea,2.5,2025,3,0,1
2024-06-03,LNG Carrier,80985,Ras Laffan,Tokyo,LNG,6656.5,722.23,100.78,108.73,Calm,0.9,2024,6,0,2
2025-11-17,Panamax,70454,Santos,Qingdao,Grain,11838.8,634.35,105.63,70.88,Moderate,2.7,2025,11,0,4
2025-03-30,Panamax,68016,Santos,Qingdao,Iron Ore,11885.1,554.78,95.9,70.61,Calm,8.2,2025,3,6,1
2024-06-10,Supramax,63305,Houston,Rotterdam,Chemicals,4857.9,722.22,90.45,54.97,Calm,4.2,2024,6,0,2
2024-02-07,Capesize,198821,Santos,Qingdao,Grain,12054.7,698.94,89.94,45.59,Moderate,11.1,2024,2,2,1
2024-09-21,Suezmax,158256,Corpus Christi,Antwerp,Crude Oil,4982.3,657.63,111.51,42.99,Calm,0.9,2024,9,5,3
2024-11-03,Panamax,76395,Santos,Rotterdam,Bauxite,5554.1,601.33,97.21,42.7,Rough Sea,0.5,2024,11,6,4
2025-04-15,Panamax,81016,Santos,Qingdao,Grain,11498.1,546.8,80.62,61.21,Calm,6.7,2025,4,1,2
2026-01-04,Panamax,84106,Richards Bay,Rotterdam,Thermal Coal,7089.9,720.9,92.62,59.5,Rough Sea,4.3,2026,1,6,1
2024-01-06,Suezmax,147267,Ras Tanura,Qingdao,Crude Oil,6249.6,676.33,110.01,62.76,Monsoon/Tropical Cyclone,5.5,2024,1,5,1
2025-09-22,Capesize,196327,Santos,Qingdao,Grain,12120.3,610.87,108.86,42.7,Moderate,1.7,2025,9,0,3
2024-06-14,Container Post-Panamax,127262,Shanghai,Los Angeles,Containerized Freight,5814.7,719.68,98.52,89.64,Calm,0.5,2024,6,4,2
2025-06-08,Aframax,104172,Houston,Rotterdam,Refined Petroleum,4713.9,575.34,99.31,53.71,Calm,9.3,2025,6,6,2
2023-10-12,LNG Carrier,77921,Ras Laffan,Tokyo,LNG,6510.2,648.9,114.31,107.65,Calm,0.5,2023,10,3,4
2024-02-29,Suezmax,149791,Houston,Rotterdam,Refined Petroleum,4952.6,743.02,103.6,50.69,Rough Sea,3.9,2024,2,3,1
2026-07-28,Supramax,59031,Santos,Rotterdam,Grain,5410.9,684.79,96.47,58.23,Rough Sea,3.9,2026,7,1,3
2024-04-04,Supramax,64283,Santos,Rotterdam,Grain,5433.7,747.35,86.49,63.88,Moderate,8.0,2024,4,3,2
2024-01-08,Container Post-Panamax,80783,Shanghai,Los Angeles,Containerized Freight,5804.2,713.97,105.25,108.38,Rough Sea,3.5,2024,1,0,1
2024-12-13,Container Post-Panamax,97257,Ningbo,Hamburg,Containerized Freight,10773.8,615.67,103.93,129.81,Calm,6.6,2024,12,4,4
2026-05-05,Panamax,84752,Santos,Rotterdam,Bauxite,5593.1,709.23,86.38,47.84,Moderate,5.6,2026,5,1,2
2025-02-14,Capesize,176671,Newcastle,Mumbai,Thermal Coal,5929.7,590.19,106.94,27.23,Calm,0.5,2025,2,4,1
2025-05-17,Capesize,184981,Tubarao,Qingdao,Bauxite,11343.1,568.37,99.57,35.53,Calm,1.1,2025,5,5,2
2026-03-07,Capesize,180698,Port Hedland,Qingdao,Iron Ore,3735.8,689.32,97.63,16.33,Moderate,0.5,2026,3,5,1
2024-04-08,LNG Carrier,88984,Ras Laffan,Tokyo,LNG,6412.1,704.27,99.03,105.55,Calm,3.8,2024,4,0,2
2025-01-01,LNG Carrier,82652,Dampier,Yokohama,Iron Ore,3852.9,577.33,97.51,88.68,Calm,13.5,2025,1,2,1
2026-08-25,Panamax,82060,Richards Bay,Rotterdam,Thermal Coal,6917.7,645.31,106.64,57.75,Calm,8.6,2026,8,1,3
2024-09-09,Panamax,68151,Tubarao,Qingdao,Iron Ore,11300.9,650.01,123.31,68.51,Calm,4.8,2024,9,0,3
2024-10-13,LNG Carrier,77612,Ras Laffan,Tokyo,LNG,6741.9,601.0,106.73,108.1,Calm,2.1,2024,10,6,4
2025-11-30,Supramax,62755,Singapore,Dubai,Steel Coils,3387.1,661.89,108.49,47.01,Moderate,2.3,2025,11,6,4
2025-11-01,LNG Carrier,82374,Ras Laffan,Tokyo,LNG,6471.0,611.45,115.34,113.54,Moderate,5.9,2025,11,5,4
2025-04-20,Suezmax,146092,Ras Tanura,Qingdao,Crude Oil,6190.6,558.75,104.38,41.96,Moderate,1.8,2025,4,6,2
2024-11-24,Panamax,66949,Santos,Rotterdam,Grain,5586.1,573.53,114.51,61.66,Stormy,5.8,2024,11,6,4
2024-06-30,Container Post-Panamax,84106,Ningbo,Hamburg,Containerized Freight,10414.7,654.99,95.24,123.49,Calm,1.6,2024,6,6,2
2023-12-28,Panamax,69283,Richards Bay,Rotterdam,Thermal Coal,7261.0,684.85,99.33,51.77,Moderate,5.5,2023,12,3,4
2025-05-11,Aframax,89404,Corpus Christi,Antwerp,Crude Oil,5023.0,574.79,93.79,47.79,Rough Sea,0.5,2025,5,6,2
2024-06-25,VLCC,308598,Ras Tanura,Qingdao,Crude Oil,6238.4,679.73,100.52,37.25,Rough Sea,4.0,2024,6,1,2
2025-03-10,Capesize,162421,Port Hedland,Qingdao,Iron Ore,3679.2,562.52,107.97,30.55,Moderate,6.8,2025,3,0,1
2026-09-18,VLCC,287452,Ras Tanura,Singapore,Crude Oil,3684.4,644.27,106.56,26.36,Rough Sea,0.5,2026,9,4,3
2026-04-07,Supramax,51151,Houston,Rotterdam,Chemicals,4803.7,723.77,106.69,56.72,Calm,1.3,2026,4,1,2
2025-12-19,Container Post-Panamax,91264,Shanghai,Los Angeles,Containerized Freight,5577.5,681.95,123.53,98.25,Moderate,4.3,2025,12,4,4
2025-02-04,Container Post-Panamax,107659,Ningbo,Hamburg,Containerized Freight,10359.9,569.54,104.57,122.79,Calm,1.6,2025,2,1,1
2025-10-21,Capesize,178312,Port Hedland,Qingdao,Iron Ore,3606.9,634.31,109.13,22.56,Calm,4.3,2025,10,1,4
2025-12-29,Panamax,78509,Santos,Qingdao,Iron Ore,11825.9,664.41,101.37,69.51,Calm,4.8,2025,12,0,4
2024-02-10,Panamax,73984,Richards Bay,Rotterdam,Thermal Coal,7106.8,704.53,116.79,57.2,Moderate,3.8,2024,2,5,1
2026-01-20,Capesize,166582,Tubarao,Qingdao,Bauxite,11518.1,685.09,90.35,36.94,Calm,2.5,2026,1,1,1
2024-06-10,Suezmax,158096,Houston,Rotterdam,Chemicals,4880.3,729.09,94.58,38.77,Calm,0.9,2024,6,0,2
2024-06-02,VLCC,318880,Ras Tanura,Qingdao,Crude Oil,6324.8,726.92,93.62,32.4,Moderate,5.4,2024,6,6,2
2025-05-04,Capesize,165769,Port Hedland,Qingdao,Iron Ore,3725.9,579.28,100.15,38.96,Stormy,14.0,2025,5,6,2
2026-07-31,Container Post-Panamax,92981,Ningbo,Hamburg,Containerized Freight,10715.6,694.75,99.95,127.83,Moderate,1.4,2026,7,4,3
2026-07-08,Panamax,68622,Richards Bay,Rotterdam,Thermal Coal,6999.1,710.91,103.19,53.43,Calm,0.9,2026,7,2,3
2025-02-24,Handysize,34148,Singapore,Dubai,Containerized Freight,3480.4,576.98,103.97,56.66,Calm,1.8,2025,2,0,1
2024-03-29,Suezmax,159031,Ras Tanura,Qingdao,Crude Oil,6104.5,734.53,106.94,54.44,Calm,12.6,2024,3,4,1
2023-10-21,Suezmax,147315,Corpus Christi,Antwerp,Refined Petroleum,4817.9,634.32,88.07,36.74,Moderate,1.3,2023,10,5,4
2025-12-02,Supramax,60579,Singapore,Dubai,Steel Coils,3324.8,639.11,93.15,42.26,Calm,0.5,2025,12,1,4
2024-05-24,LNG Carrier,75110,Dampier,Yokohama,LNG,4062.0,692.43,99.59,82.72,Calm,0.9,2024,5,4,2
2025-03-07,Capesize,180464,Dampier,Yokohama,Iron Ore,3841.0,536.16,95.22,30.58,Calm,9.9,2025,3,4,1
2025-02-25,Container Post-Panamax,120416,Shanghai,Los Angeles,Containerized Freight,5642.7,543.03,114.74,95.26,Rough Sea,4.1,2025,2,1,1
2025-11-23,Capesize,188357,Tubarao,Qingdao,Bauxite,11514.9,676.33,105.06,49.12,Moderate,7.8,2025,11,6,4
2025-09-26,Container Post-Panamax,100721,Ningbo,Hamburg,Containerized Freight,10463.5,617.25,120.47,138.23,Rough Sea,2.8,2025,9,4,3
2025-03-20,Container Post-Panamax,113329,Singapore,Dubai,Steel Coils,3424.5,576.58,100.87,66.2,Moderate,0.8,2025,3,3,1
2024-07-31,Capesize,202428,Newcastle,Mumbai,Thermal Coal,5727.4,701.73,123.98,40.31,Stormy,6.8,2024,7,2,3
2024-04-28,Aframax,87463,Corpus Christi,Antwerp,Crude Oil,4894.9,679.56,102.85,57.42,Rough Sea,5.6,2024,4,6,2
2026-04-25,Container Post-Panamax,132579,Ningbo,Hamburg,Containerized Freight,10736.1,684.69,88.51,119.49,Calm,1.6,2026,4,5,2
2025-04-17,Suezmax,151951,Ras Tanura,Singapore,Crude Oil,3805.6,565.05,92.77,27.6,Calm,0.9,2025,4,3,2
2026-06-25,VLCC,281086,Ras Tanura,Qingdao,Crude Oil,6238.3,728.55,98.2,37.86,Moderate,1.8,2026,6,3,2
2026-07-21,Panamax,76705,Tubarao,Qingdao,Bauxite,11379.6,697.73,105.13,66.46,Calm,1.8,2026,7,1,3
2025-02-08,Panamax,67919,Newcastle,Mumbai,Thermal Coal,5728.7,601.12,101.83,49.51,Rough Sea,4.5,2025,2,5,1
2025-12-07,Capesize,178489,Newcastle,Mumbai,Thermal Coal,5727.7,656.36,77.68,15.66,Calm,0.5,2025,12,6,4
2026-09-18,Suezmax,148030,Ras Tanura,Qingdao,Crude Oil,6265.1,651.54,119.0,61.4,Rough Sea,11.2,2026,9,4,3
2024-01-08,Supramax,54466,Singapore,Dubai,Steel Coils,3415.7,711.34,78.28,52.25,Calm,9.7,2024,1,0,1
2025-10-25,Capesize,191464,Tubarao,Qingdao,Iron Ore,11119.3,639.36,92.88,31.84,Calm,1.4,2025,10,5,4
2024-12-01,Container Post-Panamax,96172,Shanghai,Los Angeles,Containerized Freight,5709.2,574.13,101.82,97.34,Moderate,8.2,2024,12,6,4
2026-06-13,Suezmax,160915,Houston,Rotterdam,Crude Oil,4823.4,729.73,102.16,37.52,Calm,0.5,2026,6,5,2
2026-01-07,Capesize,206238,Port Hedland,Qingdao,Iron Ore,3602.4,682.69,95.76,23.52,Moderate,5.4,2026,1,2,1
2024-10-22,Capesize,169511,Newcastle,Mumbai,Thermal Coal,5772.6,607.29,119.27,39.31,Calm,10.9,2024,10,1,4
2023-10-10,Container Post-Panamax,118669,Ningbo,Hamburg,Containerized Freight,10775.8,649.75,107.41,141.28,Rough Sea,0.5,2023,10,1,4
2024-09-01,Panamax,75501,Tubarao,Qingdao,Bauxite,11430.9,666.04,106.3,66.38,Calm,1.8,2024,9,6,3
2025-06-21,Suezmax,136179,Ras Tanura,Singapore,Crude Oil,3666.2,626.43,100.65,33.64,Calm,5.9,2025,6,5,2
2026-06-09,Capesize,183936,Tubarao,Qingdao,Bauxite,11210.3,711.92,106.8,40.6,Moderate,2.7,2026,6,1,2
2023-11-12,Capesize,205269,Newcastle,Mumbai,Thermal Coal,5981.7,660.83,110.53,33.59,Moderate,6.9,2023,11,6,4
2026-03-17,LNG Carrier,81939,Ras Laffan,Tokyo,LNG,6444.3,667.35,97.62,101.54,Calm,0.6,2026,3,1,1
2024-12-29,Container Post-Panamax,118790,Ningbo,Hamburg,Containerized Freight,10570.9,590.3,97.63,121.36,Moderate,1.4,2024,12,6,4
2026-04-24,Panamax,81653,Santos,Qingdao,Grain,11785.6,721.85,101.25,67.09,Moderate,3.1,2026,4,4,2
2024-11-16,Supramax,54918,Santos,Rotterdam,Grain,5547.1,590.45,101.87,58.89,Rough Sea,1.5,2024,11,5,4
2025-10-15,Supramax,60487,Houston,Rotterdam,Chemicals,4725.7,636.52,121.08,73.13,Stormy,10.9,2025,10,2,4
2024-10-10,Suezmax,152432,Ras Tanura,Qingdao,Crude Oil,6153.0,658.76,110.99,48.12,Rough Sea,0.5,2024,10,3,4
2025-01-08,Container Post-Panamax,94702,Ningbo,Hamburg,Containerized Freight,10729.7,577.39,89.24,124.74,Moderate,3.0,2025,1,2,1
2026-03-05,Panamax,79842,Tubarao,Qingdao,Bauxite,11408.9,699.72,97.36,72.98,Calm,6.9,2026,3,3,1
2025-03-18,Capesize,189467,Dampier,Yokohama,Iron Ore,3895.8,553.83,111.26,29.63,Rough Sea,7.2,2025,3,1,1
2023-11-26,Suezmax,158233,Corpus Christi,Antwerp,Crude Oil,4845.0,667.45,109.46,36.38,Calm,1.2,2023,11,6,4
2024-11-29,LNG Carrier,87633,Dampier,Yokohama,LNG,3854.2,568.81,111.06,90.33,Rough Sea,2.4,2024,11,4,4
2026-05-02,Panamax,78731,Santos,Qingdao,Iron Ore,11860.2,700.85,100.59,64.32,Calm,1.0,2026,5,5,2
2024-11-05,Capesize,179295,Port Hedland,Qingdao,Iron Ore,3541.0,617.02,115.28,24.75,Calm,3.1,2024,11,1,4
2024-08-09,Capesize,207097,Tubarao,Qingdao,Iron Ore,11084.7,668.45,106.09,35.54,Moderate,1.3,2024,8,4,3
2024-01-12,LNG Carrier,76740,Ras Laffan,Tokyo,LNG,6490.9,681.53,96.77,116.45,Rough Sea,4.7,2024,1,4,1
2026-07-24,Capesize,165021,Richards Bay,Rotterdam,Thermal Coal,6893.1,704.72,98.11,36.97,Monsoon/Tropical Cyclone,2.5,2026,7,4,3
2026-05-09,Capesize,174834,Tubarao,Qingdao,Bauxite,11528.8,718.32,84.66,55.4,Monsoon/Tropical Cyclone,7.5,2026,5,5,2
2024-12-31,Suezmax,132817,Houston,Rotterdam,Refined Petroleum,4905.1,612.5,115.65,44.6,Calm,3.3,2024,12,1,4
2025-08-11,Capesize,160946,Port Hedland,Qingdao,Iron Ore,3692.8,600.44,99.55,25.44,Moderate,4.3,2025,8,0,3
2024-10-04,Capesize,199852,Port Hedland,Qingdao,Iron Ore,3550.4,617.83,116.04,33.15,Calm,7.9,2024,10,4,4
2025-03-26,VLCC,294470,Ras Tanura,Qingdao,Crude Oil,6410.4,594.23,108.9,46.57,Monsoon/Tropical Cyclone,7.5,2025,3,2,1
2026-07-17,Container Post-Panamax,132082,Shanghai,Los Angeles,Containerized Freight,5798.8,676.06,91.25,90.93,Calm,6.0,2026,7,4,3
2025-06-17,Suezmax,134042,Corpus Christi,Antwerp,Crude Oil,5046.8,570.39,107.17,41.52,Moderate,1.3,2025,6,1,2
2025-07-03,Panamax,80762,Santos,Rotterdam,Grain,5379.1,600.02,103.58,41.51,Moderate,3.8,2025,7,3,3
2026-04-24,Capesize,165643,Newcastle,Mumbai,Thermal Coal,6030.0,715.41,80.58,28.32,Calm,6.5,2026,4,4,2
2024-02-03,Suezmax,164670,Ras Tanura,Singapore,Crude Oil,3623.9,697.97,101.42,35.34,Calm,0.7,2024,2,5,1
2024-08-31,Panamax,73756,Santos,Qingdao,Iron Ore,12027.9,669.13,90.68,73.35,Moderate,5.3,2024,8,5,3
2025-10-16,Panamax,84736,Richards Bay,Rotterdam,Thermal Coal,7044.4,655.36,117.06,48.68,Calm,2.3,2025,10,3,4
2026-05-06,Aframax,91853,Houston,Rotterdam,Refined Petroleum,4776.6,722.42,115.41,58.4,Moderate,2.4,2026,5,2,2
2025-12-13,Supramax,59895,Santos,Rotterdam,Grain,5592.5,666.55,95.42,66.65,Rough Sea,6.6,2025,12,5,4
2025-03-17,Supramax,50818,Singapore,Dubai,Containerized Freight,3494.2,552.88,82.13,41.0,Rough Sea,3.1,2025,3,0,1
2025-03-28,Supramax,58066,Santos,Rotterdam,Grain,5464.8,544.34,88.54,51.56,Calm,4.9,2025,3,4,1
2025-11-17,VLCC,282288,Ras Tanura,Qingdao,Crude Oil,6238.1,705.49,96.7,38.72,Moderate,4.3,2025,11,0,4
2026-01-22,Aframax,98026,Houston,Rotterdam,Refined Petroleum,4982.7,726.44,102.74,65.31,Stormy,3.8,2026,1,3,1
2025-12-02,Container Post-Panamax,87993,Shanghai,Los Angeles,Containerized Freight,5571.9,676.64,87.18,94.06,Moderate,7.7,2025,12,1,4
2023-10-11,LNG Carrier,83603,Ras Laffan,Tokyo,LNG,6593.1,607.91,105.82,106.04,Calm,2.9,2023,10,2,4
2025-04-01,LNG Carrier,83432,Ras Laffan,Tokyo,LNG,6510.5,567.94,109.16,105.58,Calm,1.8,2025,4,1,2
2025-02-04,Capesize,174233,Tubarao,Qingdao,Bauxite,11444.7,579.84,100.8,38.02,Rough Sea,0.5,2025,2,1,1
2025-10-10,Suezmax,158140,Ras Tanura,Qingdao,Crude Oil,6186.6,673.86,110.13,47.36,Rough Sea,3.0,2025,10,4,4
2026-09-10,Capesize,170296,Port Hedland,Qingdao,Iron Ore,3656.9,643.32,118.84,33.01,Moderate,5.8,2026,9,3,3
2024-02-06,Capesize,175218,Richards Bay,Rotterdam,Thermal Coal,7222.4,724.33,108.18,30.29,Moderate,1.1,2024,2,1,1
2026-08-10,Container Post-Panamax,119093,Ningbo,Hamburg,Containerized Freight,10744.0,659.07,107.17,129.55,Calm,4.4,2026,8,0,3
2026-01-23,Supramax,53778,Houston,Rotterdam,Chemicals,4898.3,698.46,101.43,58.42,Calm,0.6,2026,1,4,1
2025-05-06,Container Post-Panamax,102624,Shanghai,Los Angeles,Containerized Freight,5866.8,576.2,121.94,91.89,Calm,2.3,2025,5,1,2
2025-04-28,Aframax,97536,Corpus Christi,Antwerp,Refined Petroleum,5044.1,536.35,102.46,48.49,Calm,1.9,2025,4,0,2
2023-10-15,Supramax,56705,Houston,Rotterdam,Refined Petroleum,4833.6,656.94,83.2,56.24,Calm,10.5,2023,10,6,4
2024-05-18,Container Post-Panamax,93390,Ningbo,Hamburg,Containerized Freight,10390.1,715.18,103.56,121.06,Calm,0.7,2024,5,5,2
2026-09-18,Aframax,80558,Houston,Rotterdam,Chemicals,4862.5,645.82,109.57,51.0,Calm,4.4,2026,9,4,3
2024-07-26,Handysize,36092,Singapore,Dubai,Chemicals,3389.5,672.36,89.99,70.75,Stormy,4.5,2024,7,4,3
2024-05-19,Suezmax,159173,Ras Tanura,Qingdao,Crude Oil,6372.4,717.31,100.78,50.33,Calm,5.6,2024,5,6,2
2024-07-16,Capesize,169946,Tubarao,Qingdao,Iron Ore,11225.9,706.14,97.76,33.71,Calm,2.5,2024,7,1,3
2026-05-06,Suezmax,163025,Corpus Christi,Antwerp,Crude Oil,4958.1,700.7,90.45,39.47,Calm,0.5,2026,5,2,2
2024-11-03,Capesize,200536,Port Hedland,Qingdao,Iron Ore,3759.0,593.6,112.59,21.76,Moderate,0.5,2024,11,6,4
2024-02-18,Handysize,38116,Singapore,Dubai,Containerized Freight,3362.5,669.54,84.17,66.86,Stormy,3.2,2024,2,6,1
2026-08-31,Container Post-Panamax,82460,Ningbo,Hamburg,Containerized Freight,10496.5,707.74,87.81,125.39,Calm,0.5,2026,8,0,3
2025-10-11,Supramax,53675,Santos,Rotterdam,Bauxite,5506.5,658.79,114.33,56.62,Calm,0.5,2025,10,5,4
2024-08-26,Suezmax,147763,Ras Tanura,Qingdao,Crude Oil,6077.6,672.65,105.38,51.25,Rough Sea,6.2,2024,8,0,3
2024-09-08,LNG Carrier,89235,Ras Laffan,Tokyo,LNG,6554.9,628.84,115.07,114.22,Moderate,2.5,2024,9,6,3
2024-07-09,Capesize,205373,Richards Bay,Rotterdam,Thermal Coal,7130.8,695.03,107.62,33.54,Stormy,2.5,2024,7,1,3
2025-01-16,Capesize,206925,Newcastle,Mumbai,Thermal Coal,5963.2,573.83,101.41,24.34,Moderate,0.9,2025,1,3,1
2024-09-30,LNG Carrier,74619,Ras Laffan,Tokyo,LNG,6378.8,677.74,86.99,107.53,Moderate,5.8,2024,9,0,3
2025-02-16,Capesize,164307,Dampier,Yokohama,LNG,3990.2,572.52,112.28,28.98,Moderate,6.7,2025,2,6,1
2024-08-08,Supramax,62131,Houston,Rotterdam,Crude Oil,4851.4,711.61,91.67,61.1,Calm,6.4,2024,8,3,3
2026-06-01,Capesize,187135,Port Hedland,Qingdao,Iron Ore,3748.5,701.73,95.41,27.88,Calm,10.2,2026,6,0,2
2023-10-22,Panamax,77637,Newcastle,Mumbai,Thermal Coal,6062.3,610.63,111.93,47.33,Moderate,1.3,2023,10,6,4
2024-04-07,Capesize,209241,Port Hedland,Qingdao,Iron Ore,3663.5,742.87,99.23,24.74,Rough Sea,3.3,2024,4,6,2
2026-07-14,VLCC,300673,Ras Tanura,Singapore,Crude Oil,3808.7,665.28,103.93,23.07,Moderate,1.2,2026,7,1,3
2024-11-01,Panamax,66286,Santos,Rotterdam,Grain,5290.2,614.08,104.48,47.89,Calm,5.5,2024,11,4,4
2024-03-06,Capesize,203250,Santos,Qingdao,Grain,11767.8,708.16,102.86,47.6,Stormy,8.1,2024,3,2,1
2024-04-15,Container Post-Panamax,108736,Shanghai,Los Angeles,Containerized Freight,5696.8,705.82,100.48,99.95,Calm,12.1,2024,4,0,2
2024-12-24,Capesize,182506,Port Hedland,Qingdao,Iron Ore,3620.7,598.62,97.08,24.93,Moderate,4.0,2024,12,1,4
2024-11-20,Capesize,202440,Santos,Qingdao,Iron Ore,12089.7,573.23,92.55,37.49,Moderate,3.2,2024,11,2,4
2024-06-13,Container Post-Panamax,98321,Shanghai,Los Angeles,Containerized Freight,5837.9,734.85,103.18,93.03,Calm,1.3,2024,6,3,2
2023-10-13,VLCC,287796,Ras Tanura,Singapore,Crude Oil,3700.0,642.28,105.95,36.88,Monsoon/Tropical Cyclone,4.9,2023,10,4,4
2024-08-20,Panamax,84864,Newcastle,Mumbai,Thermal Coal,6031.0,652.32,110.26,46.27,Calm,0.5,2024,8,1,3
2026-05-09,Panamax,77509,Santos,Rotterdam,Grain,5392.3,734.83,109.01,45.86,Calm,1.1,2026,5,5,2
2023-11-17,Capesize,199208,Richards Bay,Rotterdam,Thermal Coal,7023.9,662.12,116.38,30.66,Calm,2.8,2023,11,4,4
2026-09-20,Suezmax,148304,Corpus Christi,Antwerp,Crude Oil,5020.3,663.21,94.32,40.15,Calm,0.5,2026,9,6,3
2025-01-03,Aframax,100027,Houston,Rotterdam,Refined Petroleum,4741.8,603.93,100.24,59.5,Moderate,13.4,2025,1,4,1
2025-10-27,Aframax,108537,Houston,Rotterdam,Crude Oil,4889.2,628.9,123.23,58.67,Moderate,2.6,2025,10,0,4
2025-09-23,Capesize,193626,Port Hedland,Qingdao,Iron Ore,3648.0,659.25,104.31,21.85,Rough Sea,0.5,2025,9,1,3
2024-07-03,VLCC,307710,Ras Tanura,Qingdao,Crude Oil,6244.5,654.29,105.15,36.15,Rough Sea,1.2,2024,7,2,3
2024-08-07,Handysize,31791,Singapore,Dubai,Steel Coils,3347.2,644.3,101.49,59.82,Moderate,0.5,2024,8,2,3
2024-06-07,Panamax,72304,Tubarao,Qingdao,Iron Ore,11406.5,703.64,101.62,67.7,Calm,2.2,2024,6,4,2
2024-01-29,Suezmax,130168,Ras Tanura,Qingdao,Crude Oil,6194.4,726.91,94.26,41.26,Moderate,0.5,2024,1,0,1
2026-08-30,Supramax,57043,Santos,Rotterdam,Grain,5559.9,661.02,107.29,61.36,Moderate,0.6,2026,8,6,3
2024-03-11,Supramax,52648,Houston,Rotterdam,Refined Petroleum,4850.5,677.36,108.54,60.64,Rough Sea,0.5,2024,3,0,1
2024-07-01,Suezmax,143855,Corpus Christi,Antwerp,Refined Petroleum,4845.2,721.78,105.26,43.74,Moderate,2.6,2024,7,0,3
2025-01-25,Aframax,113853,Corpus Christi,Antwerp,Refined Petroleum,4801.8,552.2,91.38,48.19,Moderate,5.6,2025,1,5,1
2026-08-17,Capesize,170802,Richards Bay,Rotterdam,Thermal Coal,7101.6,661.7,92.82,42.58,Moderate,18.0,2026,8,0,3
2024-02-25,Panamax,82432,Tubarao,Qingdao,Bauxite,11289.4,732.91,96.94,79.79,Rough Sea,11.2,2024,2,6,1
2025-08-20,Capesize,166992,Port Hedland,Qingdao,Iron Ore,3550.4,611.57,79.74,15.93,Calm,2.2,2025,8,2,3
2025-04-02,Capesize,181085,Newcastle,Mumbai,Thermal Coal,5971.5,561.14,90.15,23.8,Calm,4.2,2025,4,2,2
2025-04-17,Supramax,60712,Houston,Rotterdam,Chemicals,4778.8,559.67,120.1,70.09,Monsoon/Tropical Cyclone,8.3,2025,4,3,2
2024-05-14,Container Post-Panamax,129764,Ningbo,Hamburg,Containerized Freight,10651.9,673.45,101.56,125.35,Calm,3.3,2024,5,1,2
2024-02-01,Suezmax,158915,Ras Tanura,Singapore,Crude Oil,3648.1,676.64,79.96,30.78,Rough Sea,2.4,2024,2,3,1
2025-04-12,Container Post-Panamax,134886,Ningbo,Hamburg,Containerized Freight,10561.4,546.02,97.32,149.09,Monsoon/Tropical Cyclone,6.2,2025,4,5,2
2025-02-21,Supramax,54948,Santos,Rotterdam,Grain,5449.6,562.88,96.6,56.8,Moderate,5.7,2025,2,4,1
2025-11-13,Suezmax,151771,Houston,Rotterdam,Refined Petroleum,4761.3,676.21,97.16,38.38,Calm,4.0,2025,11,3,4
2026-07-10,Suezmax,157650,Houston,Rotterdam,Refined Petroleum,4725.4,662.39,89.22,46.37,Monsoon/Tropical Cyclone,5.7,2026,7,4,3
2024-03-21,Container Post-Panamax,107921,Singapore,Dubai,Containerized Freight,3405.2,725.47,103.67,99.63,Monsoon/Tropical Cyclone,1.9,2024,3,3,1
2026-04-27,Aframax,93080,Corpus Christi,Antwerp,Refined Petroleum,4775.5,718.24,93.31,52.42,Calm,2.2,2026,4,0,2
2026-07-16,Handysize,35769,Singapore,Dubai,Chemicals,3372.8,684.4,90.8,61.06,Moderate,0.7,2026,7,3,3
2026-05-27,LNG Carrier,82885,Ras Laffan,Tokyo,LNG,6445.9,715.43,97.23,108.95,Moderate,0.5,2026,5,2,2
2026-06-04,Container Post-Panamax,99943,Singapore,Dubai,Chemicals,3352.7,698.75,109.03,72.87,Calm,0.5,2026,6,3,2
2025-04-03,Panamax,78578,Santos,Qingdao,Grain,11841.4,579.84,94.12,72.66,Rough Sea,8.2,2025,4,3,2
2023-12-20,Container Post-Panamax,111792,Shanghai,Los Angeles,Containerized Freight,5791.0,706.69,113.98,102.28,Calm,8.7,2023,12,2,4
2025-04-19,LNG Carrier,84530,Dampier,Yokohama,Iron Ore,3838.2,598.7,95.95,91.58,Rough Sea,2.3,2025,4,5,2
2026-03-07,Capesize,166659,Port Hedland,Qingdao,Iron Ore,3558.2,681.22,81.5,16.6,Calm,2.2,2026,3,5,1
2026-01-14,Suezmax,137915,Houston,Rotterdam,Crude Oil,4956.4,707.59,87.36,32.95,Calm,0.5,2026,1,2,1
2023-10-14,Handysize,34301,Singapore,Dubai,Containerized Freight,3480.2,624.48,111.3,69.84,Rough Sea,0.5,2023,10,5,4
2024-01-21,Supramax,59364,Houston,Rotterdam,Crude Oil,4915.6,743.02,89.04,58.98,Rough Sea,0.5,2024,1,6,1
2026-04-26,Aframax,110534,Houston,Rotterdam,Refined Petroleum,4881.0,692.63,105.56,51.23,Calm,2.9,2026,4,6,2
2024-12-02,Container Post-Panamax,89379,Shanghai,Los Angeles,Containerized Freight,5797.6,554.63,98.9,84.79,Calm,0.5,2024,12,0,4
2026-08-19,Capesize,186974,Newcastle,Mumbai,Thermal Coal,5848.0,661.49,97.28,23.23,Moderate,1.5,2026,8,2,3
2025-12-03,VLCC,280734,Ras Tanura,Qingdao,Crude Oil,6075.9,649.04,118.74,37.82,Calm,2.9,2025,12,2,4
2024-12-30,Supramax,51472,Santos,Rotterdam,Grain,5569.0,571.01,111.32,57.3,Calm,0.8,2024,12,0,4
2024-07-27,Container Post-Panamax,119411,Ningbo,Hamburg,Containerized Freight,10417.1,669.08,104.27,124.95,Calm,2.7,2024,7,5,3
2025-07-26,Panamax,75317,Richards Bay,Rotterdam,Thermal Coal,6952.4,571.37,97.21,52.68,Moderate,5.9,2025,7,5,3
2026-02-20,LNG Carrier,84961,Ras Laffan,Tokyo,LNG,6421.7,717.6,88.32,115.24,Rough Sea,1.8,2026,2,4,1
2024-08-17,Container Post-Panamax,134436,Ningbo,Hamburg,Containerized Freight,10222.7,666.92,102.71,143.49,Stormy,1.9,2024,8,5,3
2025-01-04,VLCC,307493,Ras Tanura,Qingdao,Crude Oil,6095.0,567.26,82.16,23.72,Calm,1.7,2025,1,5,1
2026-02-03,Container Post-Panamax,82794,Shanghai,Los Angeles,Containerized Freight,5725.6,725.49,85.14,93.67,Calm,0.5,2026,2,1,1
2026-07-11,Capesize,174101,Santos,Qingdao,Iron Ore,11634.7,716.83,98.8,40.01,Rough Sea,4.1,2026,7,5,3
2026-03-11,VLCC,305907,Ras Tanura,Qingdao,Crude Oil,6251.6,710.18,97.67,27.56,Calm,0.6,2026,3,2,1
2025-03-19,Panamax,73594,Santos,Rotterdam,Grain,5311.8,555.9,96.3,38.38,Calm,1.5,2025,3,2,1
2024-05-10,Suezmax,131028,Corpus Christi,Antwerp,Refined Petroleum,4873.4,708.02,104.27,43.65,Rough Sea,0.5,2024,5,4,2
2025-08-08,Suezmax,133760,Ras Tanura,Qingdao,Crude Oil,6103.7,604.78,86.31,35.56,Calm,0.6,2025,8,4,3
2024-06-16,Panamax,76915,Santos,Rotterdam,Grain,5565.1,729.07,104.89,51.81,Calm,8.1,2024,6,6,2
2026-02-12,Suezmax,158461,Houston,Rotterdam,Refined Petroleum,4906.7,693.12,69.55,50.19,Calm,18.0,2026,2,3,1
2025-02-05,Capesize,194971,Richards Bay,Rotterdam,Thermal Coal,6906.3,594.96,112.35,32.47,Moderate,4.4,2025,2,2,1
2025-05-27,Supramax,57507,Singapore,Dubai,Steel Coils,3305.6,564.11,111.65,42.97,Moderate,0.6,2025,5,1,2
2025-10-19,Container Post-Panamax,119202,Shanghai,Los Angeles,Containerized Freight,5533.5,630.99,106.5,108.52,Stormy,4.7,2025,10,6,4
2026-04-28,Capesize,184742,Tubarao,Qingdao,Bauxite,11320.6,689.1,88.77,31.49,Moderate,0.8,2026,4,1,2
2025-01-26,Suezmax,157524,Ras Tanura,Singapore,Crude Oil,3811.9,559.87,87.56,31.84,Calm,1.8,2025,1,6,1
2023-12-02,Supramax,57473,Houston,Rotterdam,Crude Oil,4799.0,637.7,95.23,54.79,Moderate,5.5,2023,12,5,4
2024-02-19,LNG Carrier,83339,Ras Laffan,Tokyo,LNG,6682.1,680.83,96.06,108.99,Moderate,1.8,2024,2,0,1
2024-01-01,Supramax,58960,Singapore,Dubai,Steel Coils,3386.7,697.59,86.94,46.62,Moderate,2.7,2024,1,0,1
2025-07-13,Supramax,56685,Santos,Rotterdam,Bauxite,5537.8,599.04,87.8,51.01,Moderate,0.5,2025,7,6,3
2024-09-12,Handysize,37049,Singapore,Dubai,Steel Coils,3409.3,654.47,109.13,65.82,Rough Sea,0.5,2024,9,3,3
2026-04-29,Capesize,170494,Port Hedland,Qingdao,Iron Ore,3562.0,736.02,72.68,21.96,Monsoon/Tropical Cyclone,4.0,2026,4,2,2
2024-05-01,Container Post-Panamax,94150,Shanghai,Los Angeles,Containerized Freight,5866.4,682.99,109.52,95.24,Moderate,0.5,2024,5,2,2
2026-04-13,Panamax,78717,Santos,Rotterdam,Grain,5380.1,705.07,88.36,47.44,Rough Sea,3.7,2026,4,0,2
2025-12-29,Panamax,83831,Newcastle,Mumbai,Thermal Coal,5918.9,674.09,110.7,49.46,Moderate,0.8,2025,12,0,4
2025-03-04,Container Post-Panamax,97171,Ningbo,Hamburg,Containerized Freight,10637.0,567.34,106.97,143.42,Stormy,1.8,2025,3,1,1
2025-01-22,LNG Carrier,78631,Ras Laffan,Tokyo,LNG,6594.6,610.78,103.83,104.13,Calm,1.5,2025,1,2,1
2024-05-15,LNG Carrier,93142,Ras Laffan,Tokyo,LNG,6629.2,726.48,90.93,124.0,Rough Sea,11.1,2024,5,2,2
2025-12-27,VLCC,317115,Ras Tanura,Singapore,Crude Oil,3636.9,656.78,98.8,26.92,Rough Sea,4.7,2025,12,5,4
2025-12-18,LNG Carrier,75101,Dampier,Yokohama,Iron Ore,3894.2,661.69,102.87,84.97,Calm,0.8,2025,12,3,4
2025-05-13,Container Post-Panamax,99349,Shanghai,Los Angeles,Containerized Freight,5827.4,568.62,99.66,94.79,Moderate,2.2,2025,5,1,2
2026-03-19,Panamax,69393,Richards Bay,Rotterdam,Thermal Coal,7020.7,668.41,88.07,48.35,Moderate,1.6,2026,3,3,1
2026-01-02,Container Post-Panamax,123082,Ningbo,Hamburg,Containerized Freight,10487.0,728.78,96.95,126.46,Calm,3.7,2026,1,4,1
2024-07-04,Suezmax,143357,Ras Tanura,Singapore,Crude Oil,3629.2,671.94,101.88,42.38,Stormy,6.1,2024,7,3,3
2025-12-06,Suezmax,163033,Corpus Christi,Antwerp,Crude Oil,5008.1,665.53,90.2,34.75,Calm,1.6,2025,12,5,4
2025-05-15,Capesize,196428,Newcastle,Mumbai,Thermal Coal,6059.2,556.42,71.14,17.62,Rough Sea,0.5,2025,5,3,2
2026-06-15,Container Post-Panamax,106102,Ningbo,Hamburg,Containerized Freight,10351.5,715.43,86.1,127.4,Calm,3.4,2026,6,0,2
2024-03-09,Panamax,81665,Newcastle,Mumbai,Thermal Coal,5892.1,713.93,115.3,55.91,Calm,8.1,2024,3,5,1
2024-12-26,LNG Carrier,91632,Ras Laffan,Tokyo,LNG,6652.3,596.58,101.91,112.8,Moderate,7.7,2024,12,3,4
2025-05-21,Container Post-Panamax,85609,Ningbo,Hamburg,Containerized Freight,10712.5,578.95,96.76,121.43,Calm,0.5,2025,5,2,2
2024-10-03,Suezmax,161309,Houston,Rotterdam,Refined Petroleum,4913.2,662.77,91.02,40.0,Moderate,5.3,2024,10,3,4
2024-01-31,Suezmax,161943,Ras Tanura,Qingdao,Crude Oil,6296.5,720.9,102.94,45.32,Moderate,0.9,2024,1,2,1
2024-10-11,Panamax,78192,Santos,Rotterdam,Bauxite,5524.4,614.53,98.47,44.09,Rough Sea,2.6,2024,10,4,4
2025-12-12,Panamax,78657,Newcastle,Mumbai,Thermal Coal,5929.4,681.12,101.58,41.31,Calm,0.5,2025,12,4,4
2023-10-30,Suezmax,155595,Ras Tanura,Singapore,Crude Oil,3698.1,665.01,107.64,51.63,Monsoon/Tropical Cyclone,6.4,2023,10,0,4
2025-12-15,Suezmax,162691,Corpus Christi,Antwerp,Refined Petroleum,4911.7,662.68,104.4,42.75,Calm,7.0,2025,12,0,4
2026-05-02,LNG Carrier,78847,Ras Laffan,Tokyo,LNG,6434.4,708.5,95.54,105.57,Calm,0.5,2026,5,5,2
2026-02-08,VLCC,288001,Ras Tanura,Singapore,Crude Oil,3704.7,740.9,101.84,30.23,Moderate,1.1,2026,2,6,1
2025-07-11,LNG Carrier,91962,Ras Laffan,Tokyo,LNG,6654.6,605.12,96.34,103.33,Moderate,0.8,2025,7,4,3
2024-05-24,Panamax,77486,Santos,Qingdao,Grain,12144.9,713.28,101.15,81.65,Rough Sea,4.0,2024,5,4,2
2026-01-27,Aframax,85852,Corpus Christi,Antwerp,Refined Petroleum,4965.6,706.0,95.24,61.33,Rough Sea,8.8,2026,1,1,1
2023-11-29,Capesize,177456,Port Hedland,Qingdao,Iron Ore,3546.6,707.28,115.87,29.22,Moderate,3.6,2023,11,2,4
2025-05-10,VLCC,282126,Ras Tanura,Qingdao,Crude Oil,6305.7,579.95,96.1,35.15,Calm,4.2,2025,5,5,2
2026-05-24,Capesize,162275,Port Hedland,Qingdao,Iron Ore,3655.0,744.79,106.95,26.49,Moderate,2.6,2026,5,6,2
2024-03-03,Panamax,74131,Newcastle,Mumbai,Thermal Coal,5827.6,709.1,107.63,53.38,Rough Sea,0.6,2024,3,6,1
2026-04-14,Panamax,72672,Newcastle,Mumbai,Thermal Coal,6022.5,715.54,110.86,63.46,Stormy,4.3,2026,4,1,2
2025-04-14,Suezmax,138758,Ras Tanura,Qingdao,Crude Oil,6089.0,541.54,108.81,43.49,Moderate,0.7,2025,4,0,2
2024-06-11,Handysize,37023,Singapore,Dubai,Chemicals,3428.5,728.96,100.18,66.03,Calm,2.2,2024,6,1,2
2025-04-10,Panamax,73406,Tubarao,Qingdao,Bauxite,10909.8,562.3,104.28,64.25,Calm,2.8,2025,4,3,2
2023-11-14,VLCC,309842,Ras Tanura,Qingdao,Crude Oil,6317.0,650.16,115.05,33.01,Calm,3.6,2023,11,1,4
2026-04-14,Suezmax,135557,Ras Tanura,Singapore,Crude Oil,3629.0,691.84,88.09,41.3,Rough Sea,4.2,2026,4,1,2
2024-10-17,Container Post-Panamax,121705,Shanghai,Los Angeles,Containerized Freight,5563.0,608.93,101.66,103.67,Moderate,18.0,2024,10,3,4
2024-05-16,Capesize,182268,Newcastle,Mumbai,Thermal Coal,5797.1,704.2,94.64,25.19,Calm,0.6,2024,5,3,2
2024-11-17,LNG Carrier,88679,Ras Laffan,Tokyo,LNG,6702.3,634.18,138.19,123.6,Moderate,8.4,2024,11,6,4
2026-04-03,Panamax,69073,Newcastle,Mumbai,Thermal Coal,6054.7,730.88,114.14,59.4,Rough Sea,0.5,2026,4,4,2
2026-01-10,Aframax,82063,Houston,Rotterdam,Crude Oil,4852.1,684.77,94.99,45.81,Calm,1.1,2026,1,5,1
2024-12-26,Aframax,115902,Corpus Christi,Antwerp,Refined Petroleum,4978.6,571.25,102.15,48.45,Moderate,1.6,2024,12,3,4
2025-08-04,Suezmax,153696,Corpus Christi,Antwerp,Refined Petroleum,4977.5,622.3,108.34,41.43,Calm,2.4,2025,8,0,3
2026-05-15,Supramax,58356,Santos,Rotterdam,Grain,5291.5,741.02,105.32,73.5,Stormy,5.3,2026,5,4,2
2024-01-25,VLCC,283983,Ras Tanura,Singapore,Crude Oil,3623.4,711.26,97.06,24.66,Calm,1.4,2024,1,3,1
2026-03-18,VLCC,289634,Ras Tanura,Singapore,Crude Oil,3720.3,688.32,110.63,42.43,Calm,18.0,2026,3,2,1
2024-10-10,Panamax,71110,Newcastle,Mumbai,Thermal Coal,5992.8,682.95,88.57,57.63,Monsoon/Tropical Cyclone,5.9,2024,10,3,4
2024-02-13,Capesize,167144,Santos,Qingdao,Grain,12124.6,674.52,115.86,38.14,Calm,3.3,2024,2,1,1
2023-12-05,Container Post-Panamax,103645,Shanghai,Los Angeles,Containerized Freight,5723.6,656.61,115.75,96.94,Calm,2.7,2023,12,1,4
2023-12-28,VLCC,300738,Ras Tanura,Qingdao,Crude Oil,6366.8,698.57,75.86,40.43,Monsoon/Tropical Cyclone,5.7,2023,12,3,4
2025-12-08,Panamax,71414,Santos,Qingdao,Grain,11951.4,681.1,90.44,66.59,Moderate,2.9,2025,12,0,4
2025-02-23,Capesize,169267,Richards Bay,Rotterdam,Thermal Coal,7103.8,578.43,100.28,29.79,Moderate,1.1,2025,2,6,1
2024-08-21,Panamax,70216,Richards Bay,Rotterdam,Thermal Coal,7254.1,660.89,118.89,76.57,Monsoon/Tropical Cyclone,5.6,2024,8,2,3
2026-05-25,Capesize,167649,Port Hedland,Qingdao,Iron Ore,3599.2,722.98,102.66,26.97,Moderate,3.0,2026,5,0,2
2024-10-26,Panamax,73155,Richards Bay,Rotterdam,Thermal Coal,7082.4,611.65,125.93,65.34,Calm,12.1,2024,10,5,4
2024-08-04,Panamax,79071,Tubarao,Qingdao,Iron Ore,11032.9,698.14,103.11,85.78,Stormy,7.1,2024,8,6,3
2025-10-28,LNG Carrier,82176,Ras Laffan,Tokyo,LNG,6654.7,647.29,104.63,117.74,Rough Sea,0.5,2025,10,1,4
2026-01-19,Capesize,199970,Port Hedland,Qingdao,Iron Ore,3758.5,718.33,79.35,17.93,Calm,1.3,2026,1,0,1
2026-01-12,LNG Carrier,93386,Ras Laffan,Tokyo,LNG,6736.1,673.43,86.52,105.07,Moderate,1.6,2026,1,0,1
2026-06-29,VLCC,304971,Ras Tanura,Singapore,Crude Oil,3824.6,719.32,80.54,26.0,Calm,4.6,2026,6,0,2
2025-09-08,Capesize,198973,Richards Bay,Rotterdam,Thermal Coal,7092.5,653.93,134.84,36.68,Moderate,4.3,2025,9,0,3
2025-05-19,Capesize,162358,Dampier,Yokohama,Iron Ore,3854.6,551.71,118.07,36.75,Calm,12.3,2025,5,0,2
2026-08-04,Panamax,79836,Newcastle,Mumbai,Thermal Coal,5808.1,639.13,100.16,52.12,Stormy,2.0,2026,8,1,3
2024-09-01,LNG Carrier,75057,Ras Laffan,Tokyo,LNG,6675.3,633.96,135.1,122.04,Moderate,4.9,2024,9,6,3
2023-12-23,Panamax,76367,Santos,Qingdao,Iron Ore,11752.8,681.36,108.54,67.3,Calm,0.8,2023,12,5,4
2024-07-12,Capesize,188976,Richards Bay,Rotterdam,Thermal Coal,6996.8,717.88,97.42,42.98,Rough Sea,11.5,2024,7,4,3
2025-09-09,Aframax,110202,Houston,Rotterdam,Chemicals,4936.8,625.82,127.07,70.75,Stormy,11.6,2025,9,1,3
2024-01-24,LNG Carrier,71804,Dampier,Yokohama,LNG,3949.2,726.83,80.42,96.31,Rough Sea,4.1,2024,1,2,1
2025-05-20,Suezmax,159977,Ras Tanura,Singapore,Crude Oil,3789.9,582.43,93.42,28.7,Calm,2.8,2025,5,1,2
2023-10-12,Handysize,31244,Singapore,Dubai,Containerized Freight,3370.7,635.08,91.68,53.95,Calm,0.5,2023,10,3,4
2024-12-31,Suezmax,157203,Ras Tanura,Singapore,Crude Oil,3790.3,577.98,101.6,33.11,Rough Sea,1.5,2024,12,1,4
2025-08-24,Capesize,163581,Richards Bay,Rotterdam,Thermal Coal,6996.6,596.0,115.18,33.43,Moderate,4.8,2025,8,6,3
2026-08-13,LNG Carrier,90069,Ras Laffan,Tokyo,LNG,6397.9,713.11,96.13,104.87,Calm,1.3,2026,8,3,3
2026-06-15,Suezmax,164920,Houston,Rotterdam,Chemicals,4860.0,692.44,88.64,41.04,Moderate,3.9,2026,6,0,2
2024-09-18,Panamax,74473,Tubarao,Qingdao,Bauxite,11061.1,667.01,106.37,87.37,Rough Sea,18.0,2024,9,2,3
2024-11-09,Capesize,171388,Port Hedland,Qingdao,Iron Ore,3747.3,608.19,106.28,20.71,Calm,1.0,2024,11,5,4
2025-08-04,Capesize,192138,Dampier,Yokohama,LNG,4060.8,657.0,101.99,26.96,Moderate,3.5,2025,8,0,3
2026-03-12,LNG Carrier,78963,Ras Laffan,Tokyo,LNG,6563.3,748.3,116.74,118.62,Moderate,3.5,2026,3,3,1
2024-05-30,VLCC,281835,Ras Tanura,Singapore,Crude Oil,3662.9,726.15,105.61,30.29,Rough Sea,2.2,2024,5,3,2
2025-08-30,Supramax,59618,Santos,Rotterdam,Grain,5507.9,641.45,80.07,53.88,Moderate,5.0,2025,8,5,3
2024-06-13,Supramax,53088,Santos,Rotterdam,Grain,5544.4,754.15,101.87,63.72,Calm,2.3,2024,6,3,2
2023-11-23,Suezmax,148845,Houston,Rotterdam,Chemicals,4791.7,666.79,109.33,45.6,Moderate,8.7,2023,11,3,4
2025-03-30,Capesize,169112,Tubarao,Qingdao,Iron Ore,11141.8,544.54,110.11,36.41,Calm,2.6,2025,3,6,1
2025-02-14,Supramax,63626,Houston,Rotterdam,Refined Petroleum,4902.8,586.1,94.58,48.33,Calm,4.1,2025,2,4,1
2026-06-15,LNG Carrier,82467,Dampier,Yokohama,Iron Ore,3955.5,697.27,88.27,85.84,Calm,0.8,2026,6,0,2
2025-10-02,Container Post-Panamax,118447,Ningbo,Hamburg,Containerized Freight,10220.6,645.71,111.81,126.83,Calm,2.6,2025,10,3,4
2024-10-12,Aframax,87975,Houston,Rotterdam,Chemicals,4893.2,591.28,107.85,51.92,Calm,9.1,2024,10,5,4
2024-04-13,Suezmax,131759,Ras Tanura,Singapore,Crude Oil,3615.6,732.19,96.65,35.83,Moderate,0.8,2024,4,5,2
2024-07-11,Container Post-Panamax,117851,Shanghai,Los Angeles,Containerized Freight,5570.6,675.92,106.79,91.22,Calm,4.0,2024,7,3,3
2023-10-11,Capesize,176959,Port Hedland,Qingdao,Iron Ore,3662.9,643.92,111.96,23.75,Calm,2.7,2023,10,2,4
2024-02-12,Panamax,73726,Richards Bay,Rotterdam,Thermal Coal,6916.0,709.4,90.56,49.37,Moderate,0.5,2024,2,0,1
2023-10-08,Capesize,198370,Newcastle,Mumbai,Thermal Coal,5873.9,659.91,109.14,34.44,Moderate,6.9,2023,10,6,4
2024-02-01,Container Post-Panamax,93180,Ningbo,Hamburg,Containerized Freight,10544.3,687.2,84.64,125.94,Moderate,0.6,2024,2,3,1
2024-12-29,Container Post-Panamax,129271,Shanghai,Los Angeles,Containerized Freight,5536.2,569.69,111.87,97.76,Calm,14.3,2024,12,6,4
2024-01-14,Supramax,61072,Singapore,Dubai,Containerized Freight,3422.1,705.27,95.67,49.13,Calm,3.1,2024,1,6,1
2024-07-27,LNG Carrier,89749,Dampier,Yokohama,Iron Ore,3924.2,652.22,91.82,82.93,Calm,0.5,2024,7,5,3
2026-02-02,Panamax,66082,Santos,Qingdao,Iron Ore,11657.0,722.88,88.61,68.84,Calm,2.8,2026,2,0,1
2024-07-01,Capesize,204506,Richards Bay,Rotterdam,Thermal Coal,7125.7,688.1,109.11,35.56,Calm,3.9,2024,7,0,3
2025-04-04,VLCC,285039,Ras Tanura,Singapore,Crude Oil,3680.6,541.68,105.16,23.94,Calm,1.4,2025,4,4,2
2024-03-16,Suezmax,155303,Corpus Christi,Antwerp,Crude Oil,5035.6,694.14,90.37,44.51,Calm,4.5,2024,3,5,1
2025-12-15,VLCC,283574,Ras Tanura,Qingdao,Crude Oil,6394.0,703.9,83.25,29.23,Moderate,1.8,2025,12,0,4
2025-04-14,Capesize,194335,Port Hedland,Qingdao,Iron Ore,3673.2,562.34,88.13,21.57,Calm,3.4,2025,4,0,2
2024-07-01,Container Post-Panamax,130027,Ningbo,Hamburg,Containerized Freight,10735.3,621.03,92.22,132.98,Rough Sea,2.8,2024,7,0,3
2025-09-25,Panamax,81014,Richards Bay,Rotterdam,Thermal Coal,7172.7,638.19,112.98,54.5,Moderate,4.0,2025,9,3,3
2023-10-27,Container Post-Panamax,124726,Shanghai,Los Angeles,Containerized Freight,5568.9,677.55,105.74,95.35,Calm,7.1,2023,10,4,4
2024-02-29,Container Post-Panamax,104914,Singapore,Dubai,Chemicals,3390.1,713.46,81.92,75.84,Calm,3.6,2024,2,3,1
2023-10-07,LNG Carrier,92950,Ras Laffan,Tokyo,LNG,6578.6,627.85,102.08,105.39,Calm,3.1,2023,10,5,4
2024-01-01,Supramax,63232,Houston,Rotterdam,Chemicals,4809.6,695.85,94.02,58.22,Moderate,9.7,2024,1,0,1
2026-06-08,Aframax,107575,Corpus Christi,Antwerp,Refined Petroleum,4987.9,690.53,98.86,51.07,Moderate,2.4,2026,6,0,2
2026-04-09,Suezmax,153702,Corpus Christi,Antwerp,Refined Petroleum,4889.8,727.17,96.4,41.28,Calm,5.6,2026,4,3,2
2024-04-16,VLCC,311915,Ras Tanura,Qingdao,Crude Oil,6219.6,736.4,94.04,37.87,Moderate,2.4,2024,4,1,2
2024-12-16,Capesize,161129,Port Hedland,Qingdao,Iron Ore,3582.6,578.03,103.96,23.52,Calm,1.3,2024,12,0,4
2023-12-08,Panamax,65661,Santos,Rotterdam,Grain,5528.9,689.58,94.48,50.26,Rough Sea,2.0,2023,12,4,4
2026-09-25,LNG Carrier,70110,Dampier,Yokohama,Iron Ore,3881.0,634.35,114.68,97.52,Moderate,3.4,2026,9,4,3
2025-07-11,VLCC,282291,Ras Tanura,Singapore,Crude Oil,3661.4,605.47,90.82,20.86,Moderate,1.4,2025,7,4,3
2026-03-28,Container Post-Panamax,86532,Singapore,Dubai,Steel Coils,3485.6,700.5,89.05,75.14,Calm,3.4,2026,3,5,1
2025-12-14,Capesize,194629,Tubarao,Qingdao,Iron Ore,11331.5,675.87,88.9,38.22,Moderate,2.9,2025,12,6,4
2024-03-20,Suezmax,154512,Ras Tanura,Singapore,Crude Oil,3732.3,740.09,104.81,40.34,Calm,3.8,2024,3,2,1
2026-06-22,Panamax,69549,Tubarao,Qingdao,Iron Ore,11354.8,689.45,71.63,64.22,Moderate,5.1,2026,6,0,2
2025-06-14,Supramax,53303,Santos,Rotterdam,Grain,5334.0,618.05,117.43,58.72,Calm,2.0,2025,6,5,2
2023-10-10,Capesize,190093,Dampier,Yokohama,LNG,3928.6,626.88,121.55,32.86,Moderate,5.0,2023,10,1,4
2025-05-31,Aframax,109108,Corpus Christi,Antwerp,Refined Petroleum,5053.8,556.62,89.96,57.57,Monsoon/Tropical Cyclone,4.2,2025,5,5,2
2024-12-16,Handysize,37198,Singapore,Dubai,Chemicals,3391.0,553.7,84.94,52.15,Calm,0.9,2024,12,0,4
2025-09-22,Supramax,51670,Singapore,Dubai,Containerized Freight,3450.9,677.76,112.16,52.98,Moderate,3.3,2025,9,0,3
2023-11-17,Capesize,163143,Tubarao,Qingdao,Iron Ore,11117.1,638.8,125.65,56.85,Moderate,18.0,2023,11,4,4
2023-11-10,LNG Carrier,75247,Ras Laffan,Tokyo,LNG,6450.6,698.08,91.69,106.33,Calm,1.3,2023,11,4,4
2024-05-24,Supramax,63892,Santos,Rotterdam,Grain,5545.3,679.74,86.92,52.09,Calm,2.1,2024,5,4,2
2026-08-12,Suezmax,162928,Ras Tanura,Singapore,Crude Oil,3631.1,680.19,74.42,27.14,Calm,1.7,2026,8,2,3
2023-10-20,VLCC,316619,Ras Tanura,Singapore,Crude Oil,3703.7,690.21,91.99,23.43,Calm,1.1,2023,10,4,4
2025-02-05,Handysize,29674,Singapore,Dubai,Containerized Freight,3299.4,589.1,79.7,67.73,Monsoon/Tropical Cyclone,3.7,2025,2,2,1
2024-08-03,Panamax,81855,Tubarao,Qingdao,Iron Ore,11375.9,686.94,98.46,84.18,Moderate,18.0,2024,8,5,3
2026-06-04,Panamax,69644,Richards Bay,Rotterdam,Thermal Coal,7273.8,666.04,98.41,51.16,Rough Sea,0.8,2026,6,3,2
2025-12-23,Panamax,77854,Santos,Rotterdam,Bauxite,5366.3,693.86,97.96,52.34,Moderate,0.5,2025,12,1,4
2025-05-29,Capesize,194283,Port Hedland,Qingdao,Iron Ore,3660.1,563.26,93.91,19.9,Moderate,1.9,2025,5,3,2
2025-11-19,LNG Carrier,73653,Dampier,Yokohama,LNG,3950.8,680.69,112.87,110.36,Stormy,3.5,2025,11,2,4
2024-03-02,Panamax,82094,Richards Bay,Rotterdam,Thermal Coal,7172.6,723.15,97.94,47.44,Moderate,0.5,2024,3,5,1
2026-05-10,Supramax,60617,Santos,Rotterdam,Bauxite,5529.3,716.76,101.63,57.26,Calm,3.7,2026,5,6,2
2024-04-09,LNG Carrier,75867,Ras Laffan,Tokyo,LNG,6372.2,711.82,91.96,132.42,Stormy,4.7,2024,4,1,2
2024-11-07,Container Post-Panamax,83806,Singapore,Dubai,Steel Coils,3328.5,602.96,99.29,81.87,Rough Sea,8.1,2024,11,3,4
2023-12-29,Capesize,178281,Tubarao,Qingdao,Iron Ore,11225.1,695.68,103.47,36.08,Calm,1.0,2023,12,4,4
2025-09-28,Handysize,35062,Singapore,Dubai,Chemicals,3341.6,653.4,106.39,63.44,Rough Sea,0.5,2025,9,6,3
2023-12-24,Capesize,198959,Newcastle,Mumbai,Thermal Coal,6032.3,678.1,90.77,23.69,Moderate,0.9,2023,12,6,4
2024-09-07,Suezmax,133237,Ras Tanura,Qingdao,Crude Oil,6314.0,660.07,110.74,45.68,Moderate,1.2,2024,9,5,3
2026-04-27,Container Post-Panamax,92499,Singapore,Dubai,Steel Coils,3312.7,725.83,97.11,75.13,Calm,0.5,2026,4,0,2
2026-09-18,Container Post-Panamax,118033,Shanghai,Los Angeles,Containerized Freight,5852.6,657.97,106.08,93.69,Calm,3.7,2026,9,4,3
2026-08-14,Aframax,103085,Corpus Christi,Antwerp,Crude Oil,4833.5,658.42,99.44,64.31,Monsoon/Tropical Cyclone,2.0,2026,8,4,3
2026-06-05,Capesize,196171,Port Hedland,Qingdao,Iron Ore,3612.0,727.44,115.64,29.81,Moderate,3.3,2026,6,4,2
2026-08-11,Handysize,34119,Singapore,Dubai,Steel Coils,3397.8,667.38,94.77,60.01,Calm,3.0,2026,8,1,3
2026-06-11,Capesize,172079,Richards Bay,Rotterdam,Thermal Coal,7234.7,659.96,105.11,31.58,Calm,5.6,2026,6,3,2
2024-04-28,Capesize,173662,Santos,Qingdao,Iron Ore,11524.7,732.63,108.66,39.74,Calm,3.7,2024,4,6,2
2024-09-05,Panamax,76958,Santos,Qingdao,Grain,11546.0,622.88,120.76,75.62,Rough Sea,6.3,2024,9,3,3
2025-05-27,Suezmax,146190,Ras Tanura,Singapore,Crude Oil,3768.8,577.87,100.51,42.91,Rough Sea,10.8,2025,5,1,2
2024-12-13,LNG Carrier,83200,Ras Laffan,Tokyo,LNG,6687.2,584.73,118.04,112.75,Moderate,2.0,2024,12,4,4
2025-12-01,Container Post-Panamax,104660,Shanghai,Los Angeles,Containerized Freight,5718.3,678.91,101.24,91.93,Calm,0.5,2025,12,0,4
2025-04-19,Capesize,190592,Dampier,Yokohama,Iron Ore,3835.4,568.01,85.29,22.22,Calm,10.5,2025,4,5,2
2026-06-23,Capesize,167238,Tubarao,Qingdao,Bauxite,11469.3,656.83,103.6,37.18,Moderate,0.5,2026,6,1,2
2025-12-11,Supramax,50384,Singapore,Dubai,Steel Coils,3300.5,683.77,104.78,47.45,Calm,3.0,2025,12,3,4
2025-05-24,Aframax,107246,Corpus Christi,Antwerp,Crude Oil,5056.7,576.53,84.47,44.29,Calm,3.0,2025,5,5,2
2025-05-23,Container Post-Panamax,110683,Shanghai,Los Angeles,Containerized Freight,5721.2,558.31,84.98,103.18,Moderate,18.0,2025,5,4,2
2026-07-29,Capesize,175453,Santos,Qingdao,Iron Ore,11804.4,694.34,105.46,46.22,Moderate,7.4,2026,7,2,3
2024-06-11,VLCC,318982,Ras Tanura,Qingdao,Crude Oil,6125.3,709.88,104.11,29.65,Moderate,2.1,2024,6,1,2
2024-01-08,Suezmax,132004,Ras Tanura,Singapore,Crude Oil,3719.2,720.28,92.09,33.29,Calm,1.6,2024,1,0,1
2026-04-09,Suezmax,135648,Corpus Christi,Antwerp,Refined Petroleum,4854.4,729.34,106.63,53.65,Stormy,1.9,2026,4,3,2
2026-06-16,Panamax,76716,Santos,Rotterdam,Bauxite,5400.5,714.57,94.19,43.6,Calm,2.2,2026,6,1,2
2023-11-21,Capesize,165659,Tubarao,Qingdao,Bauxite,10897.0,675.3,101.58,40.49,Calm,2.7,2023,11,1,4
2024-10-18,LNG Carrier,93319,Ras Laffan,Tokyo,LNG,6492.3,632.74,95.95,105.49,Moderate,3.4,2024,10,4,4
2025-10-24,Capesize,205751,Richards Bay,Rotterdam,Thermal Coal,7245.8,662.03,90.37,29.1,Calm,6.7,2025,10,4,4
2026-03-13,Panamax,68361,Tubarao,Qingdao,Bauxite,11472.1,724.42,86.41,64.31,Moderate,2.2,2026,3,4,1
2026-08-18,Container Post-Panamax,124805,Ningbo,Hamburg,Containerized Freight,10415.9,711.14,81.12,118.35,Calm,1.6,2026,8,1,3
2025-08-03,LNG Carrier,90841,Ras Laffan,Tokyo,LNG,6554.2,566.21,87.01,131.08,Monsoon/Tropical Cyclone,6.9,2025,8,6,3
2024-02-15,Supramax,61448,Houston,Rotterdam,Chemicals,4875.7,713.51,93.79,51.97,Moderate,2.1,2024,2,3,1
2025-11-06,Panamax,72710,Richards Bay,Rotterdam,Thermal Coal,6890.2,671.94,100.02,65.04,Monsoon/Tropical Cyclone,3.3,2025,11,3,4
2025-05-30,Capesize,198612,Port Hedland,Qingdao,Iron Ore,3615.4,585.14,93.38,21.01,Calm,0.5,2025,5,4,2
2024-09-13,LNG Carrier,85441,Ras Laffan,Tokyo,LNG,6459.1,651.65,119.63,135.93,Stormy,5.9,2024,9,4,3
2024-09-10,Handysize,39627,Singapore,Dubai,Containerized Freight,3382.7,621.94,102.07,59.31,Calm,2.0,2024,9,1,3
2024-10-06,Panamax,83210,Richards Bay,Rotterdam,Thermal Coal,7085.4,580.95,114.8,54.57,Calm,4.2,2024,10,6,4
2024-08-05,LNG Carrier,72182,Ras Laffan,Tokyo,LNG,6587.8,644.16,98.07,123.75,Stormy,4.4,2024,8,0,3
2024-10-23,Panamax,69218,Santos,Qingdao,Grain,11782.8,646.49,114.95,73.67,Rough Sea,0.5,2024,10,2,4
2023-11-22,Panamax,73511,Santos,Rotterdam,Grain,5538.6,679.51,113.05,50.03,Calm,4.6,2023,11,2,4
2024-10-07,LNG Carrier,73495,Ras Laffan,Tokyo,LNG,6397.6,655.5,133.31,119.84,Calm,10.6,2024,10,0,4
2025-11-14,Capesize,171537,Santos,Qingdao,Grain,11936.4,679.84,101.9,41.12,Calm,6.8,2025,11,4,4
2026-09-01,Capesize,193879,Dampier,Yokohama,LNG,4037.3,671.43,108.15,24.05,Rough Sea,2.5,2026,9,1,3
2023-10-14,Container Post-Panamax,111866,Shanghai,Los Angeles,Containerized Freight,5530.2,676.31,121.6,101.36,Calm,5.7,2023,10,5,4
2024-10-12,LNG Carrier,78214,Ras Laffan,Tokyo,LNG,6537.7,625.81,119.18,109.64,Calm,2.4,2024,10,5,4
2024-04-08,Capesize,164838,Port Hedland,Qingdao,Iron Ore,3707.7,711.72,76.62,28.34,Monsoon/Tropical Cyclone,4.7,2024,4,0,2
2024-03-25,Suezmax,140669,Corpus Christi,Antwerp,Crude Oil,4998.3,744.53,113.62,46.11,Rough Sea,2.8,2024,3,0,1
2025-03-09,Capesize,176303,Santos,Qingdao,Iron Ore,11633.6,552.38,101.81,33.74,Calm,2.0,2025,3,6,1
2026-05-24,Container Post-Panamax,93174,Ningbo,Hamburg,Containerized Freight,10660.3,648.29,97.28,147.98,Stormy,2.7,2026,5,6,2
2026-06-13,Capesize,195184,Newcastle,Mumbai,Thermal Coal,6021.1,688.5,95.95,28.16,Moderate,4.2,2026,6,5,2
2025-10-01,LNG Carrier,93541,Ras Laffan,Tokyo,LNG,6549.3,635.67,94.92,107.21,Moderate,0.5,2025,10,2,4
2024-03-14,LNG Carrier,90154,Ras Laffan,Tokyo,LNG,6732.0,726.45,83.54,113.51,Rough Sea,1.1,2024,3,3,1
2023-10-26,Container Post-Panamax,91994,Ningbo,Hamburg,Containerized Freight,10448.3,641.56,116.86,127.98,Calm,5.3,2023,10,3,4
2025-05-19,Capesize,163542,Port Hedland,Qingdao,Iron Ore,3658.0,586.06,91.58,25.16,Rough Sea,4.0,2025,5,0,2
2026-07-06,Panamax,67021,Newcastle,Mumbai,Thermal Coal,5869.2,700.29,119.54,57.08,Rough Sea,5.2,2026,7,0,3
2025-08-31,Panamax,71780,Tubarao,Qingdao,Iron Ore,10988.3,614.37,102.23,63.74,Moderate,0.5,2025,8,6,3
2025-04-10,Capesize,162253,Port Hedland,Qingdao,Iron Ore,3593.1,580.62,98.92,25.58,Calm,7.3,2025,4,3,2
2024-03-11,Suezmax,144419,Houston,Rotterdam,Chemicals,4897.4,701.5,103.63,42.06,Calm,3.2,2024,3,0,1
2026-08-07,LNG Carrier,74950,Ras Laffan,Tokyo,LNG,6677.3,670.74,96.4,106.51,Calm,2.0,2026,8,4,3
2026-05-01,Supramax,60483,Santos,Rotterdam,Grain,5525.7,732.2,100.85,62.81,Calm,6.1,2026,5,4,2
2023-10-22,Panamax,80683,Richards Bay,Rotterdam,Thermal Coal,6986.5,682.26,97.15,48.79,Moderate,0.5,2023,10,6,4
2025-02-02,Capesize,180589,Newcastle,Mumbai,Thermal Coal,5877.7,552.52,99.08,37.81,Monsoon/Tropical Cyclone,7.2,2025,2,6,1
2026-05-11,Capesize,199218,Santos,Qingdao,Iron Ore,11876.8,678.55,103.82,43.4,Moderate,4.0,2026,5,0,2
2024-07-02,Handysize,36764,Singapore,Dubai,Chemicals,3463.2,701.88,89.86,68.61,Calm,13.0,2024,7,1,3
2025-05-16,Capesize,206151,Port Hedland,Qingdao,Iron Ore,3639.9,595.47,88.95,24.9,Calm,9.7,2025,5,4,2
2026-03-05,LNG Carrier,79488,Dampier,Yokohama,Iron Ore,4018.7,752.25,100.38,91.06,Calm,1.5,2026,3,3,1
2025-06-22,LNG Carrier,78012,Ras Laffan,Tokyo,LNG,6468.4,610.91,99.16,101.06,Calm,2.1,2025,6,6,2
2024-11-02,Capesize,208927,Richards Bay,Rotterdam,Thermal Coal,6973.4,675.55,92.39,32.93,Rough Sea,6.1,2024,11,5,4
2026-03-24,Suezmax,164345,Ras Tanura,Singapore,Crude Oil,3613.2,739.97,98.74,38.29,Moderate,2.3,2026,3,1,1
2026-02-25,Panamax,65326,Newcastle,Mumbai,Thermal Coal,5919.0,667.42,102.87,49.15,Rough Sea,1.8,2026,2,2,1
2024-11-21,Suezmax,144802,Houston,Rotterdam,Crude Oil,4741.8,602.2,125.06,57.34,Rough Sea,18.0,2024,11,3,4
2023-10-11,Container Post-Panamax,82474,Ningbo,Hamburg,Containerized Freight,10542.7,625.0,105.0,122.25,Calm,0.9,2023,10,2,4
2023-12-04,Supramax,58963,Houston,Rotterdam,Crude Oil,4708.9,635.09,109.54,55.04,Moderate,0.5,2023,12,0,4
2024-02-17,Capesize,198487,Port Hedland,Qingdao,Iron Ore,3544.2,680.86,98.41,25.81,Rough Sea,5.1,2024,2,5,1
2024-09-14,Capesize,197252,Richards Bay,Rotterdam,Thermal Coal,7259.0,664.93,111.47,31.74,Moderate,3.2,2024,9,5,3
2026-06-21,VLCC,285441,Ras Tanura,Singapore,Crude Oil,3781.6,710.91,106.84,26.89,Calm,0.5,2026,6,6,2
2026-06-24,Suezmax,160133,Ras Tanura,Singapore,Crude Oil,3747.4,708.48,82.79,31.19,Calm,0.5,2026,6,2,2
2026-08-28,Capesize,196152,Tubarao,Qingdao,Bauxite,11099.2,669.72,112.27,36.19,Calm,0.5,2026,8,4,3
2025-08-16,LNG Carrier,87845,Ras Laffan,Tokyo,LNG,6592.8,626.26,105.17,115.47,Calm,13.7,2025,8,5,3
2026-04-03,Panamax,84175,Tubarao,Qingdao,Bauxite,10890.8,698.15,112.63,65.07,Moderate,1.0,2026,4,4,2
2025-01-25,Suezmax,132280,Ras Tanura,Qingdao,Crude Oil,6216.4,553.36,82.01,37.28,Calm,1.5,2025,1,5,1
2024-12-27,Capesize,187400,Newcastle,Mumbai,Thermal Coal,5835.5,635.31,87.58,20.91,Moderate,2.5,2024,12,4,4
2026-05-13,Panamax,66258,Santos,Qingdao,Iron Ore,11913.2,688.95,85.0,72.95,Calm,9.1,2026,5,2,2
2024-01-13,Handysize,32514,Singapore,Dubai,Steel Coils,3426.5,709.58,94.13,66.68,Moderate,1.3,2024,1,5,1
2026-03-06,Suezmax,159263,Corpus Christi,Antwerp,Crude Oil,4949.1,736.62,118.01,46.96,Calm,5.8,2026,3,4,1
2023-10-23,Suezmax,153135,Corpus Christi,Antwerp,Crude Oil,4798.3,644.94,105.02,35.37,Moderate,1.0,2023,10,0,4
2026-09-03,Container Post-Panamax,117994,Ningbo,Hamburg,Containerized Freight,10724.9,682.02,129.43,137.31,Calm,2.1,2026,9,3,3
2024-12-27,Capesize,192398,Santos,Qingdao,Grain,11669.5,601.35,95.5,34.9,Calm,2.2,2024,12,4,4
2026-09-28,Capesize,198587,Tubarao,Qingdao,Iron Ore,11136.0,589.15,101.13,35.75,Moderate,1.2,2026,9,0,3
2024-07-16,Capesize,200462,Tubarao,Qingdao,Bauxite,11328.3,687.2,112.08,34.66,Moderate,0.8,2024,7,1,3
2024-11-27,LNG Carrier,74372,Ras Laffan,Tokyo,LNG,6663.3,615.52,79.84,108.65,Calm,3.0,2024,11,2,4
2026-07-10,VLCC,286572,Ras Tanura,Singapore,Crude Oil,3792.4,677.67,85.75,25.99,Rough Sea,3.2,2026,7,4,3
2026-05-03,LNG Carrier,92280,Dampier,Yokohama,LNG,3964.1,730.49,109.32,92.25,Calm,5.0,2026,5,6,2
2026-07-23,Capesize,208844,Newcastle,Mumbai,Thermal Coal,5831.6,653.03,112.46,31.63,Rough Sea,2.4,2026,7,3,3
2025-08-14,Capesize,190532,Dampier,Yokohama,LNG,3987.3,626.64,90.91,16.18,Moderate,0.5,2025,8,3,3
2025-03-21,Suezmax,150714,Ras Tanura,Qingdao,Crude Oil,6307.3,543.54,86.71,53.27,Calm,17.3,2025,3,4,1
2025-05-17,Capesize,165505,Port Hedland,Qingdao,Iron Ore,3639.5,571.35,99.54,18.09,Rough Sea,1.2,2025,5,5,2
2024-09-08,LNG Carrier,87393,Ras Laffan,Tokyo,LNG,6650.2,679.18,97.14,127.83,Stormy,2.1,2024,9,6,3
2024-08-04,Panamax,68180,Richards Bay,Rotterdam,Thermal Coal,7002.2,692.47,100.82,57.88,Calm,3.0,2024,8,6,3
2026-05-05,Capesize,208864,Santos,Qingdao,Iron Ore,11768.4,684.37,102.28,38.57,Rough Sea,0.5,2026,5,1,2
2025-11-03,LNG Carrier,88436,Dampier,Yokohama,Iron Ore,3856.0,650.93,100.4,85.82,Moderate,0.5,2025,11,0,4
2024-12-23,Container Post-Panamax,82138,Shanghai,Los Angeles,Containerized Freight,5748.2,568.6,108.38,87.58,Calm,0.6,2024,12,0,4
2025-12-18,Capesize,196850,Richards Bay,Rotterdam,Thermal Coal,7026.0,679.97,112.43,35.13,Calm,2.9,2025,12,3,4
2025-07-23,LNG Carrier,90698,Dampier,Yokohama,Iron Ore,3840.0,576.28,91.74,76.55,Calm,0.8,2025,7,2,3
2024-12-08,Suezmax,148573,Corpus Christi,Antwerp,Crude Oil,4900.0,646.41,111.1,40.22,Calm,3.2,2024,12,6,4
2024-07-31,Container Post-Panamax,89247,Shanghai,Los Angeles,Containerized Freight,5813.4,658.46,113.79,96.16,Calm,2.6,2024,7,2,3
2024-12-28,LNG Carrier,76216,Ras Laffan,Tokyo,LNG,6450.7,602.04,110.56,129.53,Stormy,10.3,2024,12,5,4
2026-05-13,Supramax,53046,Houston,Rotterdam,Crude Oil,4733.6,722.67,83.02,53.89,Moderate,2.3,2026,5,2,2
2024-09-22,Capesize,191716,Santos,Qingdao,Grain,11768.3,635.73,115.51,39.86,Moderate,2.8,2024,9,6,3
2025-01-20,Suezmax,161695,Corpus Christi,Antwerp,Refined Petroleum,4997.5,585.77,94.36,34.21,Moderate,0.5,2025,1,0,1
2023-10-26,Capesize,185217,Newcastle,Mumbai,Thermal Coal,5799.9,682.74,127.65,46.15,Stormy,9.7,2023,10,3,4
2025-10-01,Panamax,71734,Tubarao,Qingdao,Iron Ore,11125.3,633.59,117.16,73.83,Moderate,7.3,2025,10,2,4
2026-08-16,Capesize,179572,Port Hedland,Qingdao,Iron Ore,3600.1,677.38,103.6,20.41,Calm,0.5,2026,8,6,3
2025-05-11,Suezmax,130972,Ras Tanura,Qingdao,Crude Oil,6245.6,563.03,101.87,45.73,Calm,9.9,2025,5,6,2
2024-07-13,Container Post-Panamax,105441,Ningbo,Hamburg,Containerized Freight,10571.4,651.58,115.8,128.96,Calm,3.8,2024,7,5,3
2024-08-22,Container Post-Panamax,134929,Ningbo,Hamburg,Containerized Freight,10758.0,654.72,113.55,149.32,Rough Sea,11.2,2024,8,3,3
2024-02-21,LNG Carrier,77194,Ras Laffan,Tokyo,LNG,6396.2,731.61,91.2,118.82,Rough Sea,1.9,2024,2,2,1
2023-11-19,VLCC,293082,Ras Tanura,Qingdao,Crude Oil,6103.2,639.64,102.4,31.27,Rough Sea,1.3,2023,11,6,4
2025-08-21,Capesize,193515,Santos,Qingdao,Iron Ore,11655.1,618.81,95.58,34.09,Calm,3.1,2025,8,3,3
2024-05-21,Panamax,73050,Tubarao,Qingdao,Iron Ore,11406.7,707.94,87.68,79.3,Moderate,18.0,2024,5,1,2
2026-04-18,Container Post-Panamax,88354,Singapore,Dubai,Containerized Freight,3408.4,734.14,100.3,79.97,Moderate,0.7,2026,4,5,2
2025-09-12,Capesize,181718,Tubarao,Qingdao,Bauxite,11209.1,619.23,109.29,40.67,Moderate,4.7,2025,9,4,3
2024-10-22,Container Post-Panamax,98298,Shanghai,Los Angeles,Containerized Freight,5636.3,648.39,121.89,96.64,Calm,3.7,2024,10,1,4
2025-02-18,Container Post-Panamax,80021,Shanghai,Los Angeles,Containerized Freight,5588.1,579.73,90.47,84.58,Calm,5.4,2025,2,1,1
2024-02-12,Handysize,27517,Singapore,Dubai,Containerized Freight,3411.0,690.15,106.51,75.53,Rough Sea,6.5,2024,2,0,1
2023-10-30,Suezmax,149504,Corpus Christi,Antwerp,Crude Oil,4907.7,626.71,130.58,46.34,Calm,3.7,2023,10,0,4
2023-11-19,Panamax,81362,Tubarao,Qingdao,Bauxite,11034.2,680.02,102.7,61.78,Moderate,0.7,2023,11,6,4
2026-06-30,Panamax,76754,Santos,Qingdao,Grain,11608.4,689.63,111.05,66.67,Calm,0.5,2026,6,1,2
2024-10-27,Supramax,58074,Santos,Rotterdam,Grain,5499.6,628.46,110.37,59.53,Calm,0.9,2024,10,6,4
2024-09-10,Capesize,164728,Port Hedland,Qingdao,Iron Ore,3686.5,607.16,104.56,20.42,Calm,5.2,2024,9,1,3
2023-12-30,Container Post-Panamax,108390,Singapore,Dubai,Chemicals,3336.4,685.41,90.22,92.01,Monsoon/Tropical Cyclone,2.7,2023,12,5,4
2024-03-08,LNG Carrier,82952,Ras Laffan,Tokyo,LNG,6564.4,727.97,111.01,111.54,Moderate,0.6,2024,3,4,1
2023-12-16,Suezmax,138691,Houston,Rotterdam,Chemicals,4756.0,712.66,93.12,43.14,Rough Sea,5.2,2023,12,5,4
2024-02-16,Suezmax,139310,Ras Tanura,Singapore,Crude Oil,3749.1,708.5,98.78,35.25,Calm,2.9,2024,2,4,1
2024-06-29,Panamax,67428,Newcastle,Mumbai,Thermal Coal,5844.5,699.33,96.56,48.7,Rough Sea,0.8,2024,6,5,2
2025-06-11,Suezmax,139609,Corpus Christi,Antwerp,Crude Oil,4937.1,580.61,80.74,30.4,Calm,0.9,2025,6,2,2
2025-07-26,Container Post-Panamax,104911,Shanghai,Los Angeles,Containerized Freight,5833.2,589.59,121.86,102.56,Rough Sea,3.6,2025,7,5,3
2025-05-12,Capesize,200106,Newcastle,Mumbai,Thermal Coal,5916.4,557.57,114.84,25.71,Moderate,1.1,2025,5,0,2
2024-09-11,Supramax,58907,Houston,Rotterdam,Chemicals,4859.8,673.66,110.14,54.47,Calm,0.5,2024,9,2,3
2024-08-17,LNG Carrier,84027,Ras Laffan,Tokyo,LNG,6432.4,673.51,108.14,107.34,Calm,2.2,2024,8,5,3
2024-09-02,Suezmax,137332,Ras Tanura,Qingdao,Crude Oil,6417.4,676.73,95.72,44.14,Calm,2.3,2024,9,0,3
2023-11-09,Container Post-Panamax,116811,Ningbo,Hamburg,Containerized Freight,10656.2,644.1,94.86,122.77,Moderate,0.5,2023,11,3,4
2025-01-24,Container Post-Panamax,103738,Ningbo,Hamburg,Containerized Freight,10329.8,596.3,119.1,132.24,Moderate,2.0,2025,1,4,1
2025-07-26,Panamax,82109,Richards Bay,Rotterdam,Thermal Coal,7027.9,637.16,85.51,54.76,Stormy,4.2,2025,7,5,3
2025-02-06,Suezmax,160367,Ras Tanura,Qingdao,Crude Oil,6366.4,549.55,97.84,38.24,Calm,3.9,2025,2,3,1
2024-05-22,Supramax,58281,Santos,Rotterdam,Bauxite,5331.6,725.5,104.75,60.02,Calm,3.0,2024,5,2,2
2026-03-31,Container Post-Panamax,115314,Ningbo,Hamburg,Containerized Freight,10412.3,707.83,90.18,121.64,Calm,0.6,2026,3,1,1
2026-06-13,Handysize,38242,Singapore,Dubai,Chemicals,3494.0,686.79,99.3,57.9,Calm,3.4,2026,6,5,2
2026-07-17,Panamax,83162,Richards Bay,Rotterdam,Thermal Coal,7295.3,698.2,106.4,61.04,Rough Sea,2.4,2026,7,4,3
2025-04-29,Container Post-Panamax,88963,Ningbo,Hamburg,Containerized Freight,10708.0,569.24,111.27,136.61,Moderate,12.2,2025,4,1,2
2025-02-10,Suezmax,160467,Ras Tanura,Singapore,Crude Oil,3817.4,605.3,98.18,40.58,Monsoon/Tropical Cyclone,2.3,2025,2,0,1
2024-02-25,Panamax,70904,Santos,Qingdao,Iron Ore,12153.9,736.33,108.1,76.83,Moderate,1.5,2024,2,6,1
2024-10-18,Supramax,64559,Singapore,Dubai,Steel Coils,3318.9,661.73,103.46,46.15,Moderate,2.0,2024,10,4,4
2024-07-25,Container Post-Panamax,83432,Shanghai,Los Angeles,Containerized Freight,5816.0,692.94,98.34,114.57,Stormy,3.5,2024,7,3,3
2024-10-14,Supramax,53602,Houston,Rotterdam,Refined Petroleum,4979.6,664.71,89.95,50.09,Calm,0.7,2024,10,0,4
2025-09-12,Capesize,167720,Port Hedland,Qingdao,Iron Ore,3541.3,611.41,107.87,22.98,Calm,4.1,2025,9,4,3
2025-04-13,Panamax,82409,Richards Bay,Rotterdam,Thermal Coal,6972.9,563.53,113.51,48.45,Calm,4.0,2025,4,6,2
2025-12-20,LNG Carrier,86790,Dampier,Yokohama,LNG,3907.7,680.48,102.63,91.83,Moderate,4.6,2025,12,5,4
2024-12-03,VLCC,291741,Ras Tanura,Singapore,Crude Oil,3623.6,594.45,104.95,26.59,Calm,0.8,2024,12,1,4
2024-07-29,Capesize,177047,Newcastle,Mumbai,Thermal Coal,5912.3,676.96,88.47,21.28,Calm,1.6,2024,7,0,3
2026-03-30,Container Post-Panamax,126416,Shanghai,Los Angeles,Containerized Freight,5560.5,704.03,105.54,112.25,Stormy,5.5,2026,3,0,1
2024-02-25,Supramax,51382,Singapore,Dubai,Containerized Freight,3339.3,684.86,85.56,48.44,Rough Sea,0.5,2024,2,6,1
2025-01-10,Capesize,199558,Newcastle,Mumbai,Thermal Coal,5771.1,585.68,74.98,18.65,Moderate,0.5,2025,1,4,1
2024-03-05,Capesize,184884,Port Hedland,Qingdao,Iron Ore,3707.7,748.02,94.55,25.36,Calm,1.5,2024,3,1,1
2024-03-13,Container Post-Panamax,106311,Ningbo,Hamburg,Containerized Freight,10549.2,709.69,96.19,131.88,Calm,7.9,2024,3,2,1
2026-08-19,Suezmax,152407,Corpus Christi,Antwerp,Refined Petroleum,4996.4,645.77,88.61,51.4,Monsoon/Tropical Cyclone,7.8,2026,8,2,3
2024-10-24,Suezmax,155842,Ras Tanura,Singapore,Crude Oil,3718.8,609.3,109.54,39.39,Moderate,2.1,2024,10,3,4
2023-10-09,Capesize,207914,Richards Bay,Rotterdam,Thermal Coal,7186.9,655.91,114.46,39.17,Monsoon/Tropical Cyclone,1.8,2023,10,0,4
2025-02-28,Panamax,82910,Tubarao,Qingdao,Iron Ore,11427.1,611.66,97.32,64.09,Calm,4.7,2025,2,4,1
2026-04-17,VLCC,289891,Ras Tanura,Singapore,Crude Oil,3718.7,698.09,105.12,27.22,Moderate,1.2,2026,4,4,2
2025-05-20,Capesize,163403,Newcastle,Mumbai,Thermal Coal,6003.7,561.54,101.37,22.82,Calm,1.3,2025,5,1,2
2024-04-29,Suezmax,141252,Ras Tanura,Singapore,Crude Oil,3721.5,698.88,113.35,38.81,Moderate,1.7,2024,4,0,2
2025-06-05,Capesize,169301,Port Hedland,Qingdao,Iron Ore,3692.2,594.43,86.13,14.88,Calm,1.1,2025,6,3,2
2026-04-28,Capesize,206594,Port Hedland,Qingdao,Iron Ore,3649.1,684.49,97.85,25.07,Calm,4.6,2026,4,1,2
2025-08-25,Aframax,108465,Corpus Christi,Antwerp,Crude Oil,5063.2,615.36,118.55,65.39,Moderate,9.2,2025,8,0,3
2024-08-23,Container Post-Panamax,112078,Shanghai,Los Angeles,Containerized Freight,5666.6,665.93,106.47,102.93,Moderate,10.1,2024,8,4,3
2024-04-18,Handysize,27042,Singapore,Dubai,Steel Coils,3335.7,721.46,104.36,63.64,Moderate,1.0,2024,4,3,2
2026-04-09,Capesize,166889,Richards Bay,Rotterdam,Thermal Coal,7110.1,704.31,115.43,41.51,Calm,7.8,2026,4,3,2
2025-01-13,Panamax,71436,Newcastle,Mumbai,Thermal Coal,5899.0,593.11,85.42,37.89,Calm,2.7,2025,1,0,1
2025-05-03,Aframax,102083,Corpus Christi,Antwerp,Refined Petroleum,4874.6,589.5,84.75,40.75,Calm,0.5,2025,5,5,2
2026-06-12,Suezmax,139409,Corpus Christi,Antwerp,Refined Petroleum,4792.4,682.89,93.63,42.65,Rough Sea,4.9,2026,6,4,2
2023-12-28,LNG Carrier,73233,Dampier,Yokohama,LNG,3936.8,717.77,99.38,88.3,Calm,1.7,2023,12,3,4
2026-06-18,Panamax,72015,Richards Bay,Rotterdam,Thermal Coal,6902.2,717.37,94.06,52.2,Calm,2.4,2026,6,3,2
2024-04-05,Panamax,70341,Tubarao,Qingdao,Bauxite,11464.7,672.07,95.81,60.82,Calm,0.9,2024,4,4,2
2023-12-01,Supramax,54540,Singapore,Dubai,Steel Coils,3373.8,660.13,96.95,42.97,Calm,3.5,2023,12,4,4
2026-02-28,Supramax,52122,Singapore,Dubai,Containerized Freight,3318.6,733.56,106.91,49.66,Calm,0.9,2026,2,5,1
2025-02-09,Panamax,84019,Richards Bay,Rotterdam,Thermal Coal,7137.8,593.14,107.67,51.28,Moderate,2.9,2025,2,6,1
2025-05-27,Suezmax,151008,Corpus Christi,Antwerp,Refined Petroleum,4838.0,581.47,100.56,33.34,Calm,1.2,2025,5,1,2
2025-10-09,Panamax,78307,Richards Bay,Rotterdam,Thermal Coal,7225.4,651.24,112.41,52.06,Calm,1.6,2025,10,3,4
2025-12-27,Panamax,72634,Newcastle,Mumbai,Thermal Coal,5930.8,723.0,100.22,51.91,Rough Sea,2.3,2025,12,5,4
2023-11-22,Capesize,187361,Tubarao,Qingdao,Bauxite,11142.0,701.57,110.4,44.0,Calm,10.1,2023,11,2,4
2024-09-01,Container Post-Panamax,132983,Ningbo,Hamburg,Containerized Freight,10487.5,679.8,120.2,132.43,Moderate,2.6,2024,9,6,3
2023-11-06,Aframax,106711,Corpus Christi,Antwerp,Crude Oil,5056.0,649.09,120.65,58.22,Moderate,2.6,2023,11,0,4
2024-03-28,Panamax,69866,Tubarao,Qingdao,Iron Ore,11034.8,696.55,103.02,68.47,Calm,1.0,2024,3,3,1
2024-07-25,LNG Carrier,76654,Dampier,Yokohama,LNG,4052.3,670.21,95.61,86.63,Moderate,0.9,2024,7,3,3
2025-06-13,Panamax,65960,Richards Bay,Rotterdam,Thermal Coal,7300.8,559.37,107.21,49.03,Calm,0.7,2025,6,4,2
2026-08-03,Suezmax,151450,Ras Tanura,Singapore,Crude Oil,3757.8,688.52,98.35,33.0,Calm,0.5,2026,8,0,3
2023-11-17,Container Post-Panamax,87232,Singapore,Dubai,Chemicals,3499.2,639.87,111.02,99.37,Monsoon/Tropical Cyclone,3.6,2023,11,4,4
2024-12-06,Handysize,30327,Singapore,Dubai,Containerized Freight,3326.7,570.15,97.03,52.42,Calm,0.5,2024,12,4,4
2024-01-14,Capesize,201021,Port Hedland,Qingdao,Iron Ore,3567.7,694.03,83.58,17.69,Calm,0.9,2024,1,6,1
2024-12-24,Container Post-Panamax,123110,Ningbo,Hamburg,Containerized Freight,10198.1,615.81,85.28,118.99,Moderate,2.2,2024,12,1,4
2025-11-27,LNG Carrier,82891,Ras Laffan,Tokyo,LNG,6363.7,697.88,109.92,110.85,Moderate,1.2,2025,11,3,4
2024-10-06,LNG Carrier,89095,Dampier,Yokohama,Iron Ore,3865.6,637.98,101.1,82.06,Calm,0.5,2024,10,6,4
2026-04-09,Container Post-Panamax,127647,Singapore,Dubai,Chemicals,3363.1,690.13,112.51,72.58,Calm,0.5,2026,4,3,2
2025-04-12,Capesize,184274,Richards Bay,Rotterdam,Thermal Coal,7021.9,561.65,90.0,32.86,Moderate,6.3,2025,4,5,2
2025-06-29,Supramax,53362,Singapore,Dubai,Chemicals,3302.0,605.16,109.67,50.48,Rough Sea,0.5,2025,6,6,2
2025-06-09,Handysize,31475,Singapore,Dubai,Steel Coils,3432.1,604.38,105.73,61.82,Calm,6.2,2025,6,0,2
2023-11-03,Capesize,183066,Richards Bay,Rotterdam,Thermal Coal,7094.0,638.43,104.51,34.07,Monsoon/Tropical Cyclone,2.4,2023,11,4,4
2025-06-10,Aframax,97465,Houston,Rotterdam,Chemicals,4704.7,582.26,90.89,55.03,Stormy,4.9,2025,6,1,2
2026-04-03,VLCC,292093,Ras Tanura,Qingdao,Crude Oil,6203.0,730.87,105.54,42.86,Stormy,3.7,2026,4,4,2
2024-07-23,VLCC,312280,Ras Tanura,Singapore,Crude Oil,3684.7,674.17,101.31,27.4,Moderate,2.1,2024,7,1,3
2026-05-29,LNG Carrier,88366,Dampier,Yokohama,LNG,3887.1,684.48,103.05,88.1,Calm,4.4,2026,5,4,2
2023-11-27,Suezmax,143144,Ras Tanura,Singapore,Crude Oil,3747.9,647.18,116.24,42.48,Moderate,6.3,2023,11,0,4
2026-04-30,Capesize,205490,Port Hedland,Qingdao,Iron Ore,3625.9,689.04,90.44,18.05,Calm,2.5,2026,4,3,2
2026-08-31,Container Post-Panamax,123379,Ningbo,Hamburg,Containerized Freight,10553.0,648.26,102.56,158.45,Monsoon/Tropical Cyclone,4.3,2026,8,0,3
2025-09-20,Supramax,60378,Singapore,Dubai,Containerized Freight,3311.4,619.12,112.78,46.12,Moderate,0.5,2025,9,5,3
2024-09-18,Suezmax,130502,Houston,Rotterdam,Crude Oil,4785.7,660.7,88.14,40.55,Calm,3.7,2024,9,2,3
2026-08-03,VLCC,308069,Ras Tanura,Singapore,Crude Oil,3778.5,632.22,109.29,22.23,Calm,1.3,2026,8,0,3
2023-12-27,VLCC,302431,Ras Tanura,Qingdao,Crude Oil,6348.4,683.57,99.5,30.05,Rough Sea,1.4,2023,12,2,4
2024-09-21,Supramax,60189,Singapore,Dubai,Containerized Freight,3466.7,635.8,108.12,47.84,Calm,1.4,2024,9,5,3
2026-03-05,LNG Carrier,82278,Ras Laffan,Tokyo,LNG,6353.8,765.44,87.69,134.41,Monsoon/Tropical Cyclone,2.1,2026,3,3,1
2025-09-25,Capesize,205561,Santos,Qingdao,Iron Ore,11575.6,638.28,121.74,43.5,Calm,5.2,2025,9,3,3
2025-05-24,Panamax,66782,Santos,Qingdao,Grain,11454.9,593.93,93.16,61.67,Calm,0.5,2025,5,5,2
2025-06-10,Capesize,165759,Port Hedland,Qingdao,Iron Ore,3689.7,597.79,100.92,27.72,Moderate,6.7,2025,6,1,2
2025-05-17,VLCC,299104,Ras Tanura,Qingdao,Crude Oil,6271.0,550.62,97.56,28.13,Calm,0.7,2025,5,5,2
2025-10-12,LNG Carrier,78370,Ras Laffan,Tokyo,LNG,6374.1,616.22,117.4,111.69,Calm,7.8,2025,10,6,4
2025-04-23,Capesize,180320,Richards Bay,Rotterdam,Thermal Coal,7005.0,545.61,81.92,36.11,Stormy,10.3,2025,4,2,2
2025-03-03,Suezmax,139215,Houston,Rotterdam,Refined Petroleum,4961.9,581.09,94.74,48.63,Stormy,5.5,2025,3,0,1
2024-11-20,LNG Carrier,81660,Dampier,Yokohama,Iron Ore,4023.8,611.44,116.46,88.55,Calm,4.9,2024,11,2,4
2026-01-28,Suezmax,138982,Ras Tanura,Singapore,Crude Oil,3753.0,708.19,93.82,40.35,Calm,7.5,2026,1,2,1
2024-04-29,Aframax,110960,Corpus Christi,Antwerp,Crude Oil,5066.0,677.45,100.73,63.03,Calm,12.2,2024,4,0,2
2024-05-15,Handysize,37671,Singapore,Dubai,Steel Coils,3434.9,735.65,88.47,57.73,Calm,2.6,2024,5,2,2
2024-06-28,Aframax,84633,Houston,Rotterdam,Chemicals,4904.8,704.13,108.9,64.67,Moderate,11.5,2024,6,4,2
2025-09-19,Capesize,162851,Port Hedland,Qingdao,Iron Ore,3671.2,646.24,112.88,32.01,Calm,8.5,2025,9,4,3
2026-07-22,Capesize,173414,Santos,Qingdao,Iron Ore,12127.8,713.77,86.17,38.79,Moderate,3.0,2026,7,2,3
2025-01-07,Panamax,77836,Newcastle,Mumbai,Thermal Coal,5922.4,581.51,94.26,41.15,Calm,2.2,2025,1,1,1
2025-07-17,Capesize,180517,Newcastle,Mumbai,Thermal Coal,6002.7,589.38,106.67,24.76,Calm,0.7,2025,7,3,3
2024-01-04,Aframax,100026,Houston,Rotterdam,Crude Oil,4790.0,706.91,91.05,48.93,Calm,0.5,2024,1,3,1
2026-04-11,LNG Carrier,72238,Ras Laffan,Tokyo,LNG,6356.3,743.31,89.13,103.01,Moderate,0.6,2026,4,5,2
2026-01-26,Capesize,192575,Port Hedland,Qingdao,Iron Ore,3589.8,742.12,84.12,31.92,Calm,15.2,2026,1,0,1
2024-03-10,Container Post-Panamax,97045,Singapore,Dubai,Chemicals,3317.0,692.15,92.44,73.43,Calm,0.5,2024,3,6,1
2025-05-27,Suezmax,143755,Ras Tanura,Singapore,Crude Oil,3671.5,607.04,104.53,34.89,Moderate,0.9,2025,5,1,2
2023-10-11,Panamax,65908,Richards Bay,Rotterdam,Thermal Coal,7115.4,626.76,125.26,63.45,Rough Sea,3.9,2023,10,2,4
2026-08-10,VLCC,304201,Ras Tanura,Singapore,Crude Oil,3756.6,648.51,93.04,27.83,Stormy,3.4,2026,8,0,3
2024-08-09,Supramax,59659,Singapore,Dubai,Containerized Freight,3466.8,709.8,103.48,55.17,Rough Sea,2.0,2024,8,4,3
2026-03-31,Capesize,183291,Dampier,Yokohama,LNG,4006.0,718.06,98.08,24.19,Rough Sea,3.1,2026,3,1,1
2024-03-31,Panamax,65711,Tubarao,Qingdao,Bauxite,11323.5,682.43,99.88,65.51,Moderate,0.8,2024,3,6,1
2025-10-07,Panamax,67608,Tubarao,Qingdao,Bauxite,11108.3,671.67,120.77,69.51,Calm,3.4,2025,10,1,4
2026-03-01,Capesize,196473,Santos,Qingdao,Iron Ore,11618.5,688.8,111.01,36.63,Calm,0.7,2026,3,6,1
2024-02-03,LNG Carrier,77827,Ras Laffan,Tokyo,LNG,6626.0,761.3,112.14,115.05,Calm,1.6,2024,2,5,1
2024-09-13,Panamax,71661,Newcastle,Mumbai,Thermal Coal,5867.2,630.63,113.41,49.29,Moderate,1.0,2024,9,4,3
2025-09-17,Panamax,83094,Newcastle,Mumbai,Thermal Coal,5809.5,638.13,124.99,56.33,Moderate,7.2,2025,9,2,3
2025-03-12,Aframax,119066,Corpus Christi,Antwerp,Crude Oil,4911.9,575.24,113.03,44.25,Calm,0.8,2025,3,2,1
2026-06-18,VLCC,316979,Ras Tanura,Singapore,Crude Oil,3710.6,688.01,84.05,26.15,Calm,4.8,2026,6,3,2
2024-07-21,Container Post-Panamax,120372,Ningbo,Hamburg,Containerized Freight,10762.3,675.83,101.06,129.21,Calm,2.5,2024,7,6,3
2026-01-31,Suezmax,164679,Corpus Christi,Antwerp,Crude Oil,5021.2,755.24,81.87,38.68,Moderate,2.5,2026,1,5,1
2024-03-30,Suezmax,138735,Ras Tanura,Qingdao,Crude Oil,6389.2,739.17,110.74,48.51,Moderate,1.3,2024,3,5,1
2025-04-16,Suezmax,162522,Ras Tanura,Qingdao,Crude Oil,6353.8,523.85,93.26,41.46,Calm,3.7,2025,4,2,2
2025-07-01,Capesize,177452,Port Hedland,Qingdao,Iron Ore,3693.8,599.76,78.8,28.33,Rough Sea,8.8,2025,7,1,3
2024-11-03,Container Post-Panamax,114708,Shanghai,Los Angeles,Containerized Freight,5791.7,596.32,110.05,89.38,Calm,2.9,2024,11,6,4
2023-11-19,Supramax,60219,Singapore,Dubai,Containerized Freight,3374.0,696.46,93.32,51.41,Calm,3.5,2023,11,6,4
2025-01-04,Panamax,72092,Santos,Rotterdam,Bauxite,5402.9,585.51,73.59,35.46,Calm,3.0,2025,1,5,1
2025-09-14,Capesize,178454,Tubarao,Qingdao,Bauxite,11171.3,619.33,128.71,46.54,Moderate,3.5,2025,9,6,3
2025-06-13,Supramax,63162,Houston,Rotterdam,Chemicals,4824.6,584.91,116.78,63.3,Calm,12.2,2025,6,4,2
2025-05-06,LNG Carrier,74345,Dampier,Yokohama,LNG,3895.1,578.66,120.21,86.01,Calm,2.7,2025,5,1,2
2024-12-01,Handysize,37425,Singapore,Dubai,Chemicals,3431.6,604.9,85.73,70.88,Monsoon/Tropical Cyclone,4.7,2024,12,6,4
2024-08-04,Suezmax,140245,Houston,Rotterdam,Refined Petroleum,4848.0,685.0,100.0,42.04,Calm,3.8,2024,8,6,3
2023-11-27,Panamax,65247,Richards Bay,Rotterdam,Thermal Coal,7190.8,677.78,106.51,56.65,Calm,0.5,2023,11,0,4
2024-03-01,Container Post-Panamax,102415,Shanghai,Los Angeles,Containerized Freight,5680.2,715.98,106.26,94.01,Calm,0.7,2024,3,4,1
2024-12-29,Suezmax,147348,Houston,Rotterdam,Refined Petroleum,4778.4,542.84,94.71,27.84,Calm,0.5,2024,12,6,4
2026-08-21,Panamax,74335,Santos,Rotterdam,Bauxite,5354.3,643.98,91.05,39.08,Calm,1.6,2026,8,4,3
2024-04-22,Suezmax,156471,Corpus Christi,Antwerp,Crude Oil,4947.2,717.18,85.66,37.54,Calm,0.9,2024,4,0,2
2025-08-06,Capesize,192323,Port Hedland,Qingdao,Iron Ore,3668.5,623.84,93.58,17.78,Calm,3.3,2025,8,2,3
2023-12-29,LNG Carrier,85528,Ras Laffan,Tokyo,LNG,6667.0,687.21,102.72,112.4,Moderate,4.8,2023,12,4,4
2025-07-05,Panamax,65166,Santos,Rotterdam,Grain,5507.3,575.38,94.01,46.1,Calm,9.3,2025,7,5,3
2024-12-31,Capesize,189784,Santos,Qingdao,Grain,12025.0,560.01,116.41,43.2,Moderate,4.2,2024,12,1,4
2026-06-16,Supramax,50295,Houston,Rotterdam,Chemicals,4970.5,711.66,101.6,59.2,Calm,3.1,2026,6,1,2
2025-07-30,Panamax,82051,Santos,Qingdao,Grain,11528.8,612.01,103.76,79.17,Monsoon/Tropical Cyclone,1.9,2025,7,2,3
2025-07-18,Container Post-Panamax,132320,Shanghai,Los Angeles,Containerized Freight,5605.3,627.53,117.35,92.53,Calm,5.1,2025,7,4,3
2026-07-18,LNG Carrier,74816,Ras Laffan,Tokyo,LNG,6612.7,670.18,85.97,103.43,Moderate,0.5,2026,7,5,3
2026-06-28,Suezmax,138632,Ras Tanura,Singapore,Crude Oil,3823.6,700.6,114.65,39.58,Calm,1.3,2026,6,6,2
2026-09-30,Supramax,54974,Houston,Rotterdam,Crude Oil,4818.4,630.04,131.48,60.94,Calm,2.6,2026,9,2,3
2025-04-27,Container Post-Panamax,133693,Ningbo,Hamburg,Containerized Freight,10240.0,516.56,106.55,135.95,Moderate,17.2,2025,4,6,2
2023-11-26,Capesize,177702,Newcastle,Mumbai,Thermal Coal,6061.2,675.7,91.34,36.22,Monsoon/Tropical Cyclone,5.2,2023,11,6,4
2024-03-26,Panamax,67747,Santos,Qingdao,Iron Ore,11611.7,692.79,98.38,70.89,Moderate,2.9,2024,3,1,1
2025-08-30,Suezmax,134617,Ras Tanura,Qingdao,Crude Oil,6410.2,604.55,103.57,47.68,Calm,6.8,2025,8,5,3
2024-07-31,Panamax,81068,Richards Bay,Rotterdam,Thermal Coal,7141.8,644.19,89.51,57.72,Rough Sea,11.2,2024,7,2,3
2026-06-09,Handysize,37448,Singapore,Dubai,Steel Coils,3459.9,724.02,120.97,67.7,Moderate,2.5,2026,6,1,2
2025-08-16,Container Post-Panamax,109354,Ningbo,Hamburg,Containerized Freight,10396.2,589.8,87.69,113.48,Calm,1.3,2025,8,5,3
2024-01-28,Container Post-Panamax,126222,Ningbo,Hamburg,Containerized Freight,10301.5,696.27,98.49,130.3,Rough Sea,0.5,2024,1,6,1
2025-04-23,Capesize,171875,Newcastle,Mumbai,Thermal Coal,5745.6,580.57,109.47,31.8,Moderate,4.8,2025,4,2,2
2026-04-27,Capesize,187530,Tubarao,Qingdao,Iron Ore,10980.2,743.75,108.46,39.69,Moderate,3.2,2026,4,0,2
2025-05-21,Capesize,187505,Port Hedland,Qingdao,Iron Ore,3574.5,548.34,109.47,31.13,Rough Sea,11.2,2025,5,2,2
2024-06-23,LNG Carrier,87970,Dampier,Yokohama,Iron Ore,3974.2,679.21,99.09,91.09,Moderate,3.5,2024,6,6,2
2025-12-14,Capesize,173057,Newcastle,Mumbai,Thermal Coal,5928.0,695.06,91.39,24.38,Calm,5.3,2025,12,6,4
2024-11-09,Panamax,80533,Richards Bay,Rotterdam,Thermal Coal,7183.5,630.84,105.39,61.05,Moderate,10.4,2024,11,5,4
2024-01-01,Panamax,72996,Newcastle,Mumbai,Thermal Coal,5946.4,701.03,98.55,46.23,Moderate,1.6,2024,1,0,1
2025-10-19,Capesize,164718,Newcastle,Mumbai,Thermal Coal,5775.5,640.45,83.41,25.33,Stormy,2.6,2025,10,6,4
2026-05-23,Supramax,53499,Houston,Rotterdam,Crude Oil,4846.9,706.33,97.53,53.64,Moderate,1.9,2026,5,5,2
2024-10-18,LNG Carrier,74065,Dampier,Yokohama,LNG,3935.4,609.19,105.18,86.57,Calm,2.4,2024,10,4,4
2023-12-15,Panamax,80481,Newcastle,Mumbai,Thermal Coal,5983.1,703.82,86.31,46.46,Calm,4.9,2023,12,4,4
2025-01-20,Capesize,186403,Richards Bay,Rotterdam,Thermal Coal,7103.8,547.54,100.7,39.67,Stormy,8.8,2025,1,0,1
2024-12-05,Capesize,185935,Dampier,Yokohama,LNG,3849.8,570.82,119.08,30.02,Moderate,7.0,2024,12,3,4
2025-01-05,Capesize,205114,Port Hedland,Qingdao,Iron Ore,3659.9,612.89,72.97,16.16,Calm,5.3,2025,1,6,1
2026-09-24,VLCC,317420,Ras Tanura,Singapore,Crude Oil,3765.2,635.15,120.06,31.98,Moderate,4.6,2026,9,3,3
2024-02-07,Capesize,194227,Tubarao,Qingdao,Iron Ore,11249.6,696.62,101.74,36.31,Moderate,2.9,2024,2,2,1
2024-11-01,Capesize,172085,Dampier,Yokohama,LNG,4006.3,619.22,96.48,22.28,Moderate,3.0,2024,11,4,4
2024-10-30,Panamax,65060,Santos,Rotterdam,Grain,5461.2,595.68,109.48,44.64,Calm,1.1,2024,10,2,4
2024-03-11,Container Post-Panamax,98894,Shanghai,Los Angeles,Containerized Freight,5854.4,706.8,99.85,95.22,Calm,2.3,2024,3,0,1
2025-11-04,Capesize,177739,Richards Bay,Rotterdam,Thermal Coal,7246.8,636.54,97.04,33.49,Rough Sea,5.6,2025,11,1,4
2024-12-13,Container Post-Panamax,131691,Shanghai,Los Angeles,Containerized Freight,5576.8,658.65,102.23,93.24,Moderate,2.2,2024,12,4,4
2026-04-05,Panamax,72658,Tubarao,Qingdao,Iron Ore,11076.0,714.06,90.51,67.96,Moderate,7.8,2026,4,6,2
2025-08-22,LNG Carrier,94957,Ras Laffan,Tokyo,LNG,6397.9,625.75,98.79,121.95,Moderate,16.7,2025,8,4,3
2025-04-05,Container Post-Panamax,107987,Shanghai,Los Angeles,Containerized Freight,5806.9,598.53,104.38,89.98,Calm,1.2,2025,4,5,2
2025-10-22,Aframax,90003,Corpus Christi,Antwerp,Refined Petroleum,4901.0,670.2,121.66,69.78,Stormy,5.2,2025,10,2,4
2026-02-08,Panamax,67928,Tubarao,Qingdao,Iron Ore,11162.2,680.39,102.83,71.7,Calm,6.7,2026,2,6,1
2024-04-11,VLCC,301618,Ras Tanura,Singapore,Crude Oil,3676.0,688.91,99.88,23.34,Moderate,0.5,2024,4,3,2
2025-10-12,Capesize,202379,Richards Bay,Rotterdam,Thermal Coal,7167.0,660.59,100.16,26.7,Calm,2.1,2025,10,6,4
2023-12-14,Capesize,186238,Dampier,Yokohama,LNG,4034.1,691.61,105.99,32.67,Rough Sea,7.2,2023,12,3,4
2024-07-16,Aframax,119094,Corpus Christi,Antwerp,Crude Oil,4803.9,671.62,92.83,50.88,Rough Sea,2.0,2024,7,1,3
2025-12-25,Suezmax,152218,Ras Tanura,Qingdao,Crude Oil,6231.0,695.62,96.24,43.09,Moderate,3.0,2025,12,3,4
2024-06-02,Panamax,80856,Newcastle,Mumbai,Thermal Coal,5867.2,710.33,95.09,50.13,Calm,5.6,2024,6,6,2
2026-03-17,Aframax,87624,Houston,Rotterdam,Refined Petroleum,4790.5,678.75,94.34,52.48,Calm,5.9,2026,3,1,1
2026-05-27,LNG Carrier,86081,Dampier,Yokohama,Iron Ore,3869.3,698.04,80.01,81.95,Calm,1.7,2026,5,2,2
2024-08-17,Capesize,198280,Richards Bay,Rotterdam,Thermal Coal,7133.3,677.28,99.17,26.8,Moderate,0.5,2024,8,5,3
2025-01-03,Container Post-Panamax,89785,Shanghai,Los Angeles,Containerized Freight,5623.6,551.83,103.31,85.83,Calm,2.3,2025,1,4,1
2025-08-22,Container Post-Panamax,132495,Singapore,Dubai,Chemicals,3388.1,596.28,81.01,77.75,Monsoon/Tropical Cyclone,1.9,2025,8,4,3
2026-04-06,Panamax,81073,Santos,Qingdao,Iron Ore,11979.2,667.87,94.81,88.82,Monsoon/Tropical Cyclone,6.4,2026,4,0,2
2024-12-19,Container Post-Panamax,92661,Shanghai,Los Angeles,Containerized Freight,5668.3,597.22,88.16,94.3,Moderate,10.3,2024,12,3,4
2026-06-30,Aframax,92679,Corpus Christi,Antwerp,Crude Oil,5057.1,705.17,100.39,51.66,Calm,0.6,2026,6,1,2
2026-03-08,Capesize,177054,Tubarao,Qingdao,Bauxite,11381.8,721.54,93.15,48.71,Monsoon/Tropical Cyclone,2.2,2026,3,6,1
2026-07-02,Handysize,32931,Singapore,Dubai,Steel Coils,3335.1,667.51,104.78,79.6,Monsoon/Tropical Cyclone,6.0,2026,7,3,3
2025-01-08,Capesize,176268,Newcastle,Mumbai,Thermal Coal,5745.6,549.8,90.37,25.14,Calm,7.3,2025,1,2,1
2024-02-12,Panamax,76287,Tubarao,Qingdao,Bauxite,11176.2,747.66,103.72,69.47,Moderate,1.6,2024,2,0,1
2026-05-07,VLCC,301045,Ras Tanura,Singapore,Crude Oil,3796.0,702.55,76.03,25.06,Moderate,2.6,2026,5,3,2
2025-01-19,Panamax,84944,Santos,Qingdao,Iron Ore,12064.9,610.75,100.19,66.98,Moderate,2.0,2025,1,6,1
2025-03-25,Container Post-Panamax,122797,Shanghai,Los Angeles,Containerized Freight,5637.3,557.91,107.13,97.56,Calm,15.3,2025,3,1,1
2024-07-17,Suezmax,158815,Houston,Rotterdam,Refined Petroleum,4894.9,675.08,96.54,37.84,Rough Sea,1.4,2024,7,2,3
2024-05-14,Suezmax,157262,Corpus Christi,Antwerp,Crude Oil,4946.0,675.93,99.04,39.31,Rough Sea,1.9,2024,5,1,2
2025-11-10,Capesize,165313,Richards Bay,Rotterdam,Thermal Coal,7072.4,657.13,93.8,41.07,Monsoon/Tropical Cyclone,7.9,2025,11,0,4
2025-07-10,Capesize,196468,Richards Bay,Rotterdam,Thermal Coal,7041.4,577.83,103.27,22.98,Moderate,0.5,2025,7,3,3
2025-02-21,LNG Carrier,73329,Dampier,Yokohama,LNG,4048.3,567.09,96.37,92.44,Rough Sea,5.1,2025,2,4,1
2024-09-30,Panamax,79135,Tubarao,Qingdao,Bauxite,10921.3,619.9,108.44,76.57,Rough Sea,12.6,2024,9,0,3
2024-12-09,Supramax,58821,Santos,Rotterdam,Bauxite,5337.0,592.6,103.6,53.79,Moderate,2.3,2024,12,0,4
2024-07-24,Container Post-Panamax,120161,Singapore,Dubai,Steel Coils,3311.2,702.45,113.05,79.67,Moderate,1.1,2024,7,2,3
2026-02-06,Panamax,67127,Tubarao,Qingdao,Iron Ore,11010.5,753.94,103.95,72.49,Moderate,3.0,2026,2,4,1
2024-03-10,Suezmax,133440,Ras Tanura,Singapore,Crude Oil,3695.0,708.22,101.76,35.91,Moderate,1.0,2024,3,6,1
2026-03-26,Panamax,72798,Santos,Qingdao,Grain,11503.1,718.85,94.14,72.1,Rough Sea,1.0,2026,3,3,1
2025-12-28,Supramax,52395,Santos,Rotterdam,Grain,5526.6,700.44,94.61,62.13,Moderate,5.9,2025,12,6,4
2025-01-28,Panamax,71788,Santos,Rotterdam,Grain,5354.7,594.29,102.91,42.85,Moderate,1.4,2025,1,1,1
2025-10-16,VLCC,300615,Ras Tanura,Qingdao,Crude Oil,6381.5,626.25,101.79,36.73,Stormy,1.8,2025,10,3,4
2025-09-25,LNG Carrier,70446,Ras Laffan,Tokyo,LNG,6663.1,668.11,122.68,116.65,Calm,5.0,2025,9,3,3
2024-01-05,Panamax,68291,Richards Bay,Rotterdam,Thermal Coal,7079.3,723.86,100.3,55.26,Moderate,2.5,2024,1,4,1
2024-06-28,Capesize,203519,Tubarao,Qingdao,Iron Ore,11084.6,717.9,82.82,41.7,Rough Sea,2.8,2024,6,4,2
2025-05-24,Panamax,83545,Newcastle,Mumbai,Thermal Coal,5968.8,575.11,84.39,38.33,Calm,1.0,2025,5,5,2
2026-09-27,Capesize,182727,Dampier,Yokohama,Iron Ore,4013.7,595.1,116.85,30.61,Calm,9.0,2026,9,6,3
2024-05-29,Suezmax,150610,Corpus Christi,Antwerp,Refined Petroleum,5025.9,673.02,85.59,38.15,Calm,1.3,2024,5,2,2
2024-04-24,Container Post-Panamax,85506,Singapore,Dubai,Containerized Freight,3424.9,752.68,88.69,82.37,Moderate,4.4,2024,4,2,2
2024-09-15,VLCC,319352,Ras Tanura,Singapore,Crude Oil,3634.9,631.57,109.86,23.53,Moderate,0.9,2024,9,6,3
2025-01-14,Capesize,178066,Tubarao,Qingdao,Iron Ore,11142.3,603.83,77.78,35.85,Calm,8.0,2025,1,1,1
2025-02-24,Capesize,197375,Dampier,Yokohama,LNG,4035.9,574.32,115.72,29.93,Moderate,9.6,2025,2,0,1
2025-04-13,Container Post-Panamax,117004,Shanghai,Los Angeles,Containerized Freight,5615.0,606.0,120.96,94.65,Moderate,2.1,2025,4,6,2
2026-03-05,VLCC,312628,Ras Tanura,Singapore,Crude Oil,3790.9,744.06,104.97,27.11,Moderate,0.5,2026,3,3,1
2023-10-16,Capesize,170410,Tubarao,Qingdao,Iron Ore,11140.1,618.21,103.96,38.36,Calm,3.2,2023,10,0,4
2023-10-22,Capesize,207581,Port Hedland,Qingdao,Iron Ore,3738.4,645.47,117.12,41.24,Monsoon/Tropical Cyclone,9.4,2023,10,6,4
2026-07-10,Panamax,65721,Santos,Rotterdam,Bauxite,5487.3,713.05,90.32,46.3,Moderate,4.2,2026,7,4,3
2026-03-10,Handysize,31200,Singapore,Dubai,Containerized Freight,3373.9,696.93,102.77,79.37,Monsoon/Tropical Cyclone,1.9,2026,3,1,1
2025-09-11,LNG Carrier,86592,Ras Laffan,Tokyo,LNG,6634.1,631.34,96.4,104.47,Moderate,2.1,2025,9,3,3
2026-09-03,Capesize,205192,Newcastle,Mumbai,Thermal Coal,5832.4,646.65,110.41,26.18,Moderate,1.6,2026,9,3,3
2025-04-11,Capesize,162001,Richards Bay,Rotterdam,Thermal Coal,7299.2,597.45,106.87,39.06,Calm,12.6,2025,4,4,2
2024-02-11,Capesize,173330,Richards Bay,Rotterdam,Thermal Coal,7101.3,722.77,100.81,29.84,Rough Sea,2.6,2024,2,6,1
2026-06-13,Capesize,170619,Port Hedland,Qingdao,Iron Ore,3618.7,703.02,106.16,30.87,Moderate,7.1,2026,6,5,2
2024-03-24,Supramax,59189,Santos,Rotterdam,Grain,5424.4,704.83,96.61,55.27,Calm,1.0,2024,3,6,1
2026-06-12,Panamax,73430,Santos,Qingdao,Iron Ore,12087.6,700.54,93.64,63.79,Calm,1.1,2026,6,4,2
2026-02-14,Panamax,83348,Santos,Rotterdam,Grain,5411.7,675.06,96.21,53.0,Rough Sea,4.9,2026,2,5,1
2026-06-22,LNG Carrier,93511,Ras Laffan,Tokyo,LNG,6611.0,703.84,103.91,106.78,Calm,1.3,2026,6,0,2
2024-03-25,LNG Carrier,84360,Ras Laffan,Tokyo,LNG,6470.9,734.59,79.73,110.48,Moderate,5.3,2024,3,0,1
2026-07-11,LNG Carrier,74893,Ras Laffan,Tokyo,LNG,6493.4,695.46,101.23,134.02,Stormy,4.4,2026,7,5,3
2025-06-05,Suezmax,164574,Ras Tanura,Qingdao,Crude Oil,6395.8,558.27,65.91,32.16,Moderate,2.8,2025,6,3,2
2024-07-21,Panamax,77512,Tubarao,Qingdao,Bauxite,11006.2,733.57,101.06,67.68,Moderate,0.5,2024,7,6,3
2025-08-11,Aframax,93478,Houston,Rotterdam,Chemicals,4807.4,605.85,103.23,63.15,Stormy,7.3,2025,8,0,3
2026-06-26,Capesize,171997,Tubarao,Qingdao,Bauxite,11140.4,711.73,108.13,39.38,Calm,3.7,2026,6,4,2
2026-01-03,Handysize,31231,Singapore,Dubai,Chemicals,3333.2,668.27,88.92,58.77,Calm,1.2,2026,1,5,1
2024-06-03,Container Post-Panamax,106512,Ningbo,Hamburg,Containerized Freight,10682.1,710.47,122.48,145.93,Rough Sea,3.7,2024,6,0,2
2026-02-27,Capesize,203667,Port Hedland,Qingdao,Iron Ore,3634.5,721.34,111.75,25.53,Calm,1.8,2026,2,4,1
2024-06-23,Suezmax,150708,Ras Tanura,Qingdao,Crude Oil,6147.3,677.91,116.54,58.45,Rough Sea,10.3,2024,6,6,2
2026-06-30,Aframax,111577,Houston,Rotterdam,Chemicals,4875.1,684.61,105.99,56.83,Calm,8.3,2026,6,1,2
2024-10-31,Container Post-Panamax,81778,Shanghai,Los Angeles,Containerized Freight,5760.4,605.73,112.61,91.42,Calm,4.1,2024,10,3,4
2024-05-30,Capesize,196081,Richards Bay,Rotterdam,Thermal Coal,7046.5,707.46,97.12,36.96,Stormy,2.7,2024,5,3,2
2024-03-18,Capesize,163555,Dampier,Yokohama,Iron Ore,3874.1,707.56,87.6,26.6,Calm,7.1,2024,3,0,1
2024-08-13,Panamax,73319,Newcastle,Mumbai,Thermal Coal,5781.4,710.33,96.39,53.81,Moderate,5.4,2024,8,1,3
2025-03-26,Container Post-Panamax,87370,Ningbo,Hamburg,Containerized Freight,10342.9,530.57,107.49,128.66,Rough Sea,3.0,2025,3,2,1
2026-09-07,LNG Carrier,78050,Dampier,Yokohama,Iron Ore,3978.0,661.96,100.2,85.92,Calm,1.2,2026,9,0,3
2026-09-24,Capesize,178340,Dampier,Yokohama,Iron Ore,3976.3,659.85,114.89,27.23,Calm,6.0,2026,9,3,3
2025-03-17,Capesize,206527,Dampier,Yokohama,Iron Ore,3974.6,546.14,95.87,19.86,Moderate,4.9,2025,3,0,1
2025-12-05,Supramax,58262,Santos,Rotterdam,Bauxite,5425.7,710.51,92.38,58.47,Calm,3.6,2025,12,4,4
2025-07-31,LNG Carrier,74195,Dampier,Yokohama,LNG,3974.5,640.05,100.69,85.23,Calm,1.7,2025,7,3,3
2026-08-20,Capesize,208581,Port Hedland,Qingdao,Iron Ore,3645.7,695.86,96.62,23.73,Calm,3.7,2026,8,3,3
2024-10-25,Panamax,83557,Santos,Qingdao,Grain,11778.4,623.53,102.79,76.47,Calm,14.1,2024,10,4,4
2026-03-15,Panamax,76273,Richards Bay,Rotterdam,Thermal Coal,7125.8,721.96,124.84,64.38,Moderate,7.1,2026,3,6,1
2026-02-02,Container Post-Panamax,118988,Ningbo,Hamburg,Containerized Freight,10789.6,652.31,104.81,124.88,Calm,0.5,2026,2,0,1
2024-11-11,Panamax,81779,Richards Bay,Rotterdam,Thermal Coal,7281.7,640.15,107.4,51.47,Moderate,0.8,2024,11,0,4
2024-05-11,LNG Carrier,74400,Dampier,Yokohama,LNG,3923.1,716.75,93.15,82.87,Calm,0.9,2024,5,5,2
2023-12-05,Capesize,173277,Dampier,Yokohama,LNG,3944.5,682.41,123.86,37.84,Moderate,6.7,2023,12,1,4
2025-01-23,Panamax,65107,Santos,Rotterdam,Grain,5382.9,567.25,87.23,38.27,Calm,3.5,2025,1,3,1
2024-02-11,Panamax,65633,Newcastle,Mumbai,Thermal Coal,5991.5,675.52,78.4,40.49,Calm,1.5,2024,2,6,1
2024-03-31,Capesize,201877,Santos,Qingdao,Grain,11977.7,716.49,98.73,40.82,Calm,6.0,2024,3,6,1
2025-08-13,Suezmax,145096,Ras Tanura,Singapore,Crude Oil,3655.4,607.7,103.15,38.66,Stormy,3.9,2025,8,2,3
2026-09-01,Container Post-Panamax,121163,Shanghai,Los Angeles,Containerized Freight,5557.5,644.06,99.72,102.81,Rough Sea,8.7,2026,9,1,3
2025-07-11,Container Post-Panamax,80801,Shanghai,Los Angeles,Containerized Freight,5641.5,601.47,116.77,96.48,Calm,7.5,2025,7,4,3
2025-05-09,Supramax,62652,Santos,Rotterdam,Grain,5502.2,550.45,99.99,46.22,Calm,0.9,2025,5,4,2
2025-05-07,Aframax,111650,Corpus Christi,Antwerp,Crude Oil,4844.3,571.3,97.13,46.98,Calm,3.7,2025,5,2,2
2026-02-19,Capesize,176392,Richards Bay,Rotterdam,Thermal Coal,7135.9,691.08,93.82,35.38,Moderate,6.1,2026,2,3,1
2026-06-28,Supramax,51440,Santos,Rotterdam,Grain,5554.5,713.09,110.15,64.83,Rough Sea,0.5,2026,6,6,2
2024-04-02,Panamax,81283,Richards Bay,Rotterdam,Thermal Coal,6979.3,790.21,84.48,50.23,Calm,2.3,2024,4,1,2
2025-12-04,Aframax,109895,Houston,Rotterdam,Chemicals,4814.4,689.49,109.66,49.26,Calm,0.8,2025,12,3,4
2023-11-05,Panamax,66091,Tubarao,Qingdao,Iron Ore,11225.9,660.78,112.76,69.56,Calm,4.1,2023,11,6,4
2026-08-24,Capesize,203014,Dampier,Yokohama,LNG,3843.4,654.68,90.6,22.35,Moderate,0.7,2026,8,0,3
2025-11-07,Capesize,175905,Tubarao,Qingdao,Iron Ore,11531.7,664.83,84.22,39.66,Moderate,8.0,2025,11,4,4
2024-12-03,Container Post-Panamax,81351,Shanghai,Los Angeles,Containerized Freight,5547.8,595.49,105.05,85.07,Calm,0.5,2024,12,1,4
2025-02-26,Supramax,61368,Singapore,Dubai,Containerized Freight,3309.3,536.06,95.72,45.42,Moderate,3.6,2025,2,2,1
2025-02-01,LNG Carrier,87242,Ras Laffan,Tokyo,LNG,6375.8,610.36,86.77,108.01,Rough Sea,0.5,2025,2,5,1
2024-08-21,Supramax,56119,Houston,Rotterdam,Crude Oil,4788.1,683.8,103.43,54.23,Calm,2.5,2024,8,2,3
2025-06-24,Panamax,71430,Newcastle,Mumbai,Thermal Coal,5996.3,598.11,91.02,49.72,Rough Sea,5.3,2025,6,1,2
2024-09-22,Aframax,83148,Houston,Rotterdam,Refined Petroleum,4749.4,648.05,104.9,52.27,Calm,3.7,2024,9,6,3
2024-03-04,Capesize,181206,Dampier,Yokohama,LNG,3909.6,756.04,120.49,28.28,Calm,2.6,2024,3,0,1
2025-02-21,Capesize,169000,Port Hedland,Qingdao,Iron Ore,3642.4,575.29,114.3,31.0,Rough Sea,7.5,2025,2,4,1
2026-09-04,Panamax,80738,Newcastle,Mumbai,Thermal Coal,5833.1,659.12,103.61,55.15,Moderate,9.1,2026,9,4,3
2025-06-23,Panamax,65162,Santos,Qingdao,Iron Ore,11764.3,591.35,100.34,74.31,Rough Sea,0.6,2025,6,0,2
2023-11-27,Panamax,73903,Santos,Rotterdam,Grain,5596.7,700.55,106.11,54.94,Rough Sea,2.5,2023,11,0,4
2026-02-11,Capesize,191351,Dampier,Yokohama,LNG,3913.8,696.66,102.78,18.27,Moderate,0.7,2026,2,2,1
2026-08-11,Capesize,167374,Tubarao,Qingdao,Iron Ore,11426.4,666.02,102.38,40.56,Rough Sea,4.1,2026,8,1,3
2025-07-18,LNG Carrier,93760,Ras Laffan,Tokyo,LNG,6477.9,560.91,82.89,101.1,Calm,2.1,2025,7,4,3
2026-03-11,LNG Carrier,78571,Ras Laffan,Tokyo,LNG,6677.1,751.08,101.72,110.44,Calm,0.5,2026,3,2,1
2025-12-25,Capesize,200305,Santos,Qingdao,Grain,12092.9,665.49,102.03,41.41,Calm,4.1,2025,12,3,4
2024-02-11,Container Post-Panamax,99719,Shanghai,Los Angeles,Containerized Freight,5742.1,706.15,76.67,85.52,Moderate,0.5,2024,2,6,1
2025-05-22,LNG Carrier,72751,Ras Laffan,Tokyo,LNG,6659.0,576.33,84.52,104.98,Calm,0.5,2025,5,3,2
2026-09-03,Suezmax,145223,Houston,Rotterdam,Refined Petroleum,4972.2,706.75,114.06,51.31,Stormy,2.2,2026,9,3,3
2025-05-26,Aframax,106747,Corpus Christi,Antwerp,Crude Oil,4941.2,563.6,108.9,48.9,Calm,1.5,2025,5,0,2
2026-05-23,Container Post-Panamax,129817,Ningbo,Hamburg,Containerized Freight,10696.5,699.84,100.44,127.69,Calm,1.7,2026,5,5,2
2025-05-01,Suezmax,155765,Ras Tanura,Singapore,Crude Oil,3609.2,573.19,106.33,32.1,Moderate,1.4,2025,5,3,2
2026-04-10,Panamax,79118,Newcastle,Mumbai,Thermal Coal,6057.9,734.17,97.91,47.38,Calm,1.2,2026,4,4,2
2025-08-17,LNG Carrier,92148,Ras Laffan,Tokyo,LNG,6633.9,645.93,96.5,106.08,Moderate,1.0,2025,8,6,3
2026-08-30,Capesize,190846,Port Hedland,Qingdao,Iron Ore,3727.3,638.23,108.24,26.3,Moderate,4.2,2026,8,6,3
2026-03-28,Supramax,59846,Santos,Rotterdam,Bauxite,5609.1,711.47,103.43,67.5,Rough Sea,4.7,2026,3,5,1
2025-05-15,Capesize,198890,Port Hedland,Qingdao,Iron Ore,3609.2,540.69,112.08,17.78,Calm,5.7,2025,5,3,2
2026-09-21,Panamax,72508,Santos,Qingdao,Grain,11744.8,661.63,116.06,82.37,Rough Sea,6.2,2026,9,0,3
2023-12-18,Capesize,199293,Port Hedland,Qingdao,Iron Ore,3718.6,649.36,101.62,24.18,Rough Sea,2.6,2023,12,0,4
2024-10-16,LNG Carrier,71450,Dampier,Yokohama,Iron Ore,3895.5,644.52,88.84,85.15,Calm,3.8,2024,10,2,4
2026-05-28,Capesize,186221,Newcastle,Mumbai,Thermal Coal,5843.6,724.12,71.64,27.02,Moderate,6.7,2026,5,3,2
2026-03-06,Capesize,178583,Newcastle,Mumbai,Thermal Coal,5744.1,719.54,96.35,23.34,Calm,0.9,2026,3,4,1
2023-12-15,Supramax,59460,Santos,Rotterdam,Bauxite,5399.0,718.28,89.7,66.92,Calm,8.0,2023,12,4,4
2026-07-09,Panamax,71688,Tubarao,Qingdao,Bauxite,11024.9,741.32,103.67,81.18,Calm,12.3,2026,7,3,3
2023-10-22,Suezmax,135291,Ras Tanura,Singapore,Crude Oil,3792.8,697.52,116.17,45.39,Moderate,4.0,2023,10,6,4
2025-09-11,Container Post-Panamax,115362,Shanghai,Los Angeles,Containerized Freight,5555.5,645.59,116.28,92.18,Calm,3.7,2025,9,3,3
2026-09-22,Container Post-Panamax,107641,Ningbo,Hamburg,Containerized Freight,10334.2,622.83,126.32,136.02,Calm,10.7,2026,9,1,3
2024-10-23,Suezmax,141023,Corpus Christi,Antwerp,Refined Petroleum,4896.7,612.49,116.51,51.37,Rough Sea,5.7,2024,10,2,4
2024-01-02,VLCC,316638,Ras Tanura,Qingdao,Crude Oil,6276.2,717.68,81.24,30.26,Calm,3.6,2024,1,1,1
2025-09-08,Supramax,64855,Santos,Rotterdam,Bauxite,5431.4,605.49,100.66,62.82,Stormy,3.2,2025,9,0,3
2026-06-18,Capesize,173592,Port Hedland,Qingdao,Iron Ore,3689.1,730.29,98.63,22.1,Calm,3.0,2026,6,3,2
2026-09-24,Capesize,161920,Richards Bay,Rotterdam,Thermal Coal,7029.6,626.42,102.29,28.26,Moderate,0.7,2026,9,3,3
2024-09-30,Supramax,52078,Houston,Rotterdam,Chemicals,4918.0,650.93,114.15,57.32,Moderate,2.5,2024,9,0,3
2025-03-22,Capesize,179223,Santos,Qingdao,Iron Ore,11980.6,591.92,86.62,32.99,Moderate,1.2,2025,3,5,1
2026-02-11,Capesize,190793,Santos,Qingdao,Iron Ore,11959.8,758.13,100.95,42.83,Calm,5.8,2026,2,2,1
2026-02-21,Panamax,69197,Tubarao,Qingdao,Bauxite,10875.7,709.86,90.64,73.9,Calm,12.6,2026,2,5,1
2023-10-13,Capesize,163546,Dampier,Yokohama,LNG,3922.4,621.76,112.91,21.5,Calm,0.5,2023,10,4,4
2025-07-01,LNG Carrier,76529,Ras Laffan,Tokyo,LNG,6746.0,573.01,90.36,99.75,Calm,0.5,2025,7,1,3
2026-06-15,Container Post-Panamax,98320,Ningbo,Hamburg,Containerized Freight,10505.1,709.93,103.67,126.83,Calm,2.5,2026,6,0,2
2026-08-06,Panamax,71272,Santos,Qingdao,Iron Ore,11892.3,665.07,90.44,69.77,Moderate,5.6,2026,8,3,3
2026-03-24,LNG Carrier,90575,Ras Laffan,Tokyo,LNG,6383.2,721.26,96.91,111.05,Moderate,5.5,2026,3,1,1
2024-05-13,LNG Carrier,89949,Ras Laffan,Tokyo,LNG,6511.3,683.46,91.61,110.57,Moderate,6.1,2024,5,0,2
2024-08-26,Aframax,90724,Corpus Christi,Antwerp,Crude Oil,4944.9,635.04,109.12,49.81,Calm,0.5,2024,8,0,3
2023-12-02,VLCC,313893,Ras Tanura,Qingdao,Crude Oil,6346.6,636.49,111.23,31.73,Calm,0.5,2023,12,5,4
2024-11-14,Supramax,60572,Singapore,Dubai,Containerized Freight,3481.6,598.86,117.31,49.3,Calm,2.4,2024,11,3,4
2024-01-25,Panamax,81048,Tubarao,Qingdao,Bauxite,11487.7,686.56,94.0,72.87,Moderate,10.0,2024,1,3,1
2025-07-12,Supramax,60671,Singapore,Dubai,Steel Coils,3419.3,582.46,105.49,46.67,Calm,3.5,2025,7,5,3
2025-01-19,Supramax,63815,Santos,Rotterdam,Grain,5370.5,586.95,89.42,52.46,Calm,2.5,2025,1,6,1
2025-06-15,Supramax,53346,Singapore,Dubai,Steel Coils,3438.0,585.42,108.79,40.87,Calm,0.5,2025,6,6,2
2024-06-18,Capesize,181103,Richards Bay,Rotterdam,Thermal Coal,7020.9,712.47,101.34,33.86,Moderate,5.6,2024,6,1,2
2024-05-31,Aframax,94498,Corpus Christi,Antwerp,Refined Petroleum,4903.5,729.8,99.04,64.1,Stormy,4.2,2024,5,4,2
2025-05-15,LNG Carrier,74774,Ras Laffan,Tokyo,LNG,6496.4,556.9,103.4,105.47,Calm,6.7,2025,5,3,2
2024-03-12,Panamax,78131,Santos,Rotterdam,Bauxite,5394.4,715.8,95.85,43.95,Calm,0.9,2024,3,1,1
2026-05-03,Container Post-Panamax,80081,Shanghai,Los Angeles,Containerized Freight,5641.8,721.52,98.41,89.91,Calm,0.7,2026,5,6,2
2025-07-30,Suezmax,140639,Ras Tanura,Qingdao,Crude Oil,6118.3,618.29,106.68,43.95,Calm,1.8,2025,7,2,3
2025-02-08,Capesize,166577,Dampier,Yokohama,Iron Ore,3932.3,535.31,103.79,24.33,Rough Sea,2.6,2025,2,5,1
2026-05-25,VLCC,311851,Ras Tanura,Singapore,Crude Oil,3637.7,718.07,107.87,29.04,Moderate,3.3,2026,5,0,2
2024-09-15,Supramax,50763,Houston,Rotterdam,Chemicals,4944.6,652.56,96.72,51.93,Calm,3.0,2024,9,6,3
2026-02-06,LNG Carrier,74977,Dampier,Yokohama,LNG,3976.7,684.97,103.01,97.47,Rough Sea,2.8,2026,2,4,1
2026-06-27,Supramax,51236,Santos,Rotterdam,Bauxite,5493.1,712.21,108.16,70.95,Rough Sea,5.4,2026,6,5,2
2026-03-21,Capesize,173928,Santos,Qingdao,Grain,11446.6,701.67,97.52,41.13,Calm,1.8,2026,3,5,1
2026-08-13,Panamax,79323,Tubarao,Qingdao,Iron Ore,11371.7,638.71,116.31,75.28,Rough Sea,2.9,2026,8,3,3
2026-08-09,Capesize,187240,Richards Bay,Rotterdam,Thermal Coal,6959.9,694.53,90.03,25.7,Calm,3.5,2026,8,6,3
2023-11-28,Supramax,55364,Houston,Rotterdam,Refined Petroleum,4786.7,670.96,119.03,69.54,Rough Sea,8.2,2023,11,1,4
2024-11-26,Supramax,51278,Santos,Rotterdam,Grain,5425.9,594.37,104.68,57.26,Moderate,0.7,2024,11,1,4
2024-06-19,Container Post-Panamax,120739,Shanghai,Los Angeles,Containerized Freight,5561.0,712.25,113.57,92.55,Calm,1.8,2024,6,2,2
2025-01-24,Aframax,101599,Houston,Rotterdam,Chemicals,4843.4,568.83,93.13,42.71,Calm,0.5,2025,1,4,1
2024-10-21,Handysize,36781,Singapore,Dubai,Containerized Freight,3484.1,654.1,110.88,64.27,Calm,2.3,2024,10,0,4
2023-10-19,Panamax,75191,Santos,Rotterdam,Bauxite,5399.2,652.53,85.86,45.33,Calm,4.8,2023,10,3,4
2025-12-25,Capesize,204232,Tubarao,Qingdao,Bauxite,10924.3,717.17,92.7,34.99,Moderate,0.9,2025,12,3,4
2023-12-23,Handysize,39567,Singapore,Dubai,Chemicals,3311.1,688.58,90.16,54.58,Calm,0.5,2023,12,5,4
2025-02-09,Suezmax,158194,Ras Tanura,Singapore,Crude Oil,3735.0,575.83,88.96,28.41,Moderate,0.8,2025,2,6,1
2025-06-24,VLCC,289491,Ras Tanura,Qingdao,Crude Oil,6184.9,624.47,107.26,31.53,Moderate,1.4,2025,6,1,2
2024-04-17,Supramax,51806,Singapore,Dubai,Steel Coils,3434.7,741.81,89.27,52.76,Moderate,2.3,2024,4,2,2
2024-09-05,Container Post-Panamax,99440,Shanghai,Los Angeles,Containerized Freight,5755.2,666.66,103.78,88.67,Calm,1.2,2024,9,3,3
2023-10-20,Panamax,80454,Richards Bay,Rotterdam,Thermal Coal,6912.2,631.92,114.46,55.44,Calm,4.3,2023,10,4,4
2025-08-08,Container Post-Panamax,86879,Ningbo,Hamburg,Containerized Freight,10386.0,629.75,92.58,125.71,Moderate,1.1,2025,8,4,3
2025-03-03,Handysize,37839,Singapore,Dubai,Steel Coils,3455.0,565.73,98.63,61.93,Rough Sea,3.0,2025,3,0,1
2024-08-21,Panamax,69770,Santos,Qingdao,Grain,11797.4,645.05,108.03,83.91,Monsoon/Tropical Cyclone,2.3,2024,8,2,3
2026-04-25,VLCC,283101,Ras Tanura,Qingdao,Crude Oil,6364.4,713.33,117.58,39.14,Moderate,2.6,2026,4,5,2
2025-03-11,Capesize,169372,Santos,Qingdao,Grain,11713.2,530.48,94.54,33.32,Moderate,1.5,2025,3,1,1
2024-08-23,Suezmax,142501,Houston,Rotterdam,Crude Oil,4862.4,650.77,88.97,37.83,Rough Sea,1.4,2024,8,4,3
2024-09-08,Panamax,77517,Santos,Qingdao,Grain,11589.6,638.43,105.4,70.52,Calm,6.8,2024,9,6,3
2026-03-18,Supramax,61515,Santos,Rotterdam,Grain,5589.4,703.99,93.98,57.55,Calm,1.6,2026,3,2,1
2026-06-11,Capesize,160451,Port Hedland,Qingdao,Iron Ore,3689.9,737.1,107.09,30.69,Rough Sea,4.4,2026,6,3,2
2026-04-24,Container Post-Panamax,84275,Shanghai,Los Angeles,Containerized Freight,5622.5,699.65,104.22,98.39,Rough Sea,2.7,2026,4,4,2
2025-06-22,Container Post-Panamax,131901,Ningbo,Hamburg,Containerized Freight,10428.3,539.05,89.7,115.68,Moderate,1.3,2025,6,6,2
2025-12-07,Container Post-Panamax,100335,Ningbo,Hamburg,Containerized Freight,10724.4,691.62,108.49,128.04,Calm,0.6,2025,12,6,4
2025-07-26,Aframax,82378,Corpus Christi,Antwerp,Crude Oil,4879.9,577.49,109.97,50.57,Moderate,2.4,2025,7,5,3
2024-06-14,Suezmax,148166,Ras Tanura,Qingdao,Crude Oil,6189.7,707.11,103.59,47.85,Calm,1.6,2024,6,4,2
2025-11-29,Capesize,173470,Santos,Qingdao,Iron Ore,12139.5,650.23,113.87,45.8,Calm,7.9,2025,11,5,4
2025-06-25,Supramax,53071,Santos,Rotterdam,Bauxite,5544.4,597.89,92.07,55.38,Calm,0.5,2025,6,2,2
2026-02-28,Panamax,74384,Richards Bay,Rotterdam,Thermal Coal,6975.9,745.64,103.09,56.24,Calm,2.7,2026,2,5,1
2025-05-12,Suezmax,150456,Corpus Christi,Antwerp,Refined Petroleum,4835.3,592.73,99.03,39.71,Moderate,5.8,2025,5,0,2
2025-01-28,LNG Carrier,94219,Dampier,Yokohama,LNG,3919.7,581.92,90.88,75.12,Calm,2.3,2025,1,1,1
2026-01-01,Capesize,173778,Port Hedland,Qingdao,Iron Ore,3751.7,694.89,96.3,23.78,Rough Sea,4.1,2026,1,3,1
2023-11-21,Suezmax,138237,Corpus Christi,Antwerp,Refined Petroleum,4853.3,661.71,101.4,48.5,Monsoon/Tropical Cyclone,2.8,2023,11,1,4
2025-11-21,Aframax,106795,Houston,Rotterdam,Refined Petroleum,4968.4,709.99,101.74,51.79,Calm,2.9,2025,11,4,4
2025-09-04,Capesize,205937,Richards Bay,Rotterdam,Thermal Coal,7081.8,640.97,103.99,28.24,Rough Sea,0.8,2025,9,3,3
2025-01-18,Capesize,171359,Port Hedland,Qingdao,Iron Ore,3563.8,532.89,104.98,19.45,Moderate,0.6,2025,1,5,1
2023-11-20,VLCC,293963,Ras Tanura,Qingdao,Crude Oil,6122.9,692.45,121.45,44.87,Moderate,9.7,2023,11,0,4
2024-06-09,Capesize,164934,Tubarao,Qingdao,Iron Ore,10973.8,703.15,118.15,64.09,Rough Sea,15.1,2024,6,6,2
2023-10-14,VLCC,291399,Ras Tanura,Qingdao,Crude Oil,6190.9,645.5,121.98,35.43,Moderate,3.9,2023,10,5,4
2026-07-09,Panamax,71966,Richards Bay,Rotterdam,Thermal Coal,7160.0,683.97,83.92,42.99,Calm,0.5,2026,7,3,3
2024-10-11,Suezmax,153633,Houston,Rotterdam,Refined Petroleum,4721.1,682.31,117.77,45.87,Rough Sea,3.5,2024,10,4,4
2024-08-09,VLCC,283544,Ras Tanura,Qingdao,Crude Oil,6084.3,696.57,107.46,31.38,Calm,0.8,2024,8,4,3
2025-07-12,Aframax,104636,Houston,Rotterdam,Chemicals,4805.1,612.12,112.12,66.0,Calm,18.0,2025,7,5,3
2025-03-15,Suezmax,156668,Ras Tanura,Qingdao,Crude Oil,6230.4,592.97,111.42,56.32,Rough Sea,12.3,2025,3,5,1
2025-11-24,Panamax,84660,Tubarao,Qingdao,Bauxite,11118.1,645.58,121.33,68.18,Moderate,2.3,2025,11,0,4
2026-08-20,Container Post-Panamax,87569,Shanghai,Los Angeles,Containerized Freight,5625.1,685.79,102.33,109.47,Rough Sea,8.1,2026,8,3,3
2024-10-09,Aframax,118380,Houston,Rotterdam,Chemicals,4818.4,618.27,119.04,62.78,Stormy,7.3,2024,10,2,4
2026-01-28,Container Post-Panamax,84807,Ningbo,Hamburg,Containerized Freight,10714.5,736.61,104.48,130.55,Calm,0.5,2026,1,2,1
2026-02-15,Capesize,180528,Port Hedland,Qingdao,Iron Ore,3550.4,717.76,78.57,23.68,Calm,4.2,2026,2,6,1
2025-08-03,Supramax,58866,Houston,Rotterdam,Refined Petroleum,4800.5,612.54,91.46,50.39,Moderate,0.5,2025,8,6,3
2026-07-08,Capesize,199084,Dampier,Yokohama,Iron Ore,4002.8,710.54,109.94,22.77,Moderate,1.6,2026,7,2,3
2024-11-07,Suezmax,131052,Houston,Rotterdam,Refined Petroleum,4990.3,609.35,97.9,55.07,Moderate,18.0,2024,11,3,4
2024-03-16,Container Post-Panamax,133848,Shanghai,Los Angeles,Containerized Freight,5738.3,718.35,113.8,94.51,Calm,1.2,2024,3,5,1
2026-01-25,Supramax,59808,Singapore,Dubai,Steel Coils,3501.6,753.97,97.07,49.79,Calm,1.5,2026,1,6,1
2024-06-10,Panamax,70423,Tubarao,Qingdao,Bauxite,11179.5,682.25,92.9,62.7,Calm,2.5,2024,6,0,2
2024-04-18,Panamax,81752,Santos,Rotterdam,Bauxite,5400.4,720.06,109.38,51.29,Calm,3.4,2024,4,3,2
2026-09-05,Aframax,113676,Corpus Christi,Antwerp,Refined Petroleum,4790.7,666.8,116.6,54.84,Moderate,2.3,2026,9,5,3
2025-08-06,Container Post-Panamax,97272,Ningbo,Hamburg,Containerized Freight,10292.9,586.59,117.19,139.66,Rough Sea,4.1,2025,8,2,3
2026-05-20,VLCC,280213,Ras Tanura,Singapore,Crude Oil,3627.1,717.94,107.07,28.87,Calm,2.4,2026,5,2,2
2026-07-27,Panamax,77300,Newcastle,Mumbai,Thermal Coal,6006.8,674.41,96.98,63.28,Rough Sea,13.9,2026,7,0,3
2026-04-07,VLCC,303506,Ras Tanura,Qingdao,Crude Oil,6374.3,717.26,97.23,36.81,Moderate,6.5,2026,4,1,2
2025-04-13,Panamax,80353,Santos,Rotterdam,Grain,5542.5,580.96,108.13,46.99,Rough Sea,0.5,2025,4,6,2
2026-07-07,Suezmax,152736,Houston,Rotterdam,Crude Oil,4899.8,683.89,93.92,39.4,Moderate,1.4,2026,7,1,3
2024-12-19,Capesize,206729,Richards Bay,Rotterdam,Thermal Coal,7084.6,617.57,90.32,24.33,Rough Sea,0.5,2024,12,3,4
2025-10-29,Panamax,82014,Santos,Qingdao,Iron Ore,12065.4,687.93,96.06,66.35,Moderate,1.6,2025,10,2,4
2025-05-19,Capesize,169752,Newcastle,Mumbai,Thermal Coal,5937.4,565.24,96.1,23.54,Moderate,1.5,2025,5,0,2
2026-07-29,Suezmax,162272,Houston,Rotterdam,Refined Petroleum,4832.0,666.86,108.82,39.01,Calm,1.2,2026,7,2,3
2024-05-27,Panamax,68506,Richards Bay,Rotterdam,Thermal Coal,6929.2,703.54,90.75,60.34,Monsoon/Tropical Cyclone,3.4,2024,5,0,2
2025-04-09,Capesize,171925,Port Hedland,Qingdao,Iron Ore,3689.6,540.09,89.91,17.99,Calm,1.0,2025,4,2,2
2026-04-28,LNG Carrier,88467,Ras Laffan,Tokyo,LNG,6588.7,686.9,96.77,112.25,Moderate,4.3,2026,4,1,2
2024-12-01,Capesize,164789,Richards Bay,Rotterdam,Thermal Coal,7294.5,608.89,90.81,28.22,Moderate,7.4,2024,12,6,4
2025-10-31,Container Post-Panamax,130162,Ningbo,Hamburg,Containerized Freight,10497.7,666.04,101.15,123.19,Calm,0.5,2025,10,4,4
2024-01-17,Panamax,71437,Santos,Rotterdam,Bauxite,5293.7,658.2,93.71,45.3,Moderate,1.0,2024,1,2,1
2026-07-26,Container Post-Panamax,119302,Ningbo,Hamburg,Containerized Freight,10683.9,686.45,93.11,122.68,Calm,0.8,2026,7,6,3
2025-12-11,Suezmax,155534,Ras Tanura,Singapore,Crude Oil,3684.8,655.62,87.75,31.4,Moderate,1.0,2025,12,3,4
2026-03-01,LNG Carrier,90142,Ras Laffan,Tokyo,LNG,6541.9,699.65,105.49,109.85,Calm,5.3,2026,3,6,1
2025-07-08,Supramax,60467,Santos,Rotterdam,Grain,5405.1,589.51,98.89,50.24,Moderate,0.7,2025,7,1,3
2025-02-07,Capesize,201789,Dampier,Yokohama,Iron Ore,3951.8,585.45,74.77,10.2,Rough Sea,1.2,2025,2,4,1
2025-03-29,Supramax,56995,Santos,Rotterdam,Grain,5485.5,564.49,84.03,49.75,Calm,2.9,2025,3,5,1
2026-04-22,Container Post-Panamax,80082,Singapore,Dubai,Containerized Freight,3375.1,717.36,104.16,73.11,Calm,0.5,2026,4,2,2
2025-05-26,Container Post-Panamax,86486,Shanghai,Los Angeles,Containerized Freight,5777.4,552.69,105.78,84.61,Calm,0.5,2025,5,0,2
2026-01-30,VLCC,286275,Ras Tanura,Qingdao,Crude Oil,6187.4,703.09,115.92,39.3,Moderate,2.8,2026,1,4,1
2024-02-16,Suezmax,134837,Ras Tanura,Qingdao,Crude Oil,6425.5,717.93,99.09,45.76,Calm,4.5,2024,2,4,1
2024-11-29,Container Post-Panamax,85306,Singapore,Dubai,Steel Coils,3312.9,648.55,102.94,79.2,Rough Sea,5.7,2024,11,4,4
2025-05-19,Suezmax,144108,Ras Tanura,Qingdao,Crude Oil,6224.9,575.37,94.29,48.98,Rough Sea,9.8,2025,5,0,2
2024-12-09,Container Post-Panamax,83623,Shanghai,Los Angeles,Containerized Freight,5757.0,556.79,90.78,107.15,Monsoon/Tropical Cyclone,4.6,2024,12,0,4
2024-05-07,Panamax,65612,Tubarao,Qingdao,Iron Ore,10892.0,694.38,89.79,63.4,Moderate,2.0,2024,5,1,2
2024-09-19,LNG Carrier,70409,Ras Laffan,Tokyo,LNG,6618.8,612.94,94.66,104.52,Moderate,0.5,2024,9,3,3
2024-07-26,LNG Carrier,72232,Ras Laffan,Tokyo,LNG,6556.0,726.84,99.26,126.29,Rough Sea,7.6,2024,7,4,3
2026-01-21,Capesize,196631,Port Hedland,Qingdao,Iron Ore,3696.9,677.75,95.83,18.0,Calm,0.6,2026,1,2,1
2025-12-25,Panamax,65767,Richards Bay,Rotterdam,Thermal Coal,7223.8,667.23,92.62,48.38,Calm,0.6,2025,12,3,4
2026-03-18,Supramax,64889,Houston,Rotterdam,Crude Oil,4781.9,731.3,108.33,54.13,Calm,1.3,2026,3,2,1
2026-01-18,Capesize,189252,Richards Bay,Rotterdam,Thermal Coal,7123.8,704.09,104.44,37.18,Moderate,4.4,2026,1,6,1
2024-08-05,LNG Carrier,78693,Dampier,Yokohama,LNG,4040.4,697.05,106.29,93.19,Moderate,0.5,2024,8,0,3
2026-08-16,Suezmax,158120,Ras Tanura,Singapore,Crude Oil,3766.7,671.65,92.81,38.85,Calm,5.3,2026,8,6,3
2025-04-10,Capesize,193108,Port Hedland,Qingdao,Iron Ore,3620.8,579.8,93.2,15.99,Moderate,0.9,2025,4,3,2
2025-10-28,Container Post-Panamax,105923,Ningbo,Hamburg,Containerized Freight,10601.1,620.4,130.22,139.44,Calm,16.4,2025,10,1,4
2026-01-27,Panamax,68834,Santos,Rotterdam,Bauxite,5327.4,676.34,94.55,46.22,Moderate,3.9,2026,1,1,1
2024-12-27,Supramax,62399,Santos,Rotterdam,Bauxite,5517.7,579.36,101.15,56.4,Moderate,2.0,2024,12,4,4
2024-07-23,Capesize,165190,Santos,Qingdao,Grain,11450.8,666.51,100.63,44.97,Moderate,6.6,2024,7,1,3
2025-12-10,LNG Carrier,84739,Dampier,Yokohama,LNG,3924.1,684.17,96.4,96.47,Calm,15.1,2025,12,2,4
2026-03-25,Suezmax,137649,Ras Tanura,Qingdao,Crude Oil,6402.6,720.5,103.44,53.68,Rough Sea,3.0,2026,3,2,1
2026-08-12,Supramax,50237,Santos,Rotterdam,Bauxite,5520.8,642.44,102.04,63.31,Calm,8.5,2026,8,2,3
2024-01-04,VLCC,304202,Ras Tanura,Singapore,Crude Oil,3628.1,697.6,99.26,22.72,Calm,2.1,2024,1,3,1
2025-03-04,Container Post-Panamax,115800,Shanghai,Los Angeles,Containerized Freight,5617.1,556.75,119.69,98.84,Calm,12.0,2025,3,1,1
2025-05-08,Container Post-Panamax,96255,Ningbo,Hamburg,Containerized Freight,10303.0,527.49,97.78,119.28,Moderate,0.8,2025,5,3,2
2025-06-10,Panamax,65129,Tubarao,Qingdao,Bauxite,10912.6,603.66,94.7,60.76,Calm,4.4,2025,6,1,2
2025-06-30,LNG Carrier,79415,Ras Laffan,Tokyo,LNG,6661.1,553.53,119.74,108.14,Calm,3.5,2025,6,0,2
2025-04-27,Panamax,67404,Newcastle,Mumbai,Thermal Coal,5956.9,579.05,101.32,46.65,Rough Sea,1.0,2025,4,6,2
2026-03-27,Panamax,81780,Santos,Qingdao,Grain,11767.7,730.2,97.34,69.31,Moderate,1.0,2026,3,4,1
2025-02-13,Suezmax,148437,Ras Tanura,Singapore,Crude Oil,3726.0,584.47,99.76,33.19,Rough Sea,1.0,2025,2,3,1
2024-02-21,Container Post-Panamax,132174,Ningbo,Hamburg,Containerized Freight,10387.0,667.48,84.32,120.79,Moderate,1.3,2024,2,2,1
2025-11-07,Handysize,30925,Singapore,Dubai,Steel Coils,3465.1,641.57,104.72,65.12,Moderate,5.8,2025,11,4,4
2025-06-30,Capesize,160749,Newcastle,Mumbai,Thermal Coal,5869.8,577.08,101.82,27.96,Rough Sea,1.5,2025,6,0,2
2025-05-16,Supramax,57259,Santos,Rotterdam,Bauxite,5576.4,559.98,79.81,62.25,Stormy,6.7,2025,5,4,2
2023-12-04,Panamax,65914,Santos,Rotterdam,Bauxite,5396.7,681.43,98.66,52.96,Rough Sea,6.1,2023,12,0,4
2024-09-07,Panamax,71261,Santos,Qingdao,Iron Ore,12088.2,656.94,108.2,83.09,Rough Sea,4.8,2024,9,5,3
2025-07-01,Capesize,174976,Port Hedland,Qingdao,Iron Ore,3576.6,559.22,131.43,30.44,Calm,2.2,2025,7,1,3
2024-12-29,Capesize,164152,Santos,Qingdao,Iron Ore,11970.1,595.49,94.56,38.04,Calm,3.2,2024,12,6,4
2023-10-04,Panamax,69067,Newcastle,Mumbai,Thermal Coal,5753.6,647.77,112.16,49.06,Calm,0.5,2023,10,2,4
2025-04-07,LNG Carrier,88094,Ras Laffan,Tokyo,LNG,6693.3,595.54,109.72,106.68,Calm,4.2,2025,4,0,2
2025-04-27,Panamax,84812,Tubarao,Qingdao,Bauxite,11414.0,587.29,97.79,76.12,Stormy,3.6,2025,4,6,2
2024-07-09,Container Post-Panamax,111529,Shanghai,Los Angeles,Containerized Freight,5638.7,698.79,107.63,102.68,Rough Sea,3.1,2024,7,1,3
2024-03-13,Supramax,57501,Santos,Rotterdam,Grain,5289.0,726.18,111.79,68.07,Moderate,10.3,2024,3,2,1
2024-07-18,Supramax,59245,Houston,Rotterdam,Crude Oil,4865.2,705.18,98.93,55.3,Moderate,0.5,2024,7,3,3
2024-02-27,Panamax,65602,Richards Bay,Rotterdam,Thermal Coal,7272.4,711.92,92.85,60.86,Calm,15.0,2024,2,1,1
2025-07-08,Aframax,94434,Houston,Rotterdam,Chemicals,4743.7,613.93,109.3,49.23,Calm,1.8,2025,7,1,3
2025-12-24,Panamax,79779,Santos,Qingdao,Grain,11537.8,688.04,106.93,75.68,Calm,10.4,2025,12,2,4
2025-05-11,Container Post-Panamax,120353,Shanghai,Los Angeles,Containerized Freight,5652.5,549.5,107.51,82.01,Calm,2.0,2025,5,6,2
2025-08-09,Panamax,80214,Richards Bay,Rotterdam,Thermal Coal,7101.4,608.73,106.02,48.27,Calm,2.3,2025,8,5,3
2024-02-18,Aframax,101181,Houston,Rotterdam,Refined Petroleum,4904.0,723.76,93.33,53.7,Calm,1.4,2024,2,6,1
2025-12-31,Supramax,57510,Santos,Rotterdam,Grain,5364.5,719.17,107.93,65.02,Rough Sea,0.5,2025,12,2,4
2024-07-14,Suezmax,149172,Houston,Rotterdam,Chemicals,4735.0,683.89,81.68,50.57,Moderate,18.0,2024,7,6,3
2023-12-28,Capesize,161438,Santos,Qingdao,Grain,11833.5,687.86,106.26,40.38,Moderate,2.2,2023,12,3,4
2023-11-22,Panamax,76598,Santos,Qingdao,Iron Ore,11515.0,664.75,117.12,78.48,Rough Sea,5.5,2023,11,2,4
2025-02-04,LNG Carrier,74777,Ras Laffan,Tokyo,LNG,6441.4,589.35,95.93,101.7,Calm,4.4,2025,2,1,1
2025-02-12,Supramax,52154,Santos,Rotterdam,Bauxite,5327.9,547.3,88.77,51.64,Rough Sea,3.6,2025,2,2,1
2024-08-20,VLCC,288881,Ras Tanura,Singapore,Crude Oil,3671.6,668.48,106.19,36.02,Monsoon/Tropical Cyclone,2.7,2024,8,1,3
2024-02-12,Aframax,82708,Houston,Rotterdam,Chemicals,4765.0,693.98,89.55,52.17,Calm,2.2,2024,2,0,1
2026-01-06,Container Post-Panamax,83514,Ningbo,Hamburg,Containerized Freight,10317.6,704.24,102.43,129.71,Calm,2.9,2026,1,1,1
2024-08-02,Capesize,166207,Port Hedland,Qingdao,Iron Ore,3577.0,685.29,98.07,32.83,Rough Sea,7.8,2024,8,4,3
2026-09-18,Container Post-Panamax,132370,Ningbo,Hamburg,Containerized Freight,10421.8,626.22,96.48,119.91,Calm,0.9,2026,9,4,3
2026-08-06,Container Post-Panamax,107292,Ningbo,Hamburg,Containerized Freight,10258.6,684.64,108.12,140.47,Rough Sea,3.2,2026,8,3,3
2025-09-08,Supramax,62872,Singapore,Dubai,Chemicals,3462.1,625.35,117.37,54.83,Moderate,6.9,2025,9,0,3
2024-07-05,Panamax,82386,Tubarao,Qingdao,Iron Ore,11129.9,698.32,102.1,72.09,Moderate,6.8,2024,7,4,3
2025-05-30,Suezmax,163645,Houston,Rotterdam,Refined Petroleum,4777.4,557.56,93.83,31.95,Calm,2.5,2025,5,4,2
2026-04-13,Container Post-Panamax,116888,Ningbo,Hamburg,Containerized Freight,10530.0,722.87,107.6,157.76,Stormy,6.7,2026,4,0,2
2024-08-03,LNG Carrier,82148,Dampier,Yokohama,Iron Ore,3843.9,730.61,101.34,86.34,Calm,0.5,2024,8,5,3
2025-03-06,Panamax,69475,Newcastle,Mumbai,Thermal Coal,5894.6,593.75,81.22,42.83,Moderate,1.8,2025,3,3,1
2023-11-09,LNG Carrier,75556,Dampier,Yokohama,LNG,4064.3,667.97,109.8,89.91,Calm,0.7,2023,11,3,4
2024-01-31,Capesize,188149,Richards Bay,Rotterdam,Thermal Coal,6894.9,733.97,106.19,30.05,Moderate,1.7,2024,1,2,1
2024-07-25,Suezmax,156198,Ras Tanura,Qingdao,Crude Oil,6421.7,692.57,97.29,54.09,Moderate,9.6,2024,7,3,3
2025-04-13,Capesize,193910,Port Hedland,Qingdao,Iron Ore,3716.1,558.57,85.24,16.92,Rough Sea,1.8,2025,4,6,2
2024-07-08,VLCC,290826,Ras Tanura,Singapore,Crude Oil,3713.1,745.75,105.83,38.16,Calm,10.1,2024,7,0,3
2024-01-26,LNG Carrier,83946,Ras Laffan,Tokyo,LNG,6651.0,692.56,99.21,107.35,Moderate,0.5,2024,1,4,1
2024-08-21,Panamax,69913,Santos,Qingdao,Grain,11857.5,664.04,78.74,62.85,Calm,5.2,2024,8,2,3
2024-10-03,Aframax,102370,Corpus Christi,Antwerp,Refined Petroleum,4881.1,616.52,104.0,60.52,Stormy,4.3,2024,10,3,4
2024-05-02,Supramax,51265,Santos,Rotterdam,Bauxite,5609.9,748.2,82.88,74.42,Stormy,7.3,2024,5,3,2
2025-01-21,Panamax,65031,Santos,Qingdao,Iron Ore,12136.8,592.7,95.92,69.51,Calm,1.1,2025,1,1,1
2025-11-05,Capesize,169754,Tubarao,Qingdao,Bauxite,11227.6,650.01,111.0,40.62,Calm,3.3,2025,11,2,4
2026-04-08,Capesize,179326,Port Hedland,Qingdao,Iron Ore,3560.8,660.73,86.7,24.28,Rough Sea,5.5,2026,4,2,2
2023-12-02,VLCC,306752,Ras Tanura,Qingdao,Crude Oil,6369.1,670.9,101.18,31.08,Calm,1.3,2023,12,5,4
2026-09-12,LNG Carrier,90030,Ras Laffan,Tokyo,LNG,6572.0,644.2,118.0,111.61,Calm,3.1,2026,9,5,3
2025-11-30,Capesize,184574,Newcastle,Mumbai,Thermal Coal,5925.8,641.12,99.74,27.62,Calm,0.5,2025,11,6,4
2025-12-25,Capesize,165634,Newcastle,Mumbai,Thermal Coal,5934.3,684.92,127.94,35.68,Calm,4.3,2025,12,3,4
2023-12-09,Supramax,51830,Santos,Rotterdam,Grain,5426.0,654.54,117.48,61.13,Calm,2.9,2023,12,5,4
2026-09-22,Panamax,79116,Tubarao,Qingdao,Bauxite,11383.2,630.32,99.71,71.54,Rough Sea,0.8,2026,9,1,3
2024-09-09,Handysize,30711,Singapore,Dubai,Chemicals,3471.8,652.78,114.31,61.76,Calm,1.3,2024,9,0,3
2025-02-10,LNG Carrier,89366,Ras Laffan,Tokyo,LNG,6372.5,526.73,117.55,106.47,Moderate,2.2,2025,2,0,1
2025-01-04,LNG Carrier,76558,Ras Laffan,Tokyo,LNG,6486.8,545.01,95.01,107.07,Calm,7.3,2025,1,5,1
2024-04-13,LNG Carrier,83910,Ras Laffan,Tokyo,LNG,6659.8,686.92,96.65,111.63,Moderate,1.9,2024,4,5,2
2025-01-27,Panamax,74818,Tubarao,Qingdao,Bauxite,10967.8,639.34,103.33,65.01,Calm,2.9,2025,1,0,1
2025-06-26,VLCC,297637,Ras Tanura,Singapore,Crude Oil,3678.7,579.05,93.32,19.76,Moderate,4.4,2025,6,3,2
2023-11-28,Capesize,163956,Port Hedland,Qingdao,Iron Ore,3678.4,662.71,105.14,23.55,Moderate,1.7,2023,11,1,4
2025-11-02,Capesize,175210,Port Hedland,Qingdao,Iron Ore,3555.1,642.44,110.93,25.36,Moderate,0.9,2025,11,6,4
2025-02-02,Container Post-Panamax,96746,Ningbo,Hamburg,Containerized Freight,10768.1,558.14,78.92,120.95,Calm,4.0,2025,2,6,1
2024-08-18,Container Post-Panamax,105993,Ningbo,Hamburg,Containerized Freight,10803.0,668.97,92.78,162.93,Monsoon/Tropical Cyclone,4.5,2024,8,6,3
2024-06-13,LNG Carrier,92370,Dampier,Yokohama,LNG,3943.0,692.44,89.78,83.99,Calm,2.6,2024,6,3,2
2026-01-28,VLCC,303899,Ras Tanura,Qingdao,Crude Oil,6095.7,691.51,86.05,24.98,Calm,0.5,2026,1,2,1
2026-08-08,VLCC,314374,Ras Tanura,Qingdao,Crude Oil,6165.8,686.53,94.42,28.99,Calm,2.0,2026,8,5,3
2026-03-02,Capesize,181515,Port Hedland,Qingdao,Iron Ore,3644.6,708.5,118.55,33.74,Calm,6.8,2026,3,0,1
2025-03-12,Container Post-Panamax,132905,Ningbo,Hamburg,Containerized Freight,10810.7,509.97,105.41,157.56,Monsoon/Tropical Cyclone,6.0,2025,3,2,1
2026-09-14,Capesize,180033,Newcastle,Mumbai,Thermal Coal,5781.3,642.15,103.41,35.28,Monsoon/Tropical Cyclone,1.8,2026,9,0,3
2024-08-25,Container Post-Panamax,96350,Ningbo,Hamburg,Containerized Freight,10776.2,680.88,101.69,129.59,Moderate,1.3,2024,8,6,3
2026-08-18,Handysize,34195,Singapore,Dubai,Steel Coils,3329.6,682.29,125.02,74.66,Calm,11.0,2026,8,1,3
2024-08-30,Suezmax,157167,Corpus Christi,Antwerp,Refined Petroleum,4911.4,633.12,100.34,38.67,Rough Sea,0.6,2024,8,4,3
2024-05-06,Panamax,74860,Santos,Rotterdam,Grain,5478.9,708.27,109.35,50.33,Moderate,1.3,2024,5,0,2
2024-09-28,VLCC,305168,Ras Tanura,Qingdao,Crude Oil,6345.6,675.34,97.31,28.94,Moderate,0.5,2024,9,5,3
2026-05-03,Suezmax,134295,Houston,Rotterdam,Refined Petroleum,4739.4,728.81,97.29,49.86,Rough Sea,4.9,2026,5,6,2
2026-07-30,Capesize,191816,Santos,Qingdao,Iron Ore,11597.4,669.14,110.26,40.36,Moderate,2.6,2026,7,3,3
2025-12-12,Capesize,195507,Newcastle,Mumbai,Thermal Coal,5886.4,671.06,99.95,33.05,Rough Sea,7.3,2025,12,4,4
2025-01-21,Capesize,176387,Dampier,Yokohama,LNG,3840.8,524.72,94.0,19.92,Calm,3.8,2025,1,1,1
2026-05-02,Container Post-Panamax,128932,Shanghai,Los Angeles,Containerized Freight,5557.1,734.64,88.27,94.42,Rough Sea,2.0,2026,5,5,2
2025-04-27,Panamax,75859,Newcastle,Mumbai,Thermal Coal,5729.2,554.89,110.71,42.36,Calm,2.4,2025,4,6,2
2026-04-27,Capesize,183520,Richards Bay,Rotterdam,Thermal Coal,7062.8,740.49,83.67,31.84,Calm,4.8,2026,4,0,2
2024-07-10,Handysize,37381,Singapore,Dubai,Steel Coils,3459.6,669.99,97.06,64.76,Rough Sea,0.5,2024,7,2,3
2023-11-17,VLCC,305909,Ras Tanura,Qingdao,Crude Oil,6253.0,639.44,127.41,39.0,Calm,5.0,2023,11,4,4
2024-02-28,LNG Carrier,76229,Dampier,Yokohama,LNG,3917.3,697.26,105.65,93.1,Calm,7.0,2024,2,2,1
2025-02-24,Capesize,170156,Tubarao,Qingdao,Bauxite,10944.2,562.6,85.36,45.82,Rough Sea,8.6,2025,2,0,1
2023-10-16,Handysize,35516,Singapore,Dubai,Chemicals,3490.3,654.19,112.96,61.05,Calm,0.5,2023,10,0,4
2024-07-02,Capesize,193312,Newcastle,Mumbai,Thermal Coal,6062.1,703.81,107.69,40.91,Moderate,9.6,2024,7,1,3
2026-05-29,Supramax,53994,Houston,Rotterdam,Refined Petroleum,4890.5,675.08,95.49,56.99,Moderate,3.4,2026,5,4,2
2026-03-11,Panamax,80657,Santos,Rotterdam,Bauxite,5308.0,721.48,89.67,44.68,Moderate,4.6,2026,3,2,1
2024-03-28,Capesize,197544,Newcastle,Mumbai,Thermal Coal,6026.0,679.34,97.22,27.38,Calm,5.2,2024,3,3,1
2024-05-14,Container Post-Panamax,94711,Shanghai,Los Angeles,Containerized Freight,5627.4,736.6,116.14,102.81,Moderate,9.6,2024,5,1,2
2025-02-01,Panamax,73601,Santos,Rotterdam,Bauxite,5318.4,611.41,101.72,48.78,Rough Sea,3.4,2025,2,5,1
2026-02-18,Capesize,166262,Port Hedland,Qingdao,Iron Ore,3709.3,645.97,90.66,19.04,Moderate,1.3,2026,2,2,1
2026-07-13,Panamax,81373,Newcastle,Mumbai,Thermal Coal,6019.8,700.57,98.73,46.16,Calm,4.6,2026,7,0,3
2024-12-17,Container Post-Panamax,132848,Shanghai,Los Angeles,Containerized Freight,5655.1,577.65,104.89,86.44,Calm,0.5,2024,12,1,4
2024-06-03,LNG Carrier,87593,Ras Laffan,Tokyo,LNG,6724.7,695.62,116.02,106.25,Calm,2.7,2024,6,0,2
2024-10-09,LNG Carrier,70997,Ras Laffan,Tokyo,LNG,6388.3,628.16,109.11,106.03,Moderate,2.6,2024,10,2,4
2026-04-19,Suezmax,162477,Ras Tanura,Qingdao,Crude Oil,6278.1,724.56,112.39,58.74,Rough Sea,11.9,2026,4,6,2
2026-04-28,Suezmax,153851,Corpus Christi,Antwerp,Crude Oil,4908.9,715.84,106.65,49.76,Rough Sea,4.5,2026,4,1,2
2024-06-21,Container Post-Panamax,92134,Singapore,Dubai,Steel Coils,3478.6,688.6,84.74,97.88,Monsoon/Tropical Cyclone,3.8,2024,6,4,2
2023-12-08,VLCC,282306,Ras Tanura,Qingdao,Crude Oil,6292.7,709.82,108.18,44.54,Stormy,2.6,2023,12,4,4
2024-11-17,Capesize,191862,Santos,Qingdao,Iron Ore,11972.6,576.05,101.99,46.38,Monsoon/Tropical Cyclone,1.8,2024,11,6,4
2026-06-19,VLCC,316152,Ras Tanura,Singapore,Crude Oil,3609.5,695.32,81.67,20.38,Calm,2.4,2026,6,4,2
2024-01-24,Supramax,61273,Santos,Rotterdam,Grain,5366.6,695.19,65.0,68.96,Calm,18.0,2024,1,2,1
2026-07-23,Panamax,73216,Santos,Qingdao,Grain,11458.9,673.55,92.93,66.49,Rough Sea,0.6,2026,7,3,3
2024-03-10,VLCC,314232,Ras Tanura,Singapore,Crude Oil,3628.9,699.79,96.61,36.42,Moderate,13.1,2024,3,6,1
2023-12-03,Capesize,205092,Dampier,Yokohama,Iron Ore,3852.0,681.45,97.45,17.5,Calm,0.5,2023,12,6,4
2025-01-29,Panamax,68619,Tubarao,Qingdao,Iron Ore,11147.0,576.88,91.42,81.53,Monsoon/Tropical Cyclone,6.4,2025,1,2,1
2025-02-28,Aframax,104486,Corpus Christi,Antwerp,Crude Oil,4974.2,574.76,85.27,51.9,Stormy,3.2,2025,2,4,1
2026-05-02,Panamax,74339,Tubarao,Qingdao,Bauxite,11091.3,697.84,112.39,70.18,Calm,2.5,2026,5,5,2
2026-05-17,LNG Carrier,79458,Ras Laffan,Tokyo,LNG,6550.0,707.23,85.88,112.19,Rough Sea,2.3,2026,5,6,2
2024-03-13,Container Post-Panamax,89595,Shanghai,Los Angeles,Containerized Freight,5718.0,711.38,103.28,105.0,Moderate,11.4,2024,3,2,1
2025-11-13,Panamax,83765,Santos,Qingdao,Iron Ore,12085.3,686.47,105.26,70.24,Calm,2.0,2025,11,3,4
2024-07-18,Capesize,183681,Newcastle,Mumbai,Thermal Coal,5803.0,669.88,79.87,24.65,Moderate,3.7,2024,7,3,3
2026-07-27,LNG Carrier,84464,Dampier,Yokohama,Iron Ore,4051.5,684.71,104.49,96.42,Rough Sea,2.6,2026,7,0,3
2024-10-07,Capesize,171824,Port Hedland,Qingdao,Iron Ore,3692.2,643.58,88.57,30.03,Monsoon/Tropical Cyclone,8.7,2024,10,0,4
2026-08-11,LNG Carrier,79118,Dampier,Yokohama,Iron Ore,3834.1,664.11,96.73,81.39,Calm,2.1,2026,8,1,3
2024-12-08,LNG Carrier,73405,Ras Laffan,Tokyo,LNG,6673.8,602.43,82.97,104.79,Calm,5.7,2024,12,6,4
2024-05-02,Capesize,169693,Port Hedland,Qingdao,Iron Ore,3711.5,722.69,109.85,25.62,Calm,0.6,2024,5,3,2
2024-03-15,Supramax,62869,Houston,Rotterdam,Crude Oil,4930.1,733.33,93.93,55.42,Calm,1.2,2024,3,4,1
2024-04-23,Panamax,83885,Santos,Rotterdam,Grain,5442.6,708.24,96.08,45.98,Calm,3.8,2024,4,1,2
2026-09-22,LNG Carrier,82670,Ras Laffan,Tokyo,LNG,6437.9,622.75,107.73,109.69,Moderate,0.6,2026,9,1,3
2025-11-24,Capesize,187944,Port Hedland,Qingdao,Iron Ore,3703.2,648.91,116.03,25.11,Moderate,3.1,2025,11,0,4
2024-07-10,Suezmax,146027,Ras Tanura,Qingdao,Crude Oil,6258.5,703.26,93.23,43.02,Calm,3.2,2024,7,2,3
2025-02-11,Panamax,82323,Tubarao,Qingdao,Iron Ore,11275.9,575.03,105.81,69.8,Calm,9.7,2025,2,1,1
2024-04-27,LNG Carrier,91672,Dampier,Yokohama,LNG,3965.1,705.78,105.2,90.53,Calm,5.3,2024,4,5,2
2025-06-15,Capesize,197026,Santos,Qingdao,Grain,11652.6,592.79,103.21,36.55,Moderate,1.1,2025,6,6,2
2024-08-28,Panamax,69192,Santos,Rotterdam,Bauxite,5415.9,664.82,106.62,51.42,Calm,4.6,2024,8,2,3
2023-10-08,VLCC,304618,Ras Tanura,Qingdao,Crude Oil,6368.5,658.75,118.5,38.86,Calm,5.0,2023,10,6,4
2025-03-13,Capesize,163902,Santos,Qingdao,Iron Ore,11473.4,570.54,107.33,32.31,Moderate,1.8,2025,3,3,1
2025-06-26,Panamax,82314,Richards Bay,Rotterdam,Thermal Coal,7137.8,585.75,95.46,49.61,Moderate,1.7,2025,6,3,2
2025-05-30,Aframax,118660,Corpus Christi,Antwerp,Refined Petroleum,4992.6,570.67,84.52,50.84,Rough Sea,4.5,2025,5,4,2
2023-11-26,Capesize,183137,Port Hedland,Qingdao,Iron Ore,3758.5,646.43,92.88,19.29,Calm,3.0,2023,11,6,4
2024-07-24,Suezmax,144718,Corpus Christi,Antwerp,Crude Oil,4798.8,661.02,114.53,47.59,Rough Sea,6.8,2024,7,2,3
2025-09-20,Panamax,73014,Santos,Rotterdam,Grain,5296.2,594.9,108.92,44.81,Moderate,4.5,2025,9,5,3
2026-01-03,Suezmax,149158,Ras Tanura,Singapore,Crude Oil,3783.0,703.37,103.09,38.77,Rough Sea,0.9,2026,1,5,1
2024-12-19,Supramax,61855,Santos,Rotterdam,Grain,5441.4,637.33,118.31,55.81,Calm,4.4,2024,12,3,4
2025-08-19,Container Post-Panamax,121730,Shanghai,Los Angeles,Containerized Freight,5573.8,604.2,102.58,90.14,Moderate,3.4,2025,8,1,3
2025-01-23,VLCC,303762,Ras Tanura,Singapore,Crude Oil,3624.8,554.8,81.55,21.49,Rough Sea,5.7,2025,1,3,1
2024-05-01,Container Post-Panamax,101919,Ningbo,Hamburg,Containerized Freight,10470.1,694.59,92.21,129.81,Calm,7.6,2024,5,2,2
2026-08-09,Panamax,75991,Newcastle,Mumbai,Thermal Coal,5727.5,706.36,107.03,50.62,Calm,1.6,2026,8,6,3
2024-01-12,Capesize,176699,Santos,Qingdao,Iron Ore,11558.0,670.24,83.37,30.2,Calm,0.5,2024,1,4,1
2025-09-07,Capesize,193622,Richards Bay,Rotterdam,Thermal Coal,7116.0,628.37,108.71,30.79,Rough Sea,0.9,2025,9,6,3
2025-12-07,Panamax,68820,Tubarao,Qingdao,Bauxite,10958.8,623.27,83.18,67.96,Moderate,7.7,2025,12,6,4
2025-04-03,VLCC,293099,Ras Tanura,Singapore,Crude Oil,3789.9,578.93,106.6,31.04,Moderate,7.6,2025,4,3,2
2026-03-10,LNG Carrier,91269,Dampier,Yokohama,LNG,3894.5,705.28,85.94,83.41,Calm,1.1,2026,3,1,1
2025-03-21,Aframax,113939,Corpus Christi,Antwerp,Refined Petroleum,4808.6,554.23,85.95,46.37,Rough Sea,0.5,2025,3,4,1
2026-05-29,VLCC,305658,Ras Tanura,Singapore,Crude Oil,3828.1,690.51,122.82,29.4,Moderate,2.8,2026,5,4,2
2025-08-23,Suezmax,133987,Corpus Christi,Antwerp,Crude Oil,4912.4,587.56,117.15,46.26,Rough Sea,3.1,2025,8,5,3
2025-07-22,VLCC,283380,Ras Tanura,Singapore,Crude Oil,3802.7,579.08,95.1,24.52,Rough Sea,3.3,2025,7,1,3
2023-11-20,Panamax,69379,Richards Bay,Rotterdam,Thermal Coal,7161.9,718.29,103.12,53.76,Calm,2.5,2023,11,0,4
2023-10-22,Container Post-Panamax,112896,Ningbo,Hamburg,Containerized Freight,10750.9,624.17,118.46,125.94,Calm,3.1,2023,10,6,4
2025-06-16,Panamax,70381,Newcastle,Mumbai,Thermal Coal,5847.5,561.17,79.91,47.52,Rough Sea,3.2,2025,6,0,2
2025-02-03,Capesize,166365,Tubarao,Qingdao,Iron Ore,11486.7,558.32,104.33,39.39,Calm,5.4,2025,2,0,1
2023-10-27,Capesize,189872,Richards Bay,Rotterdam,Thermal Coal,7128.0,642.89,103.19,33.15,Calm,3.7,2023,10,4,4
2026-02-02,Capesize,184439,Port Hedland,Qingdao,Iron Ore,3710.2,720.86,107.71,28.98,Moderate,7.1,2026,2,0,1
2026-01-25,LNG Carrier,74854,Ras Laffan,Tokyo,LNG,6356.3,689.01,88.4,105.76,Calm,3.9,2026,1,6,1
2024-08-07,Suezmax,157979,Ras Tanura,Qingdao,Crude Oil,6232.4,698.72,105.56,48.31,Calm,6.9,2024,8,2,3
2024-01-31,Supramax,62783,Santos,Rotterdam,Grain,5465.0,696.1,108.49,59.44,Moderate,1.9,2024,1,2,1
2025-01-02,LNG Carrier,86097,Ras Laffan,Tokyo,LNG,6401.9,585.93,75.97,99.63,Moderate,3.2,2025,1,3,1
2026-06-26,Suezmax,163663,Ras Tanura,Qingdao,Crude Oil,6276.7,692.38,95.82,42.32,Calm,5.2,2026,6,4,2
2025-08-09,Suezmax,149904,Ras Tanura,Qingdao,Crude Oil,6220.8,592.14,108.81,47.43,Moderate,4.2,2025,8,5,3
2025-11-02,Capesize,204585,Richards Bay,Rotterdam,Thermal Coal,7011.2,645.27,112.55,30.12,Moderate,2.0,2025,11,6,4
2023-11-26,Container Post-Panamax,102789,Singapore,Dubai,Chemicals,3315.0,676.65,106.16,84.05,Moderate,6.6,2023,11,6,4
2024-08-27,Panamax,72719,Santos,Qingdao,Grain,11608.6,609.9,81.46,70.79,Rough Sea,6.8,2024,8,1,3
2024-05-05,Container Post-Panamax,87500,Ningbo,Hamburg,Containerized Freight,10326.3,694.72,88.84,134.53,Rough Sea,0.5,2024,5,6,2
2026-05-31,Supramax,61179,Santos,Rotterdam,Bauxite,5540.9,705.33,98.63,63.22,Calm,5.4,2026,5,6,2
2024-01-04,Capesize,199522,Port Hedland,Qingdao,Iron Ore,3683.4,740.58,88.16,21.09,Moderate,0.8,2024,1,3,1
2024-03-19,Panamax,74332,Richards Bay,Rotterdam,Thermal Coal,7092.0,729.88,83.92,48.79,Calm,0.5,2024,3,1,1
2026-04-13,Panamax,73633,Tubarao,Qingdao,Bauxite,11286.8,688.14,102.71,74.49,Moderate,6.5,2026,4,0,2
2023-10-27,Suezmax,147483,Corpus Christi,Antwerp,Crude Oil,5018.9,713.3,119.61,44.07,Calm,2.0,2023,10,4,4
2026-02-17,Suezmax,133300,Ras Tanura,Singapore,Crude Oil,3610.4,711.93,94.23,37.39,Calm,0.8,2026,2,1,1
2024-02-09,Container Post-Panamax,104019,Singapore,Dubai,Containerized Freight,3308.8,692.88,96.06,69.62,Calm,0.5,2024,2,4,1
2025-04-18,Suezmax,150669,Ras Tanura,Qingdao,Crude Oil,6309.0,580.44,98.14,56.59,Monsoon/Tropical Cyclone,5.3,2025,4,4,2
2026-06-29,Capesize,189240,Richards Bay,Rotterdam,Thermal Coal,7037.8,676.36,90.66,22.64,Moderate,0.5,2026,6,0,2
2024-06-07,Handysize,35015,Singapore,Dubai,Containerized Freight,3392.8,697.53,97.13,62.95,Calm,2.0,2024,6,4,2
2026-02-28,Panamax,77020,Santos,Rotterdam,Bauxite,5554.4,725.06,84.55,44.28,Calm,0.5,2026,2,5,1
2026-09-14,Suezmax,162812,Houston,Rotterdam,Chemicals,4787.6,655.5,110.17,39.04,Calm,2.8,2026,9,0,3
2025-09-26,LNG Carrier,79433,Ras Laffan,Tokyo,LNG,6561.6,651.43,106.52,108.15,Calm,0.5,2025,9,4,3
2026-09-24,Capesize,190775,Dampier,Yokohama,Iron Ore,3977.9,662.49,105.16,31.19,Rough Sea,7.0,2026,9,3,3
2024-09-24,Panamax,72782,Tubarao,Qingdao,Iron Ore,11254.8,630.1,108.51,65.34,Moderate,0.9,2024,9,1,3
2025-02-11,Suezmax,161624,Corpus Christi,Antwerp,Refined Petroleum,4843.8,575.45,108.82,36.07,Rough Sea,0.5,2025,2,1,1
2026-01-08,Suezmax,139282,Houston,Rotterdam,Refined Petroleum,4857.6,704.35,98.55,45.27,Moderate,5.8,2026,1,3,1
2026-06-08,Capesize,188526,Santos,Qingdao,Iron Ore,11476.3,754.0,92.02,48.4,Stormy,7.3,2026,6,0,2
2025-08-20,VLCC,313314,Ras Tanura,Singapore,Crude Oil,3730.2,605.56,98.79,29.06,Moderate,8.5,2025,8,2,3
2026-08-16,Capesize,208205,Dampier,Yokohama,LNG,3975.7,673.89,84.02,21.28,Calm,7.8,2026,8,6,3
2024-05-30,Suezmax,131334,Ras Tanura,Qingdao,Crude Oil,6275.1,701.5,98.15,49.32,Moderate,4.7,2024,5,3,2
2025-12-30,Suezmax,152415,Ras Tanura,Singapore,Crude Oil,3739.1,674.34,90.23,36.17,Moderate,4.9,2025,12,1,4
2026-06-05,Handysize,25650,Singapore,Dubai,Steel Coils,3480.8,705.44,103.7,60.58,Calm,1.1,2026,6,4,2
2024-06-25,LNG Carrier,78132,Ras Laffan,Tokyo,LNG,6692.9,667.2,109.9,108.44,Calm,3.5,2024,6,1,2
2024-07-17,LNG Carrier,90266,Ras Laffan,Tokyo,LNG,6486.7,715.44,99.92,110.33,Moderate,2.6,2024,7,2,3
2024-04-06,Capesize,167181,Dampier,Yokohama,LNG,3949.1,713.94,118.47,33.31,Rough Sea,2.8,2024,4,5,2
2025-03-25,Aframax,88365,Houston,Rotterdam,Crude Oil,4898.2,553.5,84.22,46.97,Calm,6.5,2025,3,1,1
2024-06-16,Capesize,196496,Santos,Qingdao,Grain,11517.5,670.89,81.1,36.29,Rough Sea,2.3,2024,6,6,2
2025-04-14,VLCC,304233,Ras Tanura,Qingdao,Crude Oil,6406.7,568.57,102.62,27.15,Calm,2.0,2025,4,0,2
2023-10-20,Panamax,67681,Tubarao,Qingdao,Iron Ore,11095.4,646.63,130.88,90.09,Stormy,6.2,2023,10,4,4
2026-03-05,LNG Carrier,70415,Ras Laffan,Tokyo,LNG,6528.3,708.94,88.94,107.27,Calm,6.1,2026,3,3,1
2025-10-10,Capesize,209967,Tubarao,Qingdao,Iron Ore,11429.0,651.61,104.63,36.96,Moderate,0.5,2025,10,4,4
2024-10-16,Capesize,176058,Richards Bay,Rotterdam,Thermal Coal,7228.5,639.76,110.37,34.12,Moderate,3.1,2024,10,2,4
2024-08-23,LNG Carrier,81370,Ras Laffan,Tokyo,LNG,6708.2,657.34,106.0,109.13,Calm,1.4,2024,8,4,3
2024-10-22,Suezmax,158108,Ras Tanura,Qingdao,Crude Oil,6160.8,628.99,109.59,48.31,Calm,6.3,2024,10,1,4
2026-02-03,Capesize,161283,Tubarao,Qingdao,Iron Ore,11020.4,699.84,101.55,35.92,Moderate,2.2,2026,2,1,1
2025-01-15,Panamax,81599,Tubarao,Qingdao,Iron Ore,11123.0,566.71,90.53,75.02,Stormy,6.5,2025,1,2,1
2026-08-17,LNG Carrier,79239,Ras Laffan,Tokyo,LNG,6534.5,680.04,100.07,107.63,Calm,2.6,2026,8,0,3
2026-09-02,Aframax,113899,Corpus Christi,Antwerp,Refined Petroleum,4843.1,636.48,108.62,51.08,Calm,2.9,2026,9,2,3
2025-12-11,Aframax,103614,Corpus Christi,Antwerp,Crude Oil,4989.7,672.92,97.65,51.61,Moderate,1.8,2025,12,3,4
2026-01-18,Panamax,71099,Tubarao,Qingdao,Iron Ore,11081.6,701.53,97.02,65.3,Moderate,0.8,2026,1,6,1
2025-11-03,LNG Carrier,89187,Ras Laffan,Tokyo,LNG,6397.4,693.68,119.65,134.14,Stormy,5.4,2025,11,0,4
2026-08-28,Panamax,65163,Newcastle,Mumbai,Thermal Coal,5759.6,669.77,94.24,60.52,Monsoon/Tropical Cyclone,4.5,2026,8,4,3
2026-08-27,VLCC,301133,Ras Tanura,Singapore,Crude Oil,3830.7,650.84,85.69,23.97,Calm,4.8,2026,8,3,3
2025-03-21,Container Post-Panamax,90938,Singapore,Dubai,Containerized Freight,3426.4,559.28,109.82,75.48,Rough Sea,0.5,2025,3,4,1
2025-06-19,Panamax,84427,Santos,Qingdao,Grain,12036.6,564.55,113.28,66.72,Calm,0.9,2025,6,3,2
2024-07-08,Capesize,180308,Richards Bay,Rotterdam,Thermal Coal,7207.4,649.12,107.63,32.09,Calm,0.5,2024,7,0,3
2025-12-18,Panamax,66046,Newcastle,Mumbai,Thermal Coal,5943.0,665.5,104.38,50.78,Moderate,2.5,2025,12,3,4
2024-06-25,Capesize,172382,Tubarao,Qingdao,Bauxite,10993.5,695.77,90.78,38.19,Rough Sea,5.4,2024,6,1,2
2025-01-04,LNG Carrier,77015,Ras Laffan,Tokyo,LNG,6609.6,587.55,75.3,108.15,Rough Sea,1.5,2025,1,5,1
2026-08-03,Capesize,171008,Port Hedland,Qingdao,Iron Ore,3587.4,684.2,109.92,24.68,Calm,2.4,2026,8,0,3
2024-10-26,Panamax,73812,Santos,Rotterdam,Bauxite,5447.5,650.14,105.09,45.69,Calm,2.1,2024,10,5,4
2025-11-15,Capesize,203210,Tubarao,Qingdao,Bauxite,11468.6,691.49,117.59,49.01,Calm,10.4,2025,11,5,4
2025-05-23,Panamax,83481,Santos,Rotterdam,Grain,5452.0,541.56,87.79,38.98,Moderate,1.0,2025,5,4,2
2025-12-03,Capesize,199737,Port Hedland,Qingdao,Iron Ore,3649.2,664.19,91.59,21.74,Calm,2.4,2025,12,2,4
2025-06-24,Container Post-Panamax,87385,Ningbo,Hamburg,Containerized Freight,10255.9,601.6,91.08,115.76,Calm,0.6,2025,6,1,2
2025-06-20,Aframax,104093,Corpus Christi,Antwerp,Crude Oil,4800.9,623.2,89.76,52.43,Calm,6.5,2025,6,4,2
2025-02-17,Panamax,81697,Tubarao,Qingdao,Iron Ore,10992.9,564.3,97.03,66.38,Rough Sea,3.6,2025,2,0,1
2024-07-14,LNG Carrier,76291,Dampier,Yokohama,Iron Ore,3879.4,725.07,81.15,88.8,Moderate,2.7,2024,7,6,3
2025-03-12,Container Post-Panamax,119892,Shanghai,Los Angeles,Containerized Freight,5780.2,577.82,92.6,86.36,Calm,2.1,2025,3,2,1
2024-01-10,Supramax,53796,Houston,Rotterdam,Chemicals,4899.6,710.88,84.09,58.13,Rough Sea,4.6,2024,1,2,1
2024-10-15,Capesize,169168,Santos,Qingdao,Iron Ore,12068.6,599.88,106.66,45.45,Rough Sea,7.1,2024,10,1,4
2024-01-20,Capesize,202201,Dampier,Yokohama,LNG,3999.9,709.98,96.0,22.67,Calm,2.8,2024,1,5,1
2025-03-24,Panamax,72773,Newcastle,Mumbai,Thermal Coal,5842.1,571.91,89.92,41.39,Calm,2.6,2025,3,0,1
2026-08-29,LNG Carrier,85935,Ras Laffan,Tokyo,LNG,6707.5,669.89,81.74,105.81,Calm,1.6,2026,8,5,3
2026-05-30,Panamax,81153,Santos,Rotterdam,Grain,5472.9,736.24,112.6,50.55,Moderate,0.5,2026,5,5,2
2026-05-01,VLCC,282461,Ras Tanura,Qingdao,Crude Oil,6335.2,729.92,115.22,41.12,Calm,8.1,2026,5,4,2
2025-05-19,Capesize,196032,Newcastle,Mumbai,Thermal Coal,5972.2,551.76,99.43,24.99,Moderate,0.5,2025,5,0,2
2025-06-01,Container Post-Panamax,128016,Ningbo,Hamburg,Containerized Freight,10224.6,552.48,87.68,115.0,Calm,1.1,2025,6,6,2
2026-09-01,Capesize,182042,Richards Bay,Rotterdam,Thermal Coal,7249.6,633.38,109.83,39.07,Calm,11.6,2026,9,1,3
2023-12-30,LNG Carrier,81109,Ras Laffan,Tokyo,LNG,6554.0,699.07,102.88,118.58,Rough Sea,2.0,2023,12,5,4
2025-03-16,Suezmax,163547,Ras Tanura,Qingdao,Crude Oil,6161.8,549.98,107.18,40.53,Rough Sea,0.5,2025,3,6,1
2024-07-26,Capesize,194101,Tubarao,Qingdao,Iron Ore,10986.3,639.57,94.32,52.53,Monsoon/Tropical Cyclone,12.6,2024,7,4,3
2025-01-12,Suezmax,152516,Corpus Christi,Antwerp,Refined Petroleum,4909.1,569.64,84.61,32.63,Calm,2.8,2025,1,6,1
2026-05-05,Container Post-Panamax,110985,Ningbo,Hamburg,Containerized Freight,10396.8,729.01,98.45,124.95,Calm,1.2,2026,5,1,2
2024-09-25,VLCC,283686,Ras Tanura,Singapore,Crude Oil,3725.8,652.14,112.4,28.92,Moderate,1.0,2024,9,2,3
2025-09-18,Container Post-Panamax,134262,Shanghai,Los Angeles,Containerized Freight,5618.5,602.19,113.29,93.3,Moderate,7.1,2025,9,3,3
2025-07-25,VLCC,286697,Ras Tanura,Qingdao,Crude Oil,6197.1,591.71,116.61,41.33,Moderate,6.7,2025,7,4,3
2024-12-12,Suezmax,161913,Corpus Christi,Antwerp,Crude Oil,4833.3,604.63,96.42,38.17,Rough Sea,0.9,2024,12,3,4
2026-02-01,Suezmax,142193,Houston,Rotterdam,Crude Oil,4755.5,698.74,98.02,38.27,Calm,3.3,2026,2,6,1
2025-09-21,Capesize,209285,Dampier,Yokohama,LNG,3998.2,617.29,100.26,31.54,Calm,9.5,2025,9,6,3
2024-10-22,Supramax,59417,Singapore,Dubai,Containerized Freight,3460.5,642.71,98.59,48.94,Moderate,8.7,2024,10,1,4
2026-09-21,Capesize,173035,Tubarao,Qingdao,Iron Ore,11480.0,616.02,95.44,36.13,Calm,3.3,2026,9,0,3
2024-05-22,Container Post-Panamax,80258,Shanghai,Los Angeles,Containerized Freight,5780.0,718.64,100.2,111.38,Stormy,3.8,2024,5,2,2
2023-12-05,Container Post-Panamax,123629,Ningbo,Hamburg,Containerized Freight,10415.2,627.05,95.25,118.3,Calm,1.7,2023,12,1,4
2025-02-12,Container Post-Panamax,83759,Shanghai,Los Angeles,Containerized Freight,5630.4,561.53,97.55,86.9,Calm,3.4,2025,2,2,1
2024-08-16,Panamax,77137,Santos,Rotterdam,Grain,5443.6,649.78,100.0,42.05,Calm,0.5,2024,8,4,3
2026-05-19,Capesize,181830,Tubarao,Qingdao,Iron Ore,10877.6,727.2,89.3,31.84,Calm,1.1,2026,5,1,2
2026-06-12,Container Post-Panamax,86960,Shanghai,Los Angeles,Containerized Freight,5623.5,675.79,107.38,96.49,Calm,3.7,2026,6,4,2
2024-07-14,Supramax,59615,Santos,Rotterdam,Grain,5590.3,693.16,86.04,59.37,Calm,3.8,2024,7,6,3
2025-08-04,Capesize,160376,Port Hedland,Qingdao,Iron Ore,3561.9,612.25,102.2,27.48,Rough Sea,2.5,2025,8,0,3
2024-09-26,Container Post-Panamax,129913,Ningbo,Hamburg,Containerized Freight,10782.9,651.69,97.44,127.01,Moderate,1.1,2024,9,3,3
2025-11-20,Container Post-Panamax,94661,Shanghai,Los Angeles,Containerized Freight,5584.1,662.05,101.23,106.15,Moderate,13.6,2025,11,3,4
2025-03-25,LNG Carrier,70139,Ras Laffan,Tokyo,LNG,6674.8,593.39,108.67,108.51,Calm,2.1,2025,3,1,1
2026-08-13,Container Post-Panamax,85193,Ningbo,Hamburg,Containerized Freight,10769.0,701.89,130.29,145.24,Moderate,5.1,2026,8,3,3
2024-02-22,Panamax,82410,Santos,Rotterdam,Bauxite,5480.6,706.77,108.28,52.74,Rough Sea,2.4,2024,2,3,1
2026-05-13,LNG Carrier,75101,Dampier,Yokohama,LNG,3937.2,658.24,93.73,91.1,Rough Sea,1.6,2026,5,2,2
2024-11-17,Capesize,164351,Port Hedland,Qingdao,Iron Ore,3600.5,659.12,106.09,30.62,Moderate,7.1,2024,11,6,4
2026-02-20,Container Post-Panamax,122917,Shanghai,Los Angeles,Containerized Freight,5661.8,733.36,97.04,93.43,Calm,4.9,2026,2,4,1
2024-01-28,Supramax,57506,Singapore,Dubai,Chemicals,3315.7,697.67,88.13,50.18,Moderate,3.7,2024,1,6,1
2025-04-08,LNG Carrier,85522,Ras Laffan,Tokyo,LNG,6639.8,555.96,99.5,104.24,Calm,0.7,2025,4,1,2
2023-12-29,LNG Carrier,88971,Dampier,Yokohama,LNG,3859.6,708.96,106.88,112.23,Stormy,4.2,2023,12,4,4
2024-12-19,Container Post-Panamax,126726,Shanghai,Los Angeles,Containerized Freight,5655.7,602.32,88.05,91.06,Rough Sea,1.6,2024,12,3,4
2024-11-23,Panamax,77581,Santos,Qingdao,Grain,11661.6,600.07,123.11,71.41,Moderate,2.0,2024,11,5,4
2026-09-27,Suezmax,155641,Ras Tanura,Qingdao,Crude Oil,6338.0,613.49,122.35,63.3,Rough Sea,13.3,2026,9,6,3
2024-05-10,Panamax,76245,Richards Bay,Rotterdam,Thermal Coal,7312.5,723.0,90.33,53.41,Moderate,5.7,2024,5,4,2
2025-08-31,Capesize,200449,Tubarao,Qingdao,Bauxite,11139.6,590.5,97.0,31.93,Moderate,0.5,2025,8,6,3
2023-11-11,Suezmax,156178,Ras Tanura,Qingdao,Crude Oil,6428.9,663.86,109.76,44.16,Calm,0.5,2023,11,5,4
2024-03-22,LNG Carrier,75682,Ras Laffan,Tokyo,LNG,6692.4,743.96,100.63,123.26,Moderate,13.4,2024,3,4,1
2025-03-25,VLCC,282908,Ras Tanura,Qingdao,Crude Oil,6375.5,588.52,109.34,33.45,Calm,2.2,2025,3,1,1
2026-08-18,VLCC,280831,Ras Tanura,Singapore,Crude Oil,3724.1,681.37,95.36,28.32,Moderate,3.1,2026,8,1,3
2024-11-26,Panamax,70925,Newcastle,Mumbai,Thermal Coal,5880.2,620.98,107.07,47.01,Moderate,3.4,2024,11,1,4
2025-07-06,Container Post-Panamax,91493,Ningbo,Hamburg,Containerized Freight,10739.5,599.29,90.33,146.59,Stormy,3.0,2025,7,6,3
2023-12-23,LNG Carrier,88888,Dampier,Yokohama,LNG,3920.2,702.43,105.07,104.93,Stormy,3.7,2023,12,5,4
2024-11-20,Capesize,203351,Dampier,Yokohama,Iron Ore,3950.6,574.21,90.79,19.0,Rough Sea,6.1,2024,11,2,4
2025-03-02,Supramax,57667,Santos,Rotterdam,Grain,5440.3,561.72,107.28,56.98,Moderate,1.8,2025,3,6,1
2025-12-07,VLCC,294318,Ras Tanura,Qingdao,Crude Oil,6362.2,671.06,91.03,30.58,Moderate,1.4,2025,12,6,4
2023-12-06,Container Post-Panamax,122792,Ningbo,Hamburg,Containerized Freight,10470.9,703.75,110.74,128.89,Moderate,0.5,2023,12,2,4
2024-06-19,Supramax,64590,Singapore,Dubai,Chemicals,3366.0,705.97,101.94,56.19,Rough Sea,5.2,2024,6,2,2
2024-09-16,Container Post-Panamax,105624,Ningbo,Hamburg,Containerized Freight,10259.6,631.9,106.1,122.18,Calm,2.0,2024,9,0,3
2025-03-26,Capesize,199501,Santos,Qingdao,Iron Ore,11474.5,531.6,97.68,34.35,Rough Sea,1.1,2025,3,2,1
2024-09-24,VLCC,299132,Ras Tanura,Singapore,Crude Oil,3777.3,666.59,96.43,28.44,Calm,4.7,2024,9,1,3
2025-06-14,Container Post-Panamax,134112,Ningbo,Hamburg,Containerized Freight,10510.2,579.48,102.51,126.5,Calm,5.6,2025,6,5,2
2025-01-28,Capesize,176110,Santos,Qingdao,Iron Ore,12071.7,563.14,82.21,39.75,Monsoon/Tropical Cyclone,4.2,2025,1,1,1
2025-03-02,Panamax,70875,Santos,Rotterdam,Grain,5491.9,593.22,98.46,50.47,Moderate,3.6,2025,3,6,1
2025-01-02,Capesize,177195,Richards Bay,Rotterdam,Thermal Coal,7231.3,572.84,103.64,27.55,Calm,0.7,2025,1,3,1
2024-12-24,LNG Carrier,75350,Dampier,Yokohama,Iron Ore,4019.5,610.29,101.89,84.76,Calm,1.9,2024,12,1,4
2025-09-05,Capesize,183625,Dampier,Yokohama,LNG,3945.5,649.5,105.35,30.07,Monsoon/Tropical Cyclone,1.7,2025,9,4,3
2025-08-15,Capesize,186007,Santos,Qingdao,Grain,11861.0,588.91,109.27,41.0,Moderate,4.9,2025,8,4,3
2024-01-31,Suezmax,158508,Ras Tanura,Qingdao,Crude Oil,6235.2,693.56,85.02,45.02,Calm,6.6,2024,1,2,1
2024-08-29,Capesize,162524,Newcastle,Mumbai,Thermal Coal,6029.3,657.57,112.91,29.35,Calm,3.0,2024,8,3,3
2024-04-26,Container Post-Panamax,91739,Ningbo,Hamburg,Containerized Freight,10359.9,717.82,102.05,126.69,Calm,0.5,2024,4,4,2
2024-09-26,Capesize,174635,Tubarao,Qingdao,Bauxite,11128.4,643.15,101.44,40.48,Calm,3.6,2024,9,3,3
2023-11-19,VLCC,297347,Ras Tanura,Qingdao,Crude Oil,6369.8,681.04,110.59,31.67,Moderate,0.5,2023,11,6,4
2024-03-03,Suezmax,146914,Corpus Christi,Antwerp,Refined Petroleum,4833.0,659.98,102.06,36.23,Calm,1.7,2024,3,6,1
2026-07-23,Capesize,181692,Richards Bay,Rotterdam,Thermal Coal,6927.0,682.77,106.69,39.85,Moderate,7.3,2026,7,3,3
2026-01-31,Panamax,65771,Santos,Rotterdam,Grain,5373.3,710.23,101.53,46.25,Calm,1.7,2026,1,5,1
2025-04-17,Container Post-Panamax,87589,Shanghai,Los Angeles,Containerized Freight,5716.5,598.79,100.11,93.9,Calm,6.2,2025,4,3,2
2025-03-04,Capesize,205689,Newcastle,Mumbai,Thermal Coal,5729.1,542.49,82.11,16.89,Moderate,0.5,2025,3,1,1
2025-03-01,Capesize,196002,Dampier,Yokohama,Iron Ore,3846.8,593.98,104.14,20.36,Calm,3.0,2025,3,5,1
2025-12-25,Suezmax,148984,Ras Tanura,Qingdao,Crude Oil,6243.8,724.04,92.56,46.48,Moderate,4.7,2025,12,3,4
2024-03-16,VLCC,286439,Ras Tanura,Qingdao,Crude Oil,6134.9,727.43,91.92,31.94,Calm,4.1,2024,3,5,1
2024-04-14,Container Post-Panamax,89754,Shanghai,Los Angeles,Containerized Freight,5552.0,720.45,104.01,126.94,Monsoon/Tropical Cyclone,12.1,2024,4,6,2
2025-08-26,Container Post-Panamax,104081,Ningbo,Hamburg,Containerized Freight,10647.5,624.14,81.14,118.77,Calm,1.8,2025,8,1,3
2026-05-14,Suezmax,161217,Corpus Christi,Antwerp,Refined Petroleum,4881.6,721.57,111.27,43.05,Calm,1.7,2026,5,3,2
2024-06-14,Panamax,71805,Santos,Rotterdam,Grain,5304.8,704.37,114.45,58.45,Moderate,10.7,2024,6,4,2
2024-03-31,Suezmax,148018,Corpus Christi,Antwerp,Refined Petroleum,4788.0,709.1,98.73,37.32,Calm,0.6,2024,3,6,1
2024-03-11,Suezmax,146585,Ras Tanura,Singapore,Crude Oil,3696.5,748.89,96.3,37.3,Calm,0.5,2024,3,0,1
2025-01-06,Container Post-Panamax,80851,Shanghai,Los Angeles,Containerized Freight,5731.2,565.71,100.21,96.11,Moderate,7.6,2025,1,0,1
2026-01-22,Panamax,72487,Santos,Rotterdam,Bauxite,5545.2,709.99,97.03,46.03,Calm,3.1,2026,1,3,1
2025-10-09,Capesize,191293,Tubarao,Qingdao,Iron Ore,11480.2,621.4,113.02,39.23,Calm,2.8,2025,10,3,4
2024-04-15,Panamax,66458,Tubarao,Qingdao,Bauxite,11049.9,706.45,103.58,84.81,Monsoon/Tropical Cyclone,3.3,2024,4,0,2
2024-05-18,Capesize,203791,Newcastle,Mumbai,Thermal Coal,5839.1,719.07,94.54,26.55,Moderate,0.5,2024,5,5,2
2024-06-07,Capesize,198998,Newcastle,Mumbai,Thermal Coal,6050.0,652.72,85.82,31.33,Monsoon/Tropical Cyclone,2.7,2024,6,4,2
2024-03-21,Container Post-Panamax,128880,Singapore,Dubai,Chemicals,3334.3,700.46,93.44,70.42,Calm,0.5,2024,3,3,1
2024-07-23,LNG Carrier,73295,Dampier,Yokohama,Iron Ore,3898.5,656.28,100.77,90.76,Moderate,4.5,2024,7,1,3
2025-05-12,Capesize,177246,Port Hedland,Qingdao,Iron Ore,3695.3,556.77,89.16,24.92,Rough Sea,5.7,2025,5,0,2
2026-06-24,VLCC,296795,Ras Tanura,Singapore,Crude Oil,3637.5,722.61,85.13,33.31,Monsoon/Tropical Cyclone,6.9,2026,6,2,2
2024-02-29,Supramax,64207,Santos,Rotterdam,Grain,5296.5,701.44,109.33,52.15,Calm,0.5,2024,2,3,1
2024-01-09,Container Post-Panamax,84555,Ningbo,Hamburg,Containerized Freight,10259.1,712.11,87.7,127.24,Moderate,4.0,2024,1,1,1
2024-02-10,Suezmax,130334,Ras Tanura,Qingdao,Crude Oil,6172.9,721.96,95.91,57.3,Calm,11.1,2024,2,5,1
2024-11-12,LNG Carrier,77768,Ras Laffan,Tokyo,LNG,6711.0,606.76,105.22,119.24,Rough Sea,5.7,2024,11,1,4
2025-01-25,Capesize,160360,Dampier,Yokohama,LNG,3884.0,584.58,85.43,16.32,Calm,0.8,2025,1,5,1
2026-06-13,Capesize,172279,Tubarao,Qingdao,Iron Ore,11502.4,730.1,100.92,37.26,Calm,0.5,2026,6,5,2
2026-06-11,Panamax,70125,Newcastle,Mumbai,Thermal Coal,5842.4,671.85,119.74,56.82,Moderate,4.5,2026,6,3,2
2025-03-09,Suezmax,164945,Ras Tanura,Singapore,Crude Oil,3696.8,565.07,96.18,34.81,Rough Sea,2.7,2025,3,6,1
2023-11-25,Panamax,68280,Santos,Qingdao,Grain,11713.2,658.12,110.05,67.55,Moderate,1.8,2023,11,5,4
2024-04-19,Supramax,62318,Santos,Rotterdam,Grain,5553.6,742.65,92.3,64.48,Calm,8.9,2024,4,4,2
2024-12-19,VLCC,307260,Ras Tanura,Qingdao,Crude Oil,6248.2,617.23,104.96,29.74,Rough Sea,4.6,2024,12,3,4
2026-02-21,VLCC,311477,Ras Tanura,Qingdao,Crude Oil,6414.5,724.75,107.98,40.65,Rough Sea,5.9,2026,2,5,1
2026-08-02,Capesize,191995,Dampier,Yokohama,Iron Ore,3983.0,666.72,85.05,18.99,Calm,1.4,2026,8,6,3
2025-02-07,Panamax,71723,Richards Bay,Rotterdam,Thermal Coal,7157.7,537.15,91.84,43.48,Moderate,0.5,2025,2,4,1
2025-03-11,LNG Carrier,78268,Ras Laffan,Tokyo,LNG,6489.3,605.35,112.23,111.87,Moderate,3.6,2025,3,1,1
2026-06-12,Capesize,182161,Port Hedland,Qingdao,Iron Ore,3750.1,750.51,116.53,31.16,Calm,3.4,2026,6,4,2
2023-11-14,Supramax,57102,Santos,Rotterdam,Grain,5441.9,694.24,111.57,62.81,Moderate,3.1,2023,11,1,4
2024-09-18,Supramax,58116,Santos,Rotterdam,Bauxite,5413.0,645.39,93.12,50.63,Calm,0.5,2024,9,2,3
2026-03-21,Supramax,54975,Singapore,Dubai,Chemicals,3376.3,759.32,89.54,49.63,Calm,2.4,2026,3,5,1
2024-03-02,Capesize,164511,Port Hedland,Qingdao,Iron Ore,3728.5,698.93,101.12,39.0,Stormy,12.3,2024,3,5,1
2024-02-18,LNG Carrier,87401,Dampier,Yokohama,Iron Ore,3993.8,684.52,103.68,87.87,Calm,1.7,2024,2,6,1
2024-12-08,LNG Carrier,79389,Dampier,Yokohama,Iron Ore,3912.5,606.28,86.3,84.51,Moderate,0.9,2024,12,6,4
2024-08-04,Capesize,163627,Newcastle,Mumbai,Thermal Coal,5836.0,649.24,103.23,29.96,Rough Sea,3.7,2024,8,6,3
2025-10-27,Capesize,204852,Richards Bay,Rotterdam,Thermal Coal,7219.1,670.01,115.42,34.15,Rough Sea,2.6,2025,10,0,4
2024-08-31,Container Post-Panamax,124541,Shanghai,Los Angeles,Containerized Freight,5676.3,675.54,113.68,97.6,Moderate,1.6,2024,8,5,3
2024-03-04,Panamax,65298,Tubarao,Qingdao,Iron Ore,10984.8,706.93,73.7,67.54,Calm,2.2,2024,3,0,1
2024-02-04,Container Post-Panamax,94696,Ningbo,Hamburg,Containerized Freight,10240.5,746.51,87.12,130.56,Rough Sea,0.9,2024,2,6,1
2025-09-14,Capesize,179475,Richards Bay,Rotterdam,Thermal Coal,7311.5,622.32,107.44,37.22,Calm,5.2,2025,9,6,3
2024-04-26,Container Post-Panamax,94099,Singapore,Dubai,Containerized Freight,3316.8,707.33,97.97,77.64,Calm,3.3,2024,4,4,2
2025-01-07,Panamax,69227,Newcastle,Mumbai,Thermal Coal,5845.6,557.85,94.61,37.59,Moderate,0.5,2025,1,1,1
2024-03-04,VLCC,309659,Ras Tanura,Singapore,Crude Oil,3718.3,739.35,96.5,26.54,Moderate,2.1,2024,3,0,1
2026-02-09,LNG Carrier,93488,Ras Laffan,Tokyo,LNG,6728.8,709.16,107.6,113.37,Moderate,1.0,2026,2,0,1
2026-05-21,Capesize,191066,Dampier,Yokohama,LNG,3955.7,700.36,80.66,19.84,Moderate,0.5,2026,5,3,2
2024-05-04,Panamax,74594,Santos,Qingdao,Grain,12110.4,736.09,104.97,69.89,Calm,4.6,2024,5,5,2
2025-10-03,Suezmax,164268,Ras Tanura,Qingdao,Crude Oil,6096.4,643.94,107.59,41.51,Calm,0.5,2025,10,4,4
2023-12-07,Panamax,70039,Tubarao,Qingdao,Iron Ore,11343.5,682.21,97.24,67.68,Moderate,3.6,2023,12,3,4
2024-12-16,Container Post-Panamax,132718,Singapore,Dubai,Chemicals,3489.4,629.1,109.21,88.38,Moderate,12.7,2024,12,0,4
2025-11-24,Panamax,80930,Santos,Rotterdam,Bauxite,5370.5,701.59,109.15,42.7,Calm,0.5,2025,11,0,4
2024-11-18,Handysize,36681,Singapore,Dubai,Containerized Freight,3330.8,638.04,122.34,68.74,Calm,8.6,2024,11,0,4
2025-02-04,Container Post-Panamax,105308,Ningbo,Hamburg,Containerized Freight,10750.0,583.7,101.95,127.21,Moderate,1.2,2025,2,1,1
2026-01-12,Panamax,79412,Tubarao,Qingdao,Bauxite,10951.1,715.63,101.23,72.46,Calm,6.8,2026,1,0,1
2024-02-17,Panamax,79295,Santos,Qingdao,Grain,12005.4,707.82,96.46,67.9,Moderate,0.9,2024,2,5,1
2024-02-15,Suezmax,144938,Ras Tanura,Qingdao,Crude Oil,6236.9,742.09,92.07,47.76,Calm,3.3,2024,2,3,1
2024-12-20,VLCC,311114,Ras Tanura,Qingdao,Crude Oil,6106.8,603.08,96.05,40.49,Moderate,14.8,2024,12,4,4
2024-01-15,LNG Carrier,86550,Ras Laffan,Tokyo,LNG,6648.8,705.71,99.22,106.78,Calm,0.7,2024,1,0,1
2025-03-21,Container Post-Panamax,127607,Shanghai,Los Angeles,Containerized Freight,5682.1,560.38,102.32,88.23,Rough Sea,1.6,2025,3,4,1
2026-03-10,Panamax,68858,Richards Bay,Rotterdam,Thermal Coal,7183.1,699.19,95.62,66.46,Monsoon/Tropical Cyclone,4.2,2026,3,1,1
2025-02-28,LNG Carrier,90451,Dampier,Yokohama,Iron Ore,4057.4,563.41,89.73,82.32,Moderate,3.7,2025,2,4,1
2026-06-02,VLCC,280858,Ras Tanura,Qingdao,Crude Oil,6248.4,696.89,94.71,34.13,Rough Sea,2.3,2026,6,1,2
2024-10-25,Container Post-Panamax,110654,Ningbo,Hamburg,Containerized Freight,10369.8,587.61,109.82,122.57,Calm,1.8,2024,10,4,4
2024-11-10,Container Post-Panamax,98135,Shanghai,Los Angeles,Containerized Freight,5790.9,590.55,106.05,102.74,Stormy,2.5,2024,11,6,4
2026-03-16,Capesize,165085,Santos,Qingdao,Grain,11707.0,713.95,113.41,51.95,Monsoon/Tropical Cyclone,2.5,2026,3,0,1
2026-05-18,Suezmax,138142,Ras Tanura,Qingdao,Crude Oil,6129.4,679.39,105.21,43.06,Moderate,1.1,2026,5,0,2
2026-08-28,Capesize,192784,Port Hedland,Qingdao,Iron Ore,3544.7,662.34,94.91,23.77,Moderate,0.5,2026,8,4,3
2026-01-15,Panamax,70043,Santos,Rotterdam,Bauxite,5588.0,693.44,76.01,47.61,Calm,5.9,2026,1,3,1
2024-12-16,Panamax,75821,Santos,Rotterdam,Grain,5399.6,626.89,104.73,44.9,Moderate,2.2,2024,12,0,4
2024-12-29,Aframax,118968,Houston,Rotterdam,Crude Oil,4967.4,603.81,106.14,53.58,Rough Sea,1.7,2024,12,6,4
2024-12-18,Capesize,161363,Port Hedland,Qingdao,Iron Ore,3637.2,571.78,85.52,21.19,Moderate,4.0,2024,12,2,4
2024-06-20,Supramax,56384,Houston,Rotterdam,Refined Petroleum,4775.8,702.81,105.6,60.22,Moderate,1.0,2024,6,3,2
2025-12-17,Suezmax,133305,Houston,Rotterdam,Chemicals,4895.1,703.89,104.81,41.18,Calm,1.1,2025,12,2,4
2024-06-13,Capesize,183180,Richards Bay,Rotterdam,Thermal Coal,7088.8,720.86,104.63,33.91,Calm,7.9,2024,6,3,2
2026-07-11,Handysize,26874,Singapore,Dubai,Containerized Freight,3435.3,662.27,99.98,56.96,Calm,0.5,2026,7,5,3
2025-07-03,LNG Carrier,81434,Dampier,Yokohama,Iron Ore,4026.9,563.25,110.55,96.57,Stormy,2.3,2025,7,3,3
2024-07-20,Container Post-Panamax,116754,Ningbo,Hamburg,Containerized Freight,10295.9,684.42,96.89,128.83,Moderate,0.9,2024,7,5,3
2025-12-06,Panamax,72806,Tubarao,Qingdao,Iron Ore,10914.0,689.75,114.44,78.64,Moderate,14.5,2025,12,5,4
2024-11-09,Capesize,162435,Tubarao,Qingdao,Bauxite,11370.7,638.42,95.78,35.12,Calm,1.8,2024,11,5,4
2025-05-04,Panamax,67310,Santos,Rotterdam,Bauxite,5406.6,572.57,107.89,46.83,Calm,2.9,2025,5,6,2
2024-01-29,Supramax,58741,Santos,Rotterdam,Grain,5401.7,716.65,78.7,62.77,Rough Sea,5.4,2024,1,0,1
2025-12-31,Panamax,82783,Richards Bay,Rotterdam,Thermal Coal,7226.7,687.26,109.5,51.1,Calm,0.9,2025,12,2,4
2026-02-16,Aframax,108832,Houston,Rotterdam,Chemicals,4938.2,760.44,91.99,56.99,Rough Sea,4.3,2026,2,0,1
2026-05-25,Container Post-Panamax,113829,Shanghai,Los Angeles,Containerized Freight,5869.4,686.67,90.9,92.2,Calm,0.5,2026,5,0,2
2026-03-24,Aframax,101657,Corpus Christi,Antwerp,Refined Petroleum,4900.9,680.3,65.0,40.98,Moderate,1.3,2026,3,1,1
2025-06-29,Container Post-Panamax,121365,Shanghai,Los Angeles,Containerized Freight,5578.4,562.76,105.69,109.11,Monsoon/Tropical Cyclone,2.2,2025,6,6,2
2025-05-21,Capesize,170035,Newcastle,Mumbai,Thermal Coal,6034.2,575.56,96.56,24.46,Calm,0.9,2025,5,2,2
2026-02-02,VLCC,298099,Ras Tanura,Singapore,Crude Oil,3729.3,676.05,84.87,18.4,Moderate,0.8,2026,2,0,1
2024-04-19,Capesize,184346,Richards Bay,Rotterdam,Thermal Coal,7094.4,710.39,71.67,26.67,Monsoon/Tropical Cyclone,2.8,2024,4,4,2
2025-12-25,Suezmax,139387,Ras Tanura,Qingdao,Crude Oil,6359.4,653.55,87.5,41.47,Calm,1.0,2025,12,3,4
2025-01-11,Panamax,80216,Santos,Qingdao,Grain,11802.6,590.68,82.75,71.77,Calm,17.5,2025,1,5,1
2023-10-27,LNG Carrier,86470,Ras Laffan,Tokyo,LNG,6717.3,622.73,100.43,106.03,Moderate,1.9,2023,10,4,4
2026-03-11,VLCC,311514,Ras Tanura,Qingdao,Crude Oil,6186.5,675.92,93.28,38.51,Stormy,1.8,2026,3,2,1
2023-10-14,Panamax,66887,Santos,Rotterdam,Bauxite,5463.2,629.56,122.76,66.77,Rough Sea,12.5,2023,10,5,4
2025-05-30,Capesize,181803,Tubarao,Qingdao,Iron Ore,11256.2,576.37,89.34,38.69,Calm,9.0,2025,5,4,2
2025-10-11,Handysize,37211,Singapore,Dubai,Containerized Freight,3498.9,604.37,104.37,57.8,Calm,3.3,2025,10,5,4
2024-07-10,Capesize,180910,Newcastle,Mumbai,Thermal Coal,5928.6,683.76,97.73,19.29,Calm,1.6,2024,7,2,3
2025-07-24,Capesize,176296,Newcastle,Mumbai,Thermal Coal,5968.2,604.9,107.3,36.78,Rough Sea,8.8,2025,7,3,3
2025-01-25,LNG Carrier,75483,Ras Laffan,Tokyo,LNG,6699.3,554.49,91.71,113.92,Rough Sea,0.8,2025,1,5,1
2025-03-13,Panamax,67646,Tubarao,Qingdao,Iron Ore,11515.9,591.81,89.57,63.08,Calm,3.0,2025,3,3,1
2024-08-27,Container Post-Panamax,95077,Shanghai,Los Angeles,Containerized Freight,5767.5,668.9,104.19,97.81,Calm,4.0,2024,8,1,3
2026-07-26,Supramax,51378,Santos,Rotterdam,Grain,5318.8,679.87,112.46,63.86,Calm,2.8,2026,7,6,3
2024-09-04,VLCC,305644,Ras Tanura,Qingdao,Crude Oil,6386.5,651.21,112.04,40.04,Calm,9.5,2024,9,2,3
2024-06-18,Capesize,187811,Port Hedland,Qingdao,Iron Ore,3551.1,684.05,99.05,27.24,Moderate,8.1,2024,6,1,2
2025-03-26,Suezmax,141615,Ras Tanura,Qingdao,Crude Oil,6211.1,576.86,97.11,39.41,Moderate,2.2,2025,3,2,1
2025-01-26,Suezmax,141681,Corpus Christi,Antwerp,Refined Petroleum,5065.1,574.2,99.79,41.51,Moderate,9.7,2025,1,6,1
2025-11-12,Suezmax,161649,Ras Tanura,Qingdao,Crude Oil,6255.1,667.89,114.48,48.19,Calm,4.3,2025,11,2,4
2024-03-22,Panamax,71334,Newcastle,Mumbai,Thermal Coal,5765.8,741.94,111.06,51.76,Moderate,2.0,2024,3,4,1
2023-10-26,Suezmax,145263,Houston,Rotterdam,Refined Petroleum,4809.8,632.87,108.03,42.5,Moderate,4.5,2023,10,3,4
2026-07-05,Container Post-Panamax,120920,Shanghai,Los Angeles,Containerized Freight,5651.7,667.99,106.58,94.96,Calm,2.4,2026,7,6,3
2026-06-17,Suezmax,159473,Ras Tanura,Singapore,Crude Oil,3826.6,698.67,105.25,35.67,Rough Sea,0.5,2026,6,2,2
2026-04-11,Suezmax,153289,Ras Tanura,Singapore,Crude Oil,3647.7,732.4,106.84,39.19,Moderate,3.8,2026,4,5,2
2024-06-13,Container Post-Panamax,129492,Shanghai,Los Angeles,Containerized Freight,5852.8,692.21,102.47,117.49,Monsoon/Tropical Cyclone,1.6,2024,6,3,2
2025-05-16,VLCC,301173,Ras Tanura,Singapore,Crude Oil,3756.9,528.76,106.3,21.24,Calm,0.5,2025,5,4,2
2025-10-27,Suezmax,156533,Ras Tanura,Singapore,Crude Oil,3800.7,645.93,93.6,28.59,Moderate,0.8,2025,10,0,4
2026-04-19,Container Post-Panamax,104080,Ningbo,Hamburg,Containerized Freight,10301.8,697.46,71.4,115.91,Calm,1.4,2026,4,6,2
2025-07-28,Suezmax,133924,Ras Tanura,Singapore,Crude Oil,3620.2,585.39,103.88,28.01,Calm,2.0,2025,7,0,3
2024-01-14,LNG Carrier,78386,Ras Laffan,Tokyo,LNG,6600.3,670.79,85.12,115.15,Rough Sea,5.9,2024,1,6,1
2024-03-20,Suezmax,155344,Houston,Rotterdam,Chemicals,4750.1,733.94,107.16,44.41,Calm,4.4,2024,3,2,1
2024-09-05,Aframax,89235,Corpus Christi,Antwerp,Refined Petroleum,4926.8,679.48,122.8,58.29,Calm,4.8,2024,9,3,3
2024-04-30,Capesize,203252,Newcastle,Mumbai,Thermal Coal,5764.8,699.24,99.41,26.6,Moderate,0.5,2024,4,1,2
2025-05-03,LNG Carrier,74844,Dampier,Yokohama,Iron Ore,3891.5,607.78,85.84,80.65,Calm,1.1,2025,5,5,2
2025-09-06,Supramax,54730,Houston,Rotterdam,Chemicals,4931.8,627.85,87.73,55.0,Rough Sea,6.3,2025,9,5,3
2023-11-09,Panamax,83113,Santos,Qingdao,Grain,12062.0,675.87,109.0,77.84,Moderate,6.2,2023,11,3,4
2024-02-17,Capesize,193747,Port Hedland,Qingdao,Iron Ore,3544.7,654.15,79.74,13.91,Calm,2.3,2024,2,5,1
2024-08-25,Panamax,81588,Newcastle,Mumbai,Thermal Coal,5758.5,666.85,120.56,57.45,Moderate,8.8,2024,8,6,3
2024-08-29,LNG Carrier,76244,Dampier,Yokohama,LNG,4001.2,626.42,107.57,101.41,Stormy,2.1,2024,8,3,3
2024-11-17,Capesize,198888,Port Hedland,Qingdao,Iron Ore,3716.2,624.94,127.91,38.2,Rough Sea,11.6,2024,11,6,4
2026-05-08,Suezmax,159958,Houston,Rotterdam,Crude Oil,4970.7,694.35,108.81,48.59,Rough Sea,4.2,2026,5,4,2
2025-10-08,Capesize,188110,Dampier,Yokohama,Iron Ore,4011.5,672.65,104.94,27.38,Calm,0.9,2025,10,2,4
2026-02-24,Suezmax,154027,Houston,Rotterdam,Refined Petroleum,4936.1,690.67,99.55,50.61,Stormy,4.9,2026,2,1,1
2026-04-29,Capesize,200753,Tubarao,Qingdao,Iron Ore,11211.3,739.33,102.2,44.19,Rough Sea,4.7,2026,4,2,2
2025-08-16,Suezmax,149441,Corpus Christi,Antwerp,Crude Oil,5018.7,607.03,102.46,39.21,Calm,4.9,2025,8,5,3
2026-09-01,Capesize,179985,Port Hedland,Qingdao,Iron Ore,3759.0,657.24,109.73,28.55,Moderate,9.1,2026,9,1,3
2024-02-09,Suezmax,149207,Ras Tanura,Singapore,Crude Oil,3679.5,733.47,84.92,37.92,Calm,5.5,2024,2,4,1
2026-05-29,Capesize,201041,Dampier,Yokohama,LNG,3899.2,717.63,105.42,25.57,Calm,3.8,2026,5,4,2
2024-08-27,Panamax,72962,Santos,Qingdao,Grain,12099.1,669.98,106.69,73.53,Rough Sea,0.5,2024,8,1,3
2024-12-16,Handysize,32566,Singapore,Dubai,Steel Coils,3376.7,607.08,96.83,63.63,Moderate,4.8,2024,12,0,4
2026-02-22,Panamax,79327,Santos,Rotterdam,Grain,5596.8,721.86,78.47,40.1,Calm,0.8,2026,2,6,1
2026-06-20,LNG Carrier,84509,Dampier,Yokohama,LNG,3896.0,713.02,93.15,85.8,Moderate,5.9,2026,6,5,2
2024-12-06,VLCC,319091,Ras Tanura,Qingdao,Crude Oil,6377.3,616.11,103.22,27.94,Calm,1.9,2024,12,4,4
2025-04-03,Supramax,53887,Houston,Rotterdam,Crude Oil,4875.2,586.11,104.55,55.51,Moderate,2.5,2025,4,3,2
2023-10-25,Aframax,114985,Houston,Rotterdam,Crude Oil,4733.5,666.59,114.23,58.31,Stormy,2.0,2023,10,2,4
2024-10-05,Container Post-Panamax,123491,Ningbo,Hamburg,Containerized Freight,10217.6,624.66,118.35,124.84,Calm,4.3,2024,10,5,4
2024-08-14,LNG Carrier,72806,Ras Laffan,Tokyo,LNG,6727.4,693.56,97.77,111.47,Moderate,2.3,2024,8,2,3
2025-04-22,LNG Carrier,78411,Ras Laffan,Tokyo,LNG,6506.8,565.36,88.7,99.84,Calm,3.9,2025,4,1,2
2026-06-13,Panamax,80432,Santos,Qingdao,Iron Ore,11988.3,678.06,94.29,70.52,Rough Sea,0.9,2026,6,5,2
2024-01-03,Container Post-Panamax,117078,Singapore,Dubai,Steel Coils,3451.5,678.63,100.22,74.64,Calm,5.2,2024,1,2,1
2026-06-21,Capesize,175450,Dampier,Yokohama,LNG,3902.1,686.35,92.67,19.59,Calm,0.5,2026,6,6,2
2023-12-27,Panamax,71631,Richards Bay,Rotterdam,Thermal Coal,7094.7,693.19,92.91,57.76,Rough Sea,3.5,2023,12,2,4
2024-06-11,Container Post-Panamax,94738,Ningbo,Hamburg,Containerized Freight,10487.8,687.83,94.1,142.21,Rough Sea,9.6,2024,6,1,2
2023-10-22,Capesize,185382,Tubarao,Qingdao,Iron Ore,11411.1,694.62,113.7,42.68,Moderate,2.8,2023,10,6,4
2025-07-09,Container Post-Panamax,81518,Ningbo,Hamburg,Containerized Freight,10389.2,624.13,90.53,117.86,Calm,0.5,2025,7,2,3
2025-11-15,Panamax,66984,Tubarao,Qingdao,Iron Ore,11432.4,659.08,128.62,80.72,Rough Sea,2.6,2025,11,5,4
2024-02-12,Panamax,72652,Newcastle,Mumbai,Thermal Coal,6025.7,740.52,89.77,54.47,Moderate,4.8,2024,2,0,1
2025-10-03,Supramax,64287,Santos,Rotterdam,Bauxite,5488.2,637.11,90.06,51.66,Calm,0.5,2025,10,4,4
2025-07-11,VLCC,295045,Ras Tanura,Qingdao,Crude Oil,6223.9,605.51,96.09,28.58,Calm,2.4,2025,7,4,3
2024-04-28,Suezmax,161109,Corpus Christi,Antwerp,Crude Oil,4991.4,695.26,97.66,47.32,Monsoon/Tropical Cyclone,1.6,2024,4,6,2
2026-02-28,Capesize,164123,Port Hedland,Qingdao,Iron Ore,3573.8,720.14,87.84,28.7,Monsoon/Tropical Cyclone,4.8,2026,2,5,1
2026-07-13,Panamax,82427,Newcastle,Mumbai,Thermal Coal,5998.3,660.82,82.81,39.67,Moderate,2.2,2026,7,0,3
2026-02-17,Suezmax,138083,Ras Tanura,Singapore,Crude Oil,3709.8,699.07,90.93,36.65,Rough Sea,1.5,2026,2,1,1
2026-04-30,Supramax,53247,Houston,Rotterdam,Refined Petroleum,4940.1,684.71,99.94,62.69,Stormy,2.2,2026,4,3,2
2026-04-23,Aframax,103763,Houston,Rotterdam,Chemicals,4893.7,730.51,111.06,62.29,Moderate,6.1,2026,4,3,2
2023-10-24,Panamax,77310,Santos,Qingdao,Grain,11802.7,674.42,112.84,85.29,Stormy,2.1,2023,10,1,4
2026-02-20,Panamax,65540,Richards Bay,Rotterdam,Thermal Coal,7272.4,660.72,108.32,58.94,Moderate,2.9,2026,2,4,1
2025-11-22,Handysize,25363,Singapore,Dubai,Containerized Freight,3430.8,710.23,103.55,76.03,Stormy,2.1,2025,11,5,4
2026-07-13,Panamax,79698,Santos,Qingdao,Grain,11615.1,704.23,99.64,72.03,Moderate,6.9,2026,7,0,3
2024-02-05,Capesize,195115,Port Hedland,Qingdao,Iron Ore,3588.1,696.55,93.69,22.54,Moderate,4.7,2024,2,0,1
2023-12-04,Supramax,62585,Santos,Rotterdam,Grain,5509.0,715.9,86.75,56.11,Moderate,3.1,2023,12,0,4
2025-11-02,Capesize,175846,Dampier,Yokohama,LNG,3847.7,653.08,103.73,23.36,Calm,0.5,2025,11,6,4
2026-03-22,Container Post-Panamax,124590,Singapore,Dubai,Containerized Freight,3422.1,689.52,114.76,84.98,Rough Sea,2.1,2026,3,6,1
2025-03-12,Container Post-Panamax,125805,Singapore,Dubai,Containerized Freight,3333.7,576.72,110.61,73.82,Moderate,3.0,2025,3,2,1
2025-11-02,Suezmax,145096,Ras Tanura,Qingdao,Crude Oil,6074.9,673.35,98.43,56.1,Rough Sea,12.2,2025,11,6,4
2024-10-17,Panamax,65007,Newcastle,Mumbai,Thermal Coal,5747.3,620.29,111.13,54.33,Calm,6.0,2024,10,3,4
2026-01-16,Capesize,202690,Dampier,Yokohama,LNG,3959.3,747.43,106.14,27.15,Moderate,1.1,2026,1,4,1
2024-07-12,Panamax,80735,Tubarao,Qingdao,Bauxite,11279.3,690.52,97.32,76.37,Monsoon/Tropical Cyclone,2.4,2024,7,4,3
2024-12-31,LNG Carrier,94306,Ras Laffan,Tokyo,LNG,6569.0,581.04,97.07,104.56,Moderate,2.3,2024,12,1,4
2024-06-18,Capesize,195364,Richards Bay,Rotterdam,Thermal Coal,6989.5,704.28,102.97,37.44,Calm,7.8,2024,6,1,2
2025-10-05,LNG Carrier,73819,Dampier,Yokohama,LNG,3897.5,601.62,104.39,89.48,Rough Sea,0.9,2025,10,6,4
2025-11-01,Container Post-Panamax,95758,Ningbo,Hamburg,Containerized Freight,10653.7,659.84,105.03,131.04,Moderate,0.5,2025,11,5,4
2025-07-22,Capesize,162761,Newcastle,Mumbai,Thermal Coal,5743.5,592.27,83.69,24.91,Calm,5.1,2025,7,1,3
2024-08-16,Container Post-Panamax,87793,Ningbo,Hamburg,Containerized Freight,10362.3,699.33,97.13,124.23,Calm,0.6,2024,8,4,3
2024-10-23,Panamax,79265,Santos,Rotterdam,Grain,5292.0,669.45,117.27,46.44,Calm,2.3,2024,10,2,4
2024-12-13,Panamax,80658,Santos,Qingdao,Grain,11448.7,583.6,82.55,67.1,Rough Sea,4.9,2024,12,4,4
2025-01-11,Panamax,82746,Newcastle,Mumbai,Thermal Coal,5888.1,622.47,87.01,41.77,Moderate,0.5,2025,1,5,1
2023-10-11,Aframax,91638,Houston,Rotterdam,Chemicals,4979.0,619.97,113.17,53.23,Calm,1.8,2023,10,2,4
2026-02-14,Aframax,107196,Corpus Christi,Antwerp,Refined Petroleum,4816.4,689.31,88.31,59.91,Monsoon/Tropical Cyclone,1.6,2026,2,5,1
2023-12-13,Aframax,91106,Corpus Christi,Antwerp,Refined Petroleum,4942.3,689.65,98.2,51.47,Moderate,3.2,2023,12,2,4
2024-02-08,Suezmax,146640,Ras Tanura,Singapore,Crude Oil,3830.3,708.52,89.73,42.61,Rough Sea,4.3,2024,2,3,1
2024-10-06,LNG Carrier,71350,Dampier,Yokohama,Iron Ore,3866.5,660.43,119.75,95.92,Moderate,5.8,2024,10,6,4
2024-10-20,Suezmax,160925,Corpus Christi,Antwerp,Crude Oil,4933.2,607.57,117.58,45.76,Calm,4.6,2024,10,6,4
2024-11-20,LNG Carrier,84513,Ras Laffan,Tokyo,LNG,6470.8,618.47,121.7,110.82,Moderate,4.5,2024,11,2,4
2024-01-20,LNG Carrier,90012,Ras Laffan,Tokyo,LNG,6621.0,645.49,88.27,115.79,Rough Sea,2.1,2024,1,5,1
2025-09-30,VLCC,314333,Ras Tanura,Singapore,Crude Oil,3616.9,671.62,114.96,34.35,Stormy,2.6,2025,9,1,3
2024-07-16,LNG Carrier,79468,Ras Laffan,Tokyo,LNG,6591.9,665.68,92.22,127.02,Stormy,2.5,2024,7,1,3
2026-01-11,LNG Carrier,87920,Dampier,Yokohama,LNG,4005.8,696.06,86.02,84.43,Moderate,3.8,2026,1,6,1
2025-08-31,Suezmax,163330,Ras Tanura,Singapore,Crude Oil,3808.0,608.76,99.94,35.17,Calm,2.5,2025,8,6,3
2023-12-13,Handysize,33629,Singapore,Dubai,Chemicals,3307.5,683.24,113.68,66.2,Moderate,0.5,2023,12,2,4
2024-04-11,LNG Carrier,77166,Ras Laffan,Tokyo,LNG,6490.2,702.02,83.41,109.24,Calm,4.7,2024,4,3,2
2024-05-28,Capesize,192613,Newcastle,Mumbai,Thermal Coal,5872.9,719.91,109.54,29.89,Rough Sea,3.1,2024,5,1,2
2024-01-02,Suezmax,162869,Houston,Rotterdam,Refined Petroleum,4923.6,696.62,100.93,45.19,Calm,7.2,2024,1,1,1
2024-10-14,Container Post-Panamax,87189,Ningbo,Hamburg,Containerized Freight,10665.7,638.34,109.63,126.53,Calm,2.0,2024,10,0,4
2025-12-10,Capesize,180797,Santos,Qingdao,Grain,11666.2,740.71,86.55,50.42,Moderate,13.4,2025,12,2,4
2024-02-05,Panamax,77444,Tubarao,Qingdao,Iron Ore,11395.7,671.96,85.07,88.01,Monsoon/Tropical Cyclone,9.8,2024,2,0,1
2026-06-21,Capesize,175010,Dampier,Yokohama,LNG,3890.8,683.31,91.5,21.61,Moderate,2.8,2026,6,6,2
2025-04-13,Suezmax,145377,Ras Tanura,Singapore,Crude Oil,3662.9,571.59,109.79,37.45,Moderate,5.6,2025,4,6,2
2026-07-21,Aframax,100727,Corpus Christi,Antwerp,Crude Oil,4919.4,708.36,105.72,57.74,Moderate,2.7,2026,7,1,3
2025-07-23,Suezmax,160763,Houston,Rotterdam,Crude Oil,4758.7,568.61,89.58,40.52,Calm,8.3,2025,7,2,3
2024-10-08,Aframax,91844,Corpus Christi,Antwerp,Crude Oil,5042.5,655.67,116.45,54.76,Calm,3.2,2024,10,1,4
2026-03-18,Suezmax,148658,Houston,Rotterdam,Refined Petroleum,4826.6,704.71,102.56,49.07,Calm,9.5,2026,3,2,1
2024-06-06,LNG Carrier,84800,Ras Laffan,Tokyo,LNG,6564.9,713.84,93.7,102.37,Calm,0.5,2024,6,3,2
2024-02-11,Suezmax,156192,Corpus Christi,Antwerp,Crude Oil,4972.7,733.53,96.55,39.73,Moderate,2.5,2024,2,6,1
2025-06-12,Panamax,81477,Richards Bay,Rotterdam,Thermal Coal,7080.1,609.29,91.56,67.09,Stormy,11.5,2025,6,3,2
2024-11-08,LNG Carrier,79423,Dampier,Yokohama,Iron Ore,3877.4,621.97,102.69,79.07,Calm,0.5,2024,11,4,4
2024-12-20,Container Post-Panamax,90497,Shanghai,Los Angeles,Containerized Freight,5630.9,609.55,112.19,90.94,Moderate,2.0,2024,12,4,4
2026-08-29,Capesize,180041,Port Hedland,Qingdao,Iron Ore,3561.1,660.73,90.91,29.68,Monsoon/Tropical Cyclone,7.1,2026,8,5,3
2025-08-23,VLCC,290520,Ras Tanura,Qingdao,Crude Oil,6163.9,630.45,103.8,30.62,Moderate,0.5,2025,8,5,3
2025-01-11,Suezmax,159725,Ras Tanura,Singapore,Crude Oil,3782.9,574.66,92.82,31.35,Moderate,1.5,2025,1,5,1
2023-11-27,VLCC,310744,Ras Tanura,Qingdao,Crude Oil,6245.6,679.71,109.2,32.7,Calm,1.9,2023,11,0,4
2024-03-04,Capesize,198921,Tubarao,Qingdao,Bauxite,11432.1,708.05,90.23,29.74,Calm,0.5,2024,3,0,1
2025-01-28,LNG Carrier,74862,Dampier,Yokohama,Iron Ore,3903.1,584.72,84.25,80.73,Calm,1.5,2025,1,1,1
2025-06-24,LNG Carrier,85491,Dampier,Yokohama,LNG,3963.5,597.98,107.98,84.02,Calm,2.5,2025,6,1,2
2024-07-27,Container Post-Panamax,123879,Ningbo,Hamburg,Containerized Freight,10790.2,728.72,103.43,142.97,Rough Sea,1.5,2024,7,5,3
2026-04-14,Suezmax,162073,Ras Tanura,Qingdao,Crude Oil,6183.5,717.64,91.28,46.13,Calm,5.4,2026,4,1,2
2026-03-19,Suezmax,141687,Houston,Rotterdam,Crude Oil,4743.3,650.97,97.18,34.41,Calm,2.5,2026,3,3,1
2026-01-26,Suezmax,147440,Ras Tanura,Singapore,Crude Oil,3610.3,709.56,101.96,36.66,Calm,0.7,2026,1,0,1
2026-07-11,Handysize,39198,Singapore,Dubai,Chemicals,3422.8,691.82,105.33,70.65,Moderate,5.5,2026,7,5,3
2024-07-19,Capesize,187131,Port Hedland,Qingdao,Iron Ore,3699.3,680.31,108.79,29.71,Moderate,4.9,2024,7,4,3
2024-01-30,Panamax,81378,Santos,Rotterdam,Bauxite,5596.7,737.22,102.59,57.31,Rough Sea,5.1,2024,1,1,1
2025-03-09,Panamax,81302,Tubarao,Qingdao,Iron Ore,11441.6,532.21,96.77,62.72,Calm,1.1,2025,3,6,1
2025-04-12,Container Post-Panamax,113870,Shanghai,Los Angeles,Containerized Freight,5543.8,584.04,104.32,88.95,Calm,1.9,2025,4,5,2
2024-07-20,Container Post-Panamax,91125,Ningbo,Hamburg,Containerized Freight,10780.4,670.47,101.48,131.92,Moderate,0.5,2024,7,5,3
2025-07-08,Panamax,68661,Santos,Rotterdam,Bauxite,5520.9,577.82,111.75,61.93,Stormy,9.5,2025,7,1,3
2025-03-01,Handysize,32078,Singapore,Dubai,Containerized Freight,3314.1,533.89,102.32,64.31,Calm,11.9,2025,3,5,1
2026-04-16,Panamax,80764,Richards Bay,Rotterdam,Thermal Coal,6933.7,714.67,107.7,51.37,Rough Sea,0.5,2026,4,3,2
2026-06-16,Capesize,176988,Dampier,Yokohama,Iron Ore,3952.3,668.05,100.48,27.01,Rough Sea,1.9,2026,6,1,2
2026-01-02,Suezmax,143918,Corpus Christi,Antwerp,Crude Oil,4780.8,698.34,92.98,40.82,Rough Sea,1.8,2026,1,4,1
2025-03-08,LNG Carrier,86562,Ras Laffan,Tokyo,LNG,6733.9,586.63,112.46,107.43,Calm,1.5,2025,3,5,1
2025-06-12,LNG Carrier,72481,Ras Laffan,Tokyo,LNG,6408.3,558.85,101.44,96.87,Calm,0.5,2025,6,3,2
2024-11-24,Suezmax,161255,Corpus Christi,Antwerp,Crude Oil,4880.7,586.31,103.38,36.71,Moderate,2.2,2024,11,6,4
2026-07-17,Suezmax,141020,Ras Tanura,Qingdao,Crude Oil,6342.0,690.69,86.11,38.79,Calm,1.3,2026,7,4,3
2024-12-18,Capesize,174387,Richards Bay,Rotterdam,Thermal Coal,7131.6,561.4,82.15,16.86,Calm,0.5,2024,12,2,4
2024-11-11,Container Post-Panamax,117641,Shanghai,Los Angeles,Containerized Freight,5658.7,656.95,114.13,104.54,Moderate,8.6,2024,11,0,4
2024-03-12,LNG Carrier,74852,Ras Laffan,Tokyo,LNG,6391.6,746.79,103.94,112.24,Moderate,1.8,2024,3,1,1
2026-07-24,Capesize,167006,Port Hedland,Qingdao,Iron Ore,3581.2,726.57,96.55,33.94,Monsoon/Tropical Cyclone,6.8,2026,7,4,3
2024-08-27,Capesize,194778,Port Hedland,Qingdao,Iron Ore,3600.7,679.74,102.47,21.03,Rough Sea,0.7,2024,8,1,3
2024-12-05,Panamax,84904,Newcastle,Mumbai,Thermal Coal,6013.9,623.4,124.45,48.46,Calm,2.4,2024,12,3,4
2024-05-02,VLCC,290346,Ras Tanura,Qingdao,Crude Oil,6431.6,678.91,104.25,38.77,Rough Sea,2.4,2024,5,3,2
2025-06-02,Panamax,67667,Newcastle,Mumbai,Thermal Coal,5909.3,553.09,104.38,47.52,Stormy,3.8,2025,6,0,2
2023-11-27,Container Post-Panamax,122205,Shanghai,Los Angeles,Containerized Freight,5760.1,680.98,103.02,93.63,Calm,0.5,2023,11,0,4
2025-07-24,Panamax,83212,Santos,Qingdao,Iron Ore,11595.2,597.69,115.64,65.9,Calm,3.4,2025,7,3,3
2026-08-16,LNG Carrier,92545,Ras Laffan,Tokyo,LNG,6730.1,648.16,85.2,116.35,Rough Sea,3.3,2026,8,6,3
2024-08-24,Capesize,163567,Newcastle,Mumbai,Thermal Coal,5816.8,661.88,102.9,29.19,Calm,1.3,2024,8,5,3
2025-10-09,Container Post-Panamax,90734,Ningbo,Hamburg,Containerized Freight,10678.4,667.18,133.9,150.39,Rough Sea,4.0,2025,10,3,4
2025-08-31,Container Post-Panamax,93044,Singapore,Dubai,Steel Coils,3501.0,605.61,102.31,77.0,Moderate,4.1,2025,8,6,3
2023-12-02,Container Post-Panamax,104324,Shanghai,Los Angeles,Containerized Freight,5828.6,686.22,101.31,92.24,Calm,1.4,2023,12,5,4
2025-01-08,Container Post-Panamax,116160,Singapore,Dubai,Containerized Freight,3495.4,573.64,96.07,67.87,Moderate,0.5,2025,1,2,1
2023-12-26,Suezmax,154365,Ras Tanura,Qingdao,Crude Oil,6207.0,723.79,102.4,43.97,Moderate,0.9,2023,12,1,4
2025-04-23,VLCC,314959,Ras Tanura,Singapore,Crude Oil,3624.3,561.63,105.43,26.83,Moderate,3.2,2025,4,2,2
2025-03-13,Suezmax,146938,Ras Tanura,Qingdao,Crude Oil,6135.9,602.76,104.79,40.85,Moderate,3.3,2025,3,3,1
2023-10-26,Suezmax,140256,Ras Tanura,Qingdao,Crude Oil,6251.6,656.4,107.38,45.46,Calm,1.7,2023,10,3,4
2026-07-02,Capesize,162440,Newcastle,Mumbai,Thermal Coal,5975.4,664.98,93.32,22.78,Moderate,1.2,2026,7,3,3
2024-05-08,Container Post-Panamax,110831,Shanghai,Los Angeles,Containerized Freight,5683.7,743.9,101.68,97.7,Moderate,1.5,2024,5,2,2
2023-11-11,Suezmax,161831,Corpus Christi,Antwerp,Refined Petroleum,5009.1,660.01,102.3,42.47,Rough Sea,1.9,2023,11,5,4
2026-04-03,LNG Carrier,81355,Dampier,Yokohama,LNG,3972.7,688.44,91.9,91.2,Rough Sea,1.9,2026,4,4,2
2026-08-27,Panamax,74249,Richards Bay,Rotterdam,Thermal Coal,6899.5,662.2,95.69,49.92,Calm,2.6,2026,8,3,3
2025-02-15,Capesize,191944,Port Hedland,Qingdao,Iron Ore,3630.2,612.53,105.11,23.05,Rough Sea,0.5,2025,2,5,1
2026-08-30,Handysize,25702,Singapore,Dubai,Steel Coils,3318.4,658.36,100.04,58.85,Moderate,0.5,2026,8,6,3
2026-04-18,Container Post-Panamax,98044,Shanghai,Los Angeles,Containerized Freight,5823.9,706.04,80.17,95.65,Moderate,8.0,2026,4,5,2
2026-07-06,Container Post-Panamax,109442,Shanghai,Los Angeles,Containerized Freight,5679.3,723.74,90.65,101.62,Calm,11.5,2026,7,0,3
2025-11-02,VLCC,299920,Ras Tanura,Qingdao,Crude Oil,6100.8,645.57,110.26,33.96,Rough Sea,3.7,2025,11,6,4
2026-06-27,Suezmax,141162,Houston,Rotterdam,Chemicals,4805.1,697.74,108.62,43.37,Rough Sea,0.5,2026,6,5,2
2025-07-23,Panamax,68751,Santos,Qingdao,Grain,11586.1,593.45,101.4,66.72,Calm,4.4,2025,7,2,3
2025-11-18,Supramax,54834,Singapore,Dubai,Chemicals,3491.3,708.09,111.01,60.39,Moderate,8.3,2025,11,1,4
2025-08-01,Supramax,64756,Houston,Rotterdam,Chemicals,4742.6,576.02,110.97,44.51,Calm,1.0,2025,8,4,3
2024-06-27,Capesize,190956,Newcastle,Mumbai,Thermal Coal,6005.6,680.57,108.75,28.61,Moderate,0.5,2024,6,3,2
2025-12-04,VLCC,311335,Ras Tanura,Qingdao,Crude Oil,6150.3,693.17,89.2,24.72,Calm,0.8,2025,12,3,4
2025-01-31,Supramax,53345,Houston,Rotterdam,Refined Petroleum,4877.2,588.66,113.05,49.84,Calm,0.6,2025,1,4,1
2025-09-14,Suezmax,158085,Houston,Rotterdam,Refined Petroleum,4910.9,632.01,106.14,46.94,Moderate,10.9,2025,9,6,3
2024-05-14,Capesize,168808,Port Hedland,Qingdao,Iron Ore,3641.4,719.15,98.99,21.63,Moderate,0.5,2024,5,1,2
2026-03-24,Panamax,76056,Richards Bay,Rotterdam,Thermal Coal,7215.9,720.18,112.05,60.79,Moderate,1.7,2026,3,1,1
2024-03-27,Capesize,206231,Santos,Qingdao,Grain,11857.5,717.93,99.52,43.52,Calm,9.2,2024,3,2,1
2025-03-27,Suezmax,131194,Corpus Christi,Antwerp,Refined Petroleum,4860.4,566.87,95.06,34.47,Moderate,0.8,2025,3,3,1
2026-06-20,Supramax,50532,Santos,Rotterdam,Grain,5371.7,658.69,95.33,59.19,Calm,9.8,2026,6,5,2
2026-09-24,Capesize,207308,Port Hedland,Qingdao,Iron Ore,3632.5,651.79,104.19,21.06,Stormy,3.7,2026,9,3,3
2026-01-11,VLCC,286113,Ras Tanura,Singapore,Crude Oil,3647.4,717.07,101.52,31.51,Calm,2.6,2026,1,6,1
2025-10-28,Container Post-Panamax,106358,Ningbo,Hamburg,Containerized Freight,10603.0,673.56,111.52,131.0,Moderate,2.1,2025,10,1,4
2025-03-05,Suezmax,139046,Corpus Christi,Antwerp,Crude Oil,4778.0,545.36,92.18,36.19,Rough Sea,1.2,2025,3,2,1
2024-08-23,VLCC,291312,Ras Tanura,Singapore,Crude Oil,3650.5,673.1,100.12,25.59,Moderate,0.5,2024,8,4,3
2024-04-10,VLCC,283243,Ras Tanura,Singapore,Crude Oil,3830.6,712.9,113.7,33.17,Calm,1.5,2024,4,2,2
2025-03-30,Supramax,55786,Santos,Rotterdam,Grain,5518.8,573.06,86.59,48.93,Calm,1.1,2025,3,6,1
2024-05-12,Aframax,97665,Corpus Christi,Antwerp,Refined Petroleum,5003.6,680.08,89.65,50.81,Calm,2.8,2024,5,6,2
2024-01-15,Capesize,167432,Newcastle,Mumbai,Thermal Coal,5984.7,692.42,112.25,28.85,Calm,2.6,2024,1,0,1
2025-11-28,Capesize,189162,Newcastle,Mumbai,Thermal Coal,6045.7,651.92,94.68,22.49,Moderate,1.9,2025,11,4,4
2024-09-13,VLCC,317394,Ras Tanura,Singapore,Crude Oil,3695.6,636.74,107.87,28.93,Moderate,4.6,2024,9,4,3
2024-06-16,Capesize,195200,Dampier,Yokohama,Iron Ore,4046.1,698.37,100.5,22.43,Moderate,1.9,2024,6,6,2
2025-08-22,Suezmax,138824,Corpus Christi,Antwerp,Crude Oil,5033.7,649.67,86.06,35.23,Moderate,0.7,2025,8,4,3
2025-07-13,Capesize,209534,Santos,Qingdao,Grain,11474.1,600.99,104.07,32.28,Moderate,0.5,2025,7,6,3
2023-11-05,LNG Carrier,76377,Ras Laffan,Tokyo,LNG,6594.6,681.11,94.54,101.72,Calm,2.1,2023,11,6,4
2026-05-19,LNG Carrier,76394,Dampier,Yokohama,Iron Ore,3993.3,700.81,105.53,92.29,Calm,3.1,2026,5,1,2
2023-10-09,LNG Carrier,73285,Ras Laffan,Tokyo,LNG,6497.3,668.72,114.49,112.71,Moderate,0.5,2023,10,0,4
2025-12-11,Container Post-Panamax,109717,Ningbo,Hamburg,Containerized Freight,10686.3,662.36,90.54,125.02,Calm,0.5,2025,12,3,4
2025-02-05,Supramax,64754,Santos,Rotterdam,Bauxite,5386.8,569.04,99.68,55.72,Calm,4.0,2025,2,2,1
2024-09-03,LNG Carrier,76056,Ras Laffan,Tokyo,LNG,6670.9,641.47,100.72,107.79,Moderate,0.5,2024,9,1,3
2023-10-05,Panamax,76333,Tubarao,Qingdao,Iron Ore,10899.8,666.87,83.03,65.09,Moderate,1.4,2023,10,3,4
2025-02-07,Supramax,57160,Singapore,Dubai,Chemicals,3399.5,583.75,87.18,40.83,Calm,0.5,2025,2,4,1
2026-09-18,Container Post-Panamax,104877,Ningbo,Hamburg,Containerized Freight,10400.7,613.84,97.53,120.46,Calm,0.5,2026,9,4,3
2024-07-30,Handysize,25150,Singapore,Dubai,Containerized Freight,3418.9,718.08,100.16,63.66,Moderate,1.6,2024,7,1,3
2026-04-25,VLCC,281935,Ras Tanura,Singapore,Crude Oil,3679.8,679.84,115.57,42.86,Stormy,5.9,2026,4,5,2
2025-05-09,Suezmax,138799,Corpus Christi,Antwerp,Refined Petroleum,4919.6,581.5,102.8,35.41,Moderate,0.5,2025,5,4,2
2025-07-11,Supramax,55872,Houston,Rotterdam,Crude Oil,4802.8,612.31,80.8,47.62,Moderate,7.8,2025,7,4,3
2025-11-16,Capesize,168204,Newcastle,Mumbai,Thermal Coal,5749.4,648.34,107.56,27.48,Calm,0.8,2025,11,6,4
2024-10-05,Suezmax,156097,Corpus Christi,Antwerp,Crude Oil,4859.9,595.13,120.28,45.59,Calm,4.4,2024,10,5,4
2025-06-20,LNG Carrier,84828,Ras Laffan,Tokyo,LNG,6721.2,575.56,103.86,110.49,Moderate,4.5,2025,6,4,2
2024-12-13,Panamax,84190,Richards Bay,Rotterdam,Thermal Coal,7264.3,576.75,94.17,43.44,Calm,3.1,2024,12,4,4
2026-01-23,Suezmax,141187,Corpus Christi,Antwerp,Crude Oil,4838.0,677.5,81.23,35.68,Calm,0.5,2026,1,4,1
2023-11-05,VLCC,305232,Ras Tanura,Singapore,Crude Oil,3762.7,680.28,121.39,27.74,Calm,4.3,2023,11,6,4
2024-09-25,VLCC,304533,Ras Tanura,Singapore,Crude Oil,3732.2,620.08,106.72,30.05,Moderate,4.4,2024,9,2,3
2024-07-18,Container Post-Panamax,105083,Ningbo,Hamburg,Containerized Freight,10364.3,650.29,95.15,124.24,Moderate,1.3,2024,7,3,3
2024-12-12,Container Post-Panamax,117944,Shanghai,Los Angeles,Containerized Freight,5539.3,618.39,101.83,92.27,Rough Sea,0.5,2024,12,3,4
2026-07-05,Container Post-Panamax,118154,Singapore,Dubai,Steel Coils,3422.1,737.2,108.15,79.48,Calm,2.1,2026,7,6,3
2025-02-07,LNG Carrier,70734,Ras Laffan,Tokyo,LNG,6405.8,547.11,100.8,103.37,Moderate,4.6,2025,2,4,1
2025-11-08,Suezmax,147981,Ras Tanura,Qingdao,Crude Oil,6344.4,663.59,111.28,45.97,Moderate,0.7,2025,11,5,4
2023-12-16,Aframax,89024,Houston,Rotterdam,Refined Petroleum,4877.8,654.41,91.33,55.1,Calm,7.0,2023,12,5,4
2024-03-06,Panamax,67147,Santos,Qingdao,Grain,11527.9,718.77,82.64,70.45,Calm,6.2,2024,3,2,1
2026-09-16,Panamax,68009,Newcastle,Mumbai,Thermal Coal,5957.2,659.46,110.45,60.27,Stormy,3.9,2026,9,2,3
2025-11-13,Capesize,166511,Tubarao,Qingdao,Bauxite,10919.4,686.34,91.87,32.38,Calm,0.5,2025,11,3,4
2025-06-07,LNG Carrier,73528,Ras Laffan,Tokyo,LNG,6379.1,606.53,98.35,106.35,Moderate,0.6,2025,6,5,2
2026-08-18,Container Post-Panamax,88337,Singapore,Dubai,Containerized Freight,3409.9,672.02,96.43,81.04,Moderate,4.5,2026,8,1,3
2025-06-26,Handysize,35434,Singapore,Dubai,Steel Coils,3383.2,581.17,110.15,58.37,Calm,6.1,2025,6,3,2
2025-01-17,Handysize,38966,Singapore,Dubai,Chemicals,3370.1,554.6,76.91,48.57,Moderate,0.5,2025,1,4,1
2023-12-21,Supramax,51859,Houston,Rotterdam,Crude Oil,4925.0,719.7,94.79,54.31,Calm,0.5,2023,12,3,4
2023-11-22,Container Post-Panamax,131073,Ningbo,Hamburg,Containerized Freight,10608.8,669.12,103.26,127.75,Calm,2.3,2023,11,2,4
2026-07-15,Panamax,80051,Santos,Qingdao,Grain,11643.6,715.49,111.71,80.25,Calm,15.3,2026,7,2,3
2025-03-24,Capesize,186736,Santos,Qingdao,Iron Ore,11964.8,550.52,97.01,38.3,Rough Sea,1.2,2025,3,0,1
2026-09-05,Capesize,196230,Port Hedland,Qingdao,Iron Ore,3703.0,643.11,110.72,28.32,Moderate,7.8,2026,9,5,3
2024-09-25,Capesize,182480,Newcastle,Mumbai,Thermal Coal,5990.6,622.32,99.66,22.19,Moderate,0.5,2024,9,2,3
2024-03-20,Suezmax,164182,Ras Tanura,Singapore,Crude Oil,3621.7,769.77,101.69,37.26,Rough Sea,0.5,2024,3,2,1
2024-09-04,Container Post-Panamax,131009,Ningbo,Hamburg,Containerized Freight,10312.6,658.75,111.32,126.86,Calm,2.5,2024,9,2,3
2024-01-05,LNG Carrier,91329,Ras Laffan,Tokyo,LNG,6461.9,666.72,73.57,102.02,Calm,0.5,2024,1,4,1
2024-05-03,Capesize,192177,Santos,Qingdao,Iron Ore,11834.9,722.3,94.57,47.51,Moderate,11.3,2024,5,4,2
2026-07-11,Container Post-Panamax,90774,Shanghai,Los Angeles,Containerized Freight,5674.4,687.61,104.57,126.27,Stormy,18.0,2026,7,5,3
2025-04-05,Capesize,185809,Dampier,Yokohama,Iron Ore,3986.6,572.29,109.97,19.4,Calm,1.7,2025,4,5,2
2026-09-25,LNG Carrier,86258,Ras Laffan,Tokyo,LNG,6542.8,653.65,100.4,112.22,Rough Sea,0.5,2026,9,4,3
2024-05-09,Panamax,69806,Richards Bay,Rotterdam,Thermal Coal,6905.0,719.51,88.06,47.29,Calm,0.5,2024,5,3,2
2024-10-10,LNG Carrier,91594,Ras Laffan,Tokyo,LNG,6598.5,629.78,102.05,106.88,Calm,0.5,2024,10,3,4
2024-11-02,Panamax,70278,Santos,Rotterdam,Bauxite,5467.1,593.69,119.61,55.33,Rough Sea,3.7,2024,11,5,4
2025-02-20,Aframax,98125,Houston,Rotterdam,Crude Oil,4714.2,541.78,103.91,47.44,Moderate,2.8,2025,2,3,1
2024-11-25,Panamax,84526,Tubarao,Qingdao,Bauxite,11513.1,595.68,104.62,60.89,Calm,2.3,2024,11,0,4
2025-11-15,VLCC,304116,Ras Tanura,Singapore,Crude Oil,3665.2,687.61,104.33,37.8,Stormy,9.5,2025,11,5,4
2024-04-04,Suezmax,157313,Houston,Rotterdam,Chemicals,4726.4,699.35,91.14,45.65,Stormy,4.2,2024,4,3,2
2024-02-14,LNG Carrier,86133,Ras Laffan,Tokyo,LNG,6395.5,701.8,86.01,110.81,Calm,10.1,2024,2,2,1
2024-03-06,Suezmax,157584,Corpus Christi,Antwerp,Refined Petroleum,4852.2,684.55,112.41,47.66,Calm,7.9,2024,3,2,1
2026-07-06,Suezmax,136242,Ras Tanura,Qingdao,Crude Oil,6216.7,697.8,76.32,43.84,Moderate,7.8,2026,7,0,3
2024-12-19,Container Post-Panamax,105539,Shanghai,Los Angeles,Containerized Freight,5870.3,591.29,99.81,91.67,Moderate,3.0,2024,12,3,4
2025-12-07,Capesize,193082,Santos,Qingdao,Iron Ore,11551.4,677.73,86.08,31.06,Calm,2.3,2025,12,6,4
2025-05-04,Suezmax,134715,Houston,Rotterdam,Crude Oil,4804.1,599.26,92.11,36.42,Moderate,3.0,2025,5,6,2
2023-10-10,Panamax,82744,Richards Bay,Rotterdam,Thermal Coal,7084.9,668.43,92.11,54.49,Moderate,6.0,2023,10,1,4
2023-12-14,Container Post-Panamax,103613,Ningbo,Hamburg,Containerized Freight,10534.3,700.85,90.75,121.2,Calm,2.2,2023,12,3,4
2025-02-09,VLCC,286707,Ras Tanura,Qingdao,Crude Oil,6147.0,588.56,88.84,34.84,Rough Sea,5.4,2025,2,6,1
2024-04-10,Suezmax,156571,Ras Tanura,Qingdao,Crude Oil,6110.6,698.6,80.46,39.66,Moderate,0.5,2024,4,2,2
2024-05-26,Suezmax,148773,Ras Tanura,Qingdao,Crude Oil,6079.4,677.48,94.1,41.52,Calm,1.2,2024,5,6,2
2025-07-06,Capesize,160633,Port Hedland,Qingdao,Iron Ore,3758.4,580.2,89.95,19.57,Moderate,0.5,2025,7,6,3
2026-09-05,Capesize,162951,Newcastle,Mumbai,Thermal Coal,6066.1,693.92,103.32,27.25,Calm,3.1,2026,9,5,3
2024-12-29,Aframax,98016,Houston,Rotterdam,Refined Petroleum,4781.0,559.58,89.71,42.47,Moderate,0.5,2024,12,6,4
2025-09-24,Panamax,66208,Tubarao,Qingdao,Bauxite,11023.7,676.0,97.43,64.65,Calm,1.5,2025,9,2,3
2026-02-22,Panamax,76202,Santos,Qingdao,Grain,11599.5,725.17,104.37,64.46,Calm,1.7,2026,2,6,1
2023-10-12,LNG Carrier,93434,Ras Laffan,Tokyo,LNG,6357.2,634.48,115.84,125.15,Rough Sea,9.4,2023,10,3,4
2026-07-01,Suezmax,149213,Ras Tanura,Qingdao,Crude Oil,6106.5,699.85,79.52,43.39,Calm,3.8,2026,7,2,3
2024-03-16,Container Post-Panamax,123401,Shanghai,Los Angeles,Containerized Freight,5832.5,690.46,94.25,96.64,Rough Sea,0.6,2024,3,5,1
2024-06-15,Panamax,79794,Richards Bay,Rotterdam,Thermal Coal,6896.4,713.43,112.41,50.02,Calm,0.5,2024,6,5,2
2024-08-24,Container Post-Panamax,106836,Shanghai,Los Angeles,Containerized Freight,5838.5,644.83,82.92,88.21,Moderate,0.5,2024,8,5,3
2025-07-10,VLCC,286744,Ras Tanura,Qingdao,Crude Oil,6317.1,578.04,85.9,29.18,Calm,4.0,2025,7,3,3
2023-12-22,Capesize,197148,Port Hedland,Qingdao,Iron Ore,3717.9,656.27,107.94,21.59,Calm,0.6,2023,12,4,4
2025-02-14,Suezmax,131908,Corpus Christi,Antwerp,Refined Petroleum,4966.4,574.57,117.16,39.11,Calm,2.8,2025,2,4,1
2023-11-19,Supramax,63840,Santos,Rotterdam,Bauxite,5510.6,698.2,95.93,60.1,Rough Sea,4.2,2023,11,6,4
2025-05-06,Suezmax,130879,Corpus Christi,Antwerp,Crude Oil,4845.5,586.55,116.01,44.62,Moderate,5.0,2025,5,1,2
2025-01-22,Supramax,57780,Singapore,Dubai,Containerized Freight,3481.8,570.93,92.5,44.72,Rough Sea,1.9,2025,1,2,1
2024-08-03,Capesize,161953,Richards Bay,Rotterdam,Thermal Coal,7053.3,686.3,96.7,37.98,Rough Sea,6.3,2024,8,5,3
2024-06-23,Capesize,199364,Port Hedland,Qingdao,Iron Ore,3700.5,709.37,102.33,37.93,Moderate,12.2,2024,6,6,2
2026-03-06,Suezmax,139901,Houston,Rotterdam,Chemicals,4876.8,675.1,96.88,37.78,Moderate,4.0,2026,3,4,1
2024-03-05,Panamax,72728,Santos,Rotterdam,Bauxite,5405.7,734.54,89.32,43.0,Calm,0.5,2024,3,1,1
2025-08-27,LNG Carrier,79267,Ras Laffan,Tokyo,LNG,6575.7,589.84,108.96,106.82,Calm,3.9,2025,8,2,3
2024-12-17,Container Post-Panamax,111905,Ningbo,Hamburg,Containerized Freight,10450.6,558.59,90.6,117.18,Moderate,0.5,2024,12,1,4
2023-11-04,Suezmax,130357,Ras Tanura,Qingdao,Crude Oil,6186.6,671.4,113.83,54.53,Stormy,1.8,2023,11,5,4
2024-07-26,Capesize,169478,Tubarao,Qingdao,Iron Ore,11085.0,690.27,97.1,44.26,Calm,13.1,2024,7,4,3
2026-08-02,Aframax,97050,Corpus Christi,Antwerp,Crude Oil,4933.4,669.28,107.78,60.08,Moderate,6.0,2026,8,6,3
2024-03-21,Container Post-Panamax,120186,Shanghai,Los Angeles,Containerized Freight,5800.2,693.32,91.35,92.53,Calm,3.7,2024,3,3,1
2026-06-16,VLCC,307141,Ras Tanura,Qingdao,Crude Oil,6218.7,691.57,96.08,33.54,Moderate,1.5,2026,6,1,2
2025-12-28,Capesize,174147,Tubarao,Qingdao,Bauxite,11447.1,678.8,99.77,39.27,Rough Sea,0.8,2025,12,6,4
2024-04-06,Panamax,76001,Richards Bay,Rotterdam,Thermal Coal,7033.3,711.74,102.35,55.16,Moderate,1.7,2024,4,5,2
2024-07-03,Aframax,118048,Corpus Christi,Antwerp,Crude Oil,5060.4,659.65,94.34,55.59,Calm,6.6,2024,7,2,3
2026-09-19,VLCC,311081,Ras Tanura,Singapore,Crude Oil,3767.7,685.87,104.06,34.58,Stormy,1.5,2026,9,5,3
2025-06-10,Capesize,160025,Richards Bay,Rotterdam,Thermal Coal,7154.5,535.32,110.06,26.13,Calm,0.5,2025,6,1,2
2026-09-04,Capesize,174211,Tubarao,Qingdao,Bauxite,11341.0,681.9,102.86,51.47,Stormy,8.9,2026,9,4,3
2024-06-16,Panamax,77660,Richards Bay,Rotterdam,Thermal Coal,7176.4,704.68,96.0,52.5,Calm,4.4,2024,6,6,2
2025-02-21,Panamax,73480,Santos,Rotterdam,Grain,5563.2,556.24,92.12,41.59,Calm,2.6,2025,2,4,1
2024-08-29,Aframax,104456,Corpus Christi,Antwerp,Crude Oil,4890.3,645.32,109.7,51.63,Calm,1.6,2024,8,3,3
2024-03-28,Panamax,83094,Santos,Rotterdam,Grain,5321.2,704.79,102.58,50.77,Calm,5.3,2024,3,3,1
2025-06-23,Capesize,173241,Dampier,Yokohama,Iron Ore,4042.6,569.55,106.99,24.6,Moderate,6.9,2025,6,0,2
2026-05-06,LNG Carrier,71948,Dampier,Yokohama,LNG,3926.9,689.99,106.06,95.54,Calm,10.5,2026,5,2,2
2026-01-09,VLCC,285724,Ras Tanura,Singapore,Crude Oil,3708.6,701.8,89.55,23.92,Calm,1.4,2026,1,4,1
2024-05-14,VLCC,284989,Ras Tanura,Singapore,Crude Oil,3821.0,706.43,110.8,29.0,Moderate,0.8,2024,5,1,2
2024-05-03,Capesize,168882,Dampier,Yokohama,LNG,3954.7,738.03,89.91,27.15,Monsoon/Tropical Cyclone,2.9,2024,5,4,2
2024-12-03,Suezmax,139765,Ras Tanura,Qingdao,Crude Oil,6415.9,603.18,124.38,58.35,Rough Sea,2.5,2024,12,1,4
2023-11-22,Container Post-Panamax,87306,Ningbo,Hamburg,Containerized Freight,10665.8,639.56,111.62,129.07,Calm,1.3,2023,11,2,4
2025-03-04,Capesize,189447,Tubarao,Qingdao,Iron Ore,11417.4,581.44,106.32,34.06,Calm,0.5,2025,3,1,1
2025-02-20,Capesize,208029,Richards Bay,Rotterdam,Thermal Coal,7297.7,622.42,105.72,29.26,Moderate,1.4,2025,2,3,1
2025-01-31,Capesize,169441,Richards Bay,Rotterdam,Thermal Coal,6966.0,576.28,107.11,27.94,Calm,1.1,2025,1,4,1
2024-11-06,Capesize,162395,Santos,Qingdao,Iron Ore,12110.0,623.16,101.03,38.52,Moderate,0.5,2024,11,2,4
2026-05-15,Handysize,35486,Singapore,Dubai,Steel Coils,3468.0,682.96,91.58,60.31,Moderate,2.7,2026,5,4,2
2026-06-03,Panamax,80861,Richards Bay,Rotterdam,Thermal Coal,7179.8,693.81,112.5,52.12,Moderate,0.5,2026,6,2,2
2025-03-24,Capesize,165927,Newcastle,Mumbai,Thermal Coal,5885.4,553.23,94.98,33.36,Monsoon/Tropical Cyclone,2.7,2025,3,0,1
2025-09-12,Capesize,172382,Tubarao,Qingdao,Iron Ore,10958.8,656.16,93.46,36.96,Rough Sea,2.7,2025,9,4,3
2024-09-03,Suezmax,139572,Ras Tanura,Singapore,Crude Oil,3719.9,665.53,91.68,34.66,Calm,2.7,2024,9,1,3
2026-02-11,LNG Carrier,87041,Ras Laffan,Tokyo,LNG,6483.0,743.1,96.69,119.84,Rough Sea,5.5,2026,2,2,1
2023-12-24,Panamax,78219,Newcastle,Mumbai,Thermal Coal,6013.6,722.59,119.88,66.62,Calm,14.5,2023,12,6,4
2024-06-15,Capesize,178061,Richards Bay,Rotterdam,Thermal Coal,7245.8,714.32,100.47,31.26,Calm,3.1,2024,6,5,2
2026-05-14,Aframax,86780,Houston,Rotterdam,Chemicals,4707.3,707.27,106.17,49.45,Calm,0.9,2026,5,3,2
2025-01-10,Panamax,84571,Santos,Qingdao,Grain,12144.5,586.14,99.08,64.31,Moderate,0.5,2025,1,4,1
2025-05-25,Capesize,200677,Tubarao,Qingdao,Bauxite,11516.4,603.62,117.74,41.47,Moderate,4.9,2025,5,6,2
2023-11-14,Panamax,70717,Tubarao,Qingdao,Bauxite,10947.8,650.97,110.45,80.38,Monsoon/Tropical Cyclone,2.2,2023,11,1,4
2025-09-09,LNG Carrier,94082,Ras Laffan,Tokyo,LNG,6729.1,606.85,100.32,102.04,Calm,1.6,2025,9,1,3
2026-07-06,Panamax,80406,Santos,Rotterdam,Grain,5380.3,684.68,106.5,47.38,Calm,3.4,2026,7,0,3
2024-07-18,Supramax,52248,Singapore,Dubai,Chemicals,3501.4,692.94,91.92,58.63,Stormy,2.8,2024,7,3,3
2024-03-01,Suezmax,149759,Corpus Christi,Antwerp,Refined Petroleum,4803.8,733.56,106.44,40.34,Calm,2.2,2024,3,4,1
2026-08-13,Capesize,200544,Dampier,Yokohama,LNG,3888.4,661.66,101.72,22.19,Moderate,0.8,2026,8,3,3
2025-05-12,Aframax,92605,Corpus Christi,Antwerp,Crude Oil,4872.7,559.03,111.29,45.84,Calm,1.5,2025,5,0,2
2026-06-25,Container Post-Panamax,117828,Ningbo,Hamburg,Containerized Freight,10775.7,720.92,91.4,124.58,Calm,0.5,2026,6,3,2
2026-04-01,Container Post-Panamax,103297,Shanghai,Los Angeles,Containerized Freight,5846.2,705.5,89.28,112.6,Stormy,9.3,2026,4,2,2
2026-09-10,Container Post-Panamax,130637,Shanghai,Los Angeles,Containerized Freight,5625.5,703.52,107.52,114.34,Stormy,4.1,2026,9,3,3
2024-04-23,Panamax,66835,Richards Bay,Rotterdam,Thermal Coal,7119.4,720.23,110.05,56.36,Calm,6.0,2024,4,1,2
2024-09-28,Suezmax,153958,Houston,Rotterdam,Crude Oil,4815.2,642.45,123.46,51.93,Stormy,4.3,2024,9,5,3
2023-11-28,Container Post-Panamax,120422,Shanghai,Los Angeles,Containerized Freight,5752.0,692.7,116.24,105.95,Moderate,7.0,2023,11,1,4
2025-12-25,Capesize,182201,Port Hedland,Qingdao,Iron Ore,3592.2,666.47,101.19,33.06,Calm,13.5,2025,12,3,4
2024-08-21,Panamax,81160,Santos,Qingdao,Iron Ore,11639.7,695.55,101.61,84.77,Rough Sea,13.6,2024,8,2,3
2026-02-20,Capesize,198038,Richards Bay,Rotterdam,Thermal Coal,7168.2,713.77,77.61,39.29,Monsoon/Tropical Cyclone,7.1,2026,2,4,1
2024-12-30,LNG Carrier,93902,Ras Laffan,Tokyo,LNG,6686.2,576.1,106.15,104.11,Moderate,1.5,2024,12,0,4
2025-12-03,Container Post-Panamax,99227,Ningbo,Hamburg,Containerized Freight,10531.9,630.37,98.98,132.65,Rough Sea,0.5,2025,12,2,4
2024-08-25,Capesize,187280,Port Hedland,Qingdao,Iron Ore,3736.3,642.47,100.01,20.75,Moderate,0.6,2024,8,6,3
2023-11-13,VLCC,291560,Ras Tanura,Qingdao,Crude Oil,6076.0,626.98,106.1,40.89,Monsoon/Tropical Cyclone,5.4,2023,11,0,4
2024-01-10,Capesize,198581,Santos,Qingdao,Iron Ore,11660.6,708.23,78.9,34.94,Calm,0.7,2024,1,2,1
2026-01-01,Container Post-Panamax,106578,Ningbo,Hamburg,Containerized Freight,10561.9,694.08,86.06,125.21,Calm,1.2,2026,1,3,1
2026-08-02,Capesize,175258,Port Hedland,Qingdao,Iron Ore,3602.9,671.95,98.45,20.48,Calm,1.2,2026,8,6,3
2025-01-28,Capesize,172695,Santos,Qingdao,Iron Ore,12148.5,549.89,92.09,35.35,Calm,3.6,2025,1,1,1
2024-07-27,Capesize,194874,Tubarao,Qingdao,Bauxite,11459.6,652.63,106.6,40.31,Moderate,2.7,2024,7,5,3
2024-10-31,Supramax,62364,Houston,Rotterdam,Crude Oil,4826.2,605.14,109.12,57.6,Rough Sea,0.5,2024,10,3,4
2024-03-26,Capesize,198623,Port Hedland,Qingdao,Iron Ore,3624.0,703.54,105.86,23.6,Calm,0.9,2024,3,1,1
2025-01-13,Supramax,56762,Singapore,Dubai,Steel Coils,3348.1,583.54,89.06,46.65,Moderate,4.6,2025,1,0,1
2026-05-30,Suezmax,145900,Corpus Christi,Antwerp,Crude Oil,4930.9,665.96,96.86,34.58,Moderate,1.9,2026,5,5,2
2023-11-09,Container Post-Panamax,80308,Ningbo,Hamburg,Containerized Freight,10282.5,650.29,98.97,124.37,Calm,1.3,2023,11,3,4
2024-05-19,Container Post-Panamax,82647,Singapore,Dubai,Chemicals,3398.1,773.75,124.75,100.04,Stormy,4.3,2024,5,6,2
2024-01-05,Supramax,58593,Singapore,Dubai,Steel Coils,3377.1,689.96,86.72,45.11,Calm,0.5,2024,1,4,1
2026-06-06,Container Post-Panamax,116810,Shanghai,Los Angeles,Containerized Freight,5645.6,724.89,102.9,98.26,Moderate,1.6,2026,6,5,2
2026-07-24,Capesize,175485,Santos,Qingdao,Iron Ore,11853.5,674.91,107.6,35.46,Calm,0.5,2026,7,4,3
2024-02-03,Panamax,71109,Santos,Rotterdam,Bauxite,5325.7,710.57,94.97,50.2,Calm,6.8,2024,2,5,1
2024-06-10,Capesize,183194,Port Hedland,Qingdao,Iron Ore,3719.0,669.49,94.53,23.89,Moderate,0.5,2024,6,0,2
2026-06-25,Container Post-Panamax,102789,Shanghai,Los Angeles,Containerized Freight,5712.9,664.67,98.73,105.78,Rough Sea,7.3,2026,6,3,2
2026-08-09,Suezmax,163995,Ras Tanura,Singapore,Crude Oil,3809.7,696.6,89.76,35.41,Calm,1.3,2026,8,6,3
2024-08-03,Capesize,162856,Port Hedland,Qingdao,Iron Ore,3674.2,667.89,113.74,27.66,Calm,6.5,2024,8,5,3
2025-10-25,Capesize,160163,Dampier,Yokohama,Iron Ore,3854.5,684.28,103.65,27.97,Calm,7.1,2025,10,5,4
2026-01-13,Suezmax,148130,Ras Tanura,Singapore,Crude Oil,3747.9,727.27,89.71,44.16,Stormy,4.0,2026,1,1,1
2024-02-12,Capesize,170276,Santos,Qingdao,Grain,11544.9,713.46,108.06,41.62,Calm,2.9,2024,2,0,1
2024-10-06,Suezmax,151177,Houston,Rotterdam,Chemicals,4780.8,634.49,126.55,45.15,Moderate,3.7,2024,10,6,4
2025-03-09,Container Post-Panamax,95238,Shanghai,Los Angeles,Containerized Freight,5635.2,540.96,95.89,99.84,Rough Sea,12.0,2025,3,6,1
2024-03-15,VLCC,319075,Ras Tanura,Singapore,Crude Oil,3644.0,751.02,123.75,45.62,Stormy,8.0,2024,3,4,1
2024-12-10,LNG Carrier,91382,Ras Laffan,Tokyo,LNG,6415.3,619.85,102.85,102.54,Moderate,2.4,2024,12,1,4
2025-08-07,Suezmax,145285,Ras Tanura,Qingdao,Crude Oil,6315.3,626.58,91.15,41.61,Calm,2.6,2025,8,3,3
2026-07-05,Suezmax,140146,Corpus Christi,Antwerp,Crude Oil,5025.6,687.74,88.11,42.02,Rough Sea,5.2,2026,7,6,3
2025-11-27,LNG Carrier,89672,Ras Laffan,Tokyo,LNG,6533.8,655.7,103.84,113.65,Moderate,4.8,2025,11,3,4
2025-09-08,Container Post-Panamax,118155,Shanghai,Los Angeles,Containerized Freight,5740.0,686.31,86.9,107.24,Monsoon/Tropical Cyclone,1.7,2025,9,0,3
2026-08-15,Handysize,28670,Singapore,Dubai,Chemicals,3492.3,658.92,97.8,64.98,Rough Sea,0.5,2026,8,5,3
2025-08-20,Capesize,186685,Port Hedland,Qingdao,Iron Ore,3596.4,591.98,120.18,31.23,Stormy,3.6,2025,8,2,3
2026-08-21,Suezmax,133359,Ras Tanura,Singapore,Crude Oil,3702.8,650.03,104.41,40.0,Calm,4.9,2026,8,4,3
2025-05-17,LNG Carrier,78387,Ras Laffan,Tokyo,LNG,6644.1,539.82,108.82,99.69,Calm,0.6,2025,5,5,2
2024-12-31,Aframax,80842,Corpus Christi,Antwerp,Crude Oil,4821.9,597.81,92.84,49.16,Calm,3.5,2024,12,1,4
2026-08-07,Container Post-Panamax,87447,Ningbo,Hamburg,Containerized Freight,10359.1,673.96,90.06,127.32,Rough Sea,0.9,2026,8,4,3
2024-09-05,Capesize,181360,Tubarao,Qingdao,Bauxite,11485.2,689.5,97.04,54.95,Moderate,18.0,2024,9,3,3
2026-06-15,Capesize,208461,Richards Bay,Rotterdam,Thermal Coal,7215.1,717.27,96.92,31.23,Calm,5.4,2026,6,0,2
2024-02-19,Capesize,179606,Dampier,Yokohama,Iron Ore,3981.2,728.97,92.5,29.4,Monsoon/Tropical Cyclone,1.9,2024,2,0,1
2024-03-22,Supramax,55678,Houston,Rotterdam,Crude Oil,4738.5,673.33,100.26,55.61,Calm,2.1,2024,3,4,1
2024-06-18,Panamax,69974,Tubarao,Qingdao,Bauxite,11105.1,697.12,93.45,70.34,Calm,5.7,2024,6,1,2
2024-03-15,Panamax,71591,Tubarao,Qingdao,Iron Ore,11418.4,752.27,95.63,69.03,Calm,2.9,2024,3,4,1
2025-05-11,Supramax,63222,Santos,Rotterdam,Grain,5312.4,559.29,104.53,58.15,Moderate,1.0,2025,5,6,2
2025-08-11,Supramax,52160,Houston,Rotterdam,Chemicals,4956.6,592.61,93.96,51.81,Calm,5.6,2025,8,0,3
2026-04-24,Capesize,205691,Port Hedland,Qingdao,Iron Ore,3742.8,701.53,114.68,40.26,Moderate,15.2,2026,4,4,2
2025-09-15,Panamax,79989,Santos,Rotterdam,Bauxite,5411.8,637.22,102.75,42.7,Moderate,2.6,2025,9,0,3
2024-01-08,VLCC,288820,Ras Tanura,Qingdao,Crude Oil,6181.5,711.51,82.07,28.68,Rough Sea,2.9,2024,1,0,1
2026-09-22,Container Post-Panamax,112500,Shanghai,Los Angeles,Containerized Freight,5695.0,640.55,123.76,93.9,Calm,5.2,2026,9,1,3
2026-03-26,Supramax,50100,Houston,Rotterdam,Refined Petroleum,4949.7,719.04,99.52,57.5,Moderate,2.6,2026,3,3,1
2025-09-10,Capesize,198429,Tubarao,Qingdao,Iron Ore,11506.7,637.41,108.42,48.83,Stormy,3.9,2025,9,2,3
2026-04-20,LNG Carrier,82296,Ras Laffan,Tokyo,LNG,6525.7,728.51,106.94,113.5,Calm,2.5,2026,4,0,2
2024-11-05,Capesize,200251,Port Hedland,Qingdao,Iron Ore,3547.4,596.78,93.03,20.01,Calm,2.8,2024,11,1,4
2026-07-11,Capesize,165635,Newcastle,Mumbai,Thermal Coal,5813.8,693.68,87.15,22.51,Calm,3.0,2026,7,5,3
2024-09-15,Container Post-Panamax,87302,Shanghai,Los Angeles,Containerized Freight,5785.5,648.64,105.6,94.45,Calm,2.5,2024,9,6,3
2026-05-05,Suezmax,163813,Ras Tanura,Qingdao,Crude Oil,6325.7,748.65,90.93,52.89,Stormy,4.0,2026,5,1,2
2024-04-14,Capesize,177588,Newcastle,Mumbai,Thermal Coal,5877.3,696.83,95.92,30.28,Stormy,2.6,2024,4,6,2
2023-11-10,Capesize,180525,Dampier,Yokohama,LNG,3938.3,661.21,107.08,23.43,Rough Sea,0.5,2023,11,4,4
2026-08-12,VLCC,317717,Ras Tanura,Qingdao,Crude Oil,6103.5,688.51,101.0,31.52,Calm,1.6,2026,8,2,3
2025-07-22,Capesize,185973,Port Hedland,Qingdao,Iron Ore,3645.2,547.06,124.04,30.17,Calm,5.7,2025,7,1,3
2026-09-17,Suezmax,148535,Houston,Rotterdam,Crude Oil,4842.3,640.76,96.01,37.18,Calm,0.7,2026,9,3,3
2026-03-10,Capesize,203176,Santos,Qingdao,Iron Ore,12065.4,713.65,115.52,46.05,Calm,9.9,2026,3,1,1
2026-04-18,Panamax,78464,Santos,Rotterdam,Grain,5584.3,727.87,100.24,47.58,Calm,1.4,2026,4,5,2
2023-12-09,Capesize,168809,Santos,Qingdao,Iron Ore,12055.7,654.14,82.27,34.1,Moderate,1.0,2023,12,5,4
2024-10-17,Container Post-Panamax,115224,Ningbo,Hamburg,Containerized Freight,10186.2,634.84,106.39,126.12,Moderate,3.2,2024,10,3,4
2024-07-30,Capesize,200843,Port Hedland,Qingdao,Iron Ore,3689.4,684.18,91.17,16.41,Calm,0.5,2024,7,1,3
2024-11-08,Aframax,82531,Houston,Rotterdam,Refined Petroleum,4829.9,626.81,112.9,53.03,Moderate,0.5,2024,11,4,4
2023-10-06,Panamax,73787,Richards Bay,Rotterdam,Thermal Coal,7241.5,623.19,103.33,52.13,Calm,4.9,2023,10,4,4
2023-10-05,Suezmax,133954,Ras Tanura,Qingdao,Crude Oil,6097.0,597.55,108.95,48.23,Rough Sea,1.5,2023,10,3,4
2026-04-26,Panamax,66204,Santos,Rotterdam,Grain,5464.1,728.6,105.49,55.42,Rough Sea,0.9,2026,4,6,2
2026-03-11,Panamax,69737,Santos,Rotterdam,Bauxite,5383.3,727.08,102.8,50.26,Rough Sea,0.5,2026,3,2,1
2024-06-02,Capesize,186918,Newcastle,Mumbai,Thermal Coal,5846.5,697.93,88.61,28.62,Moderate,4.0,2024,6,6,2
2026-04-07,Handysize,28561,Singapore,Dubai,Containerized Freight,3398.1,717.36,98.53,72.55,Moderate,7.0,2026,4,1,2
2025-06-15,Container Post-Panamax,125801,Singapore,Dubai,Steel Coils,3407.2,585.97,89.99,77.15,Moderate,8.0,2025,6,6,2
2024-01-14,LNG Carrier,77356,Ras Laffan,Tokyo,LNG,6365.8,737.8,92.31,107.03,Moderate,4.0,2024,1,6,1
2025-09-17,Container Post-Panamax,82192,Ningbo,Hamburg,Containerized Freight,10204.3,664.39,126.28,134.74,Calm,5.4,2025,9,2,3
2024-10-13,Panamax,81533,Santos,Qingdao,Iron Ore,11851.1,653.51,117.03,75.44,Calm,7.6,2024,10,6,4
2026-07-26,LNG Carrier,74305,Dampier,Yokohama,Iron Ore,3932.5,697.06,98.67,84.21,Calm,0.5,2026,7,6,3
2024-10-31,Panamax,78092,Newcastle,Mumbai,Thermal Coal,5838.3,614.97,111.98,45.81,Calm,2.8,2024,10,3,4
2025-02-09,Suezmax,158147,Corpus Christi,Antwerp,Refined Petroleum,4776.1,555.7,97.16,39.68,Moderate,7.5,2025,2,6,1
2026-04-05,Container Post-Panamax,95682,Shanghai,Los Angeles,Containerized Freight,5606.9,720.63,99.02,93.25,Moderate,0.5,2026,4,6,2
2025-05-20,LNG Carrier,74617,Ras Laffan,Tokyo,LNG,6429.3,518.73,83.02,93.1,Calm,1.9,2025,5,1,2
2024-11-25,Aframax,81405,Corpus Christi,Antwerp,Crude Oil,4991.3,664.94,113.31,59.94,Calm,0.8,2024,11,0,4
2026-08-02,Suezmax,150735,Corpus Christi,Antwerp,Refined Petroleum,4908.8,686.52,93.7,40.32,Moderate,1.3,2026,8,6,3
2025-11-23,Suezmax,156667,Corpus Christi,Antwerp,Refined Petroleum,4957.4,661.62,97.07,42.25,Moderate,5.7,2025,11,6,4
2024-04-08,Capesize,161620,Newcastle,Mumbai,Thermal Coal,5801.3,677.29,90.07,21.51,Calm,0.5,2024,4,0,2
2025-04-13,LNG Carrier,93865,Ras Laffan,Tokyo,LNG,6607.8,566.04,102.75,106.22,Calm,9.0,2025,4,6,2
2023-10-26,Panamax,68701,Newcastle,Mumbai,Thermal Coal,6018.1,651.5,113.49,61.66,Stormy,4.4,2023,10,3,4
2026-05-03,Capesize,194172,Tubarao,Qingdao,Iron Ore,11220.7,700.36,75.98,31.54,Calm,0.5,2026,5,6,2
2025-08-18,Panamax,80807,Santos,Rotterdam,Bauxite,5522.1,625.29,101.37,50.69,Calm,9.4,2025,8,0,3
2024-04-01,VLCC,314703,Ras Tanura,Qingdao,Crude Oil,6071.6,732.0,106.88,33.5,Calm,3.4,2024,4,0,2
2025-07-25,Capesize,188662,Santos,Qingdao,Iron Ore,11460.0,605.7,98.57,33.98,Calm,0.7,2025,7,4,3
2024-10-06,Capesize,169204,Port Hedland,Qingdao,Iron Ore,3759.2,639.77,97.0,21.64,Moderate,0.5,2024,10,6,4
2025-10-08,Suezmax,156231,Corpus Christi,Antwerp,Crude Oil,4832.5,631.46,99.79,40.4,Rough Sea,4.1,2025,10,2,4
2025-03-19,Suezmax,156617,Houston,Rotterdam,Crude Oil,4761.5,580.16,107.61,36.72,Calm,5.3,2025,3,2,1
2024-06-04,Panamax,71609,Newcastle,Mumbai,Thermal Coal,5869.1,726.79,98.37,55.61,Moderate,5.7,2024,6,1,2
2025-10-23,Supramax,55910,Santos,Rotterdam,Bauxite,5452.9,681.29,122.0,65.45,Moderate,5.1,2025,10,3,4
2025-04-03,Capesize,191912,Port Hedland,Qingdao,Iron Ore,3670.8,561.94,92.72,17.82,Moderate,1.4,2025,4,3,2
2025-10-21,Suezmax,137900,Houston,Rotterdam,Refined Petroleum,4748.2,669.26,106.63,54.17,Monsoon/Tropical Cyclone,7.0,2025,10,1,4
2025-03-21,Capesize,166580,Port Hedland,Qingdao,Iron Ore,3595.5,524.69,94.5,17.39,Calm,0.5,2025,3,4,1
2024-02-17,Suezmax,146642,Corpus Christi,Antwerp,Crude Oil,4865.9,694.64,95.37,44.23,Stormy,2.8,2024,2,5,1
2023-11-20,Supramax,52564,Houston,Rotterdam,Chemicals,4717.5,685.27,93.1,52.99,Moderate,2.0,2023,11,0,4
2026-05-15,Container Post-Panamax,127630,Shanghai,Los Angeles,Containerized Freight,5792.5,710.4,91.14,90.3,Calm,1.2,2026,5,4,2
2024-04-13,Capesize,177622,Port Hedland,Qingdao,Iron Ore,3650.9,697.2,108.19,24.33,Calm,0.5,2024,4,5,2
2024-02-11,VLCC,300691,Ras Tanura,Singapore,Crude Oil,3708.4,653.56,78.25,25.71,Moderate,6.8,2024,2,6,1
2024-06-17,Container Post-Panamax,131399,Singapore,Dubai,Containerized Freight,3356.3,695.06,85.22,71.51,Moderate,0.5,2024,6,0,2
2023-11-01,Aframax,92272,Corpus Christi,Antwerp,Crude Oil,4886.7,675.09,112.48,56.58,Calm,5.6,2023,11,2,4
2023-10-21,Container Post-Panamax,131793,Shanghai,Los Angeles,Containerized Freight,5806.9,636.11,103.74,112.58,Monsoon/Tropical Cyclone,3.1,2023,10,5,4
2024-12-21,Panamax,74605,Tubarao,Qingdao,Bauxite,10965.3,564.59,100.03,68.85,Rough Sea,5.8,2024,12,5,4
2025-10-09,Suezmax,161699,Ras Tanura,Qingdao,Crude Oil,6433.9,653.11,107.95,52.76,Moderate,7.9,2025,10,3,4
2024-09-28,Panamax,71772,Santos,Rotterdam,Grain,5450.9,641.99,93.95,49.18,Rough Sea,2.2,2024,9,5,3
2026-03-13,Suezmax,139592,Ras Tanura,Singapore,Crude Oil,3681.8,717.98,97.59,38.78,Calm,2.8,2026,3,4,1
2025-03-23,Handysize,29087,Singapore,Dubai,Steel Coils,3364.4,599.15,102.97,57.79,Moderate,2.3,2025,3,6,1
2026-03-09,LNG Carrier,82362,Ras Laffan,Tokyo,LNG,6728.8,701.04,102.39,119.49,Calm,9.9,2026,3,0,1
2024-03-28,LNG Carrier,84366,Ras Laffan,Tokyo,LNG,6646.8,705.38,101.62,112.36,Moderate,0.5,2024,3,3,1
2024-04-22,Capesize,198300,Tubarao,Qingdao,Iron Ore,11392.5,745.46,100.82,36.97,Calm,2.1,2024,4,0,2
2024-01-09,LNG Carrier,71544,Ras Laffan,Tokyo,LNG,6631.9,675.33,94.94,121.77,Moderate,11.9,2024,1,1,1
2026-07-19,Capesize,198123,Richards Bay,Rotterdam,Thermal Coal,6989.8,672.41,102.1,33.78,Stormy,3.7,2026,7,6,3
2025-02-14,Suezmax,132576,Houston,Rotterdam,Chemicals,4850.7,537.08,111.53,40.84,Moderate,2.9,2025,2,4,1
2024-01-15,Aframax,102235,Houston,Rotterdam,Crude Oil,4828.5,699.67,81.89,48.18,Moderate,3.6,2024,1,0,1
2025-07-19,Capesize,166098,Richards Bay,Rotterdam,Thermal Coal,7151.9,597.46,90.58,25.57,Calm,0.7,2025,7,5,3
2026-09-26,Capesize,161798,Dampier,Yokohama,LNG,3925.4,668.62,115.7,35.35,Moderate,10.7,2026,9,5,3
2026-07-14,Container Post-Panamax,118803,Shanghai,Los Angeles,Containerized Freight,5766.8,689.18,84.48,96.09,Rough Sea,2.9,2026,7,1,3
2024-03-26,Container Post-Panamax,130929,Shanghai,Los Angeles,Containerized Freight,5847.2,732.03,101.17,111.94,Stormy,4.7,2024,3,1,1
2024-05-23,Capesize,203908,Tubarao,Qingdao,Iron Ore,10980.4,721.54,110.75,36.85,Moderate,4.0,2024,5,3,2
2026-09-18,LNG Carrier,87228,Ras Laffan,Tokyo,LNG,6733.9,632.34,116.36,112.29,Calm,4.2,2026,9,4,3
2024-12-23,Panamax,74874,Santos,Qingdao,Iron Ore,11939.8,613.25,81.22,62.04,Calm,1.8,2024,12,0,4
2025-09-07,VLCC,301250,Ras Tanura,Singapore,Crude Oil,3654.7,670.25,97.39,30.38,Moderate,6.9,2025,9,6,3
2026-01-15,Suezmax,164759,Corpus Christi,Antwerp,Crude Oil,4982.8,703.63,76.87,34.98,Calm,0.7,2026,1,3,1
2026-07-09,Container Post-Panamax,92188,Ningbo,Hamburg,Containerized Freight,10726.8,667.2,110.73,156.12,Stormy,5.0,2026,7,3,3
2025-09-26,Aframax,84114,Corpus Christi,Antwerp,Crude Oil,4863.8,600.38,97.3,51.75,Calm,3.5,2025,9,4,3
2026-03-20,Container Post-Panamax,88444,Shanghai,Los Angeles,Containerized Freight,5669.8,731.71,105.59,115.7,Stormy,2.2,2026,3,4,1
2024-12-06,Capesize,201268,Richards Bay,Rotterdam,Thermal Coal,7228.7,614.46,123.26,37.87,Moderate,9.8,2024,12,4,4
2024-07-26,Supramax,55067,Houston,Rotterdam,Chemicals,4775.3,686.6,101.63,59.72,Moderate,5.0,2024,7,4,3
2025-02-13,Capesize,202484,Richards Bay,Rotterdam,Thermal Coal,7190.4,531.49,85.23,24.65,Moderate,6.2,2025,2,3,1
2025-12-02,Container Post-Panamax,100349,Shanghai,Los Angeles,Containerized Freight,5858.5,657.46,100.17,92.89,Moderate,0.5,2025,12,1,4
2026-03-21,Supramax,62197,Santos,Rotterdam,Grain,5301.5,751.29,108.82,65.93,Moderate,2.0,2026,3,5,1
2026-04-30,Container Post-Panamax,113014,Shanghai,Los Angeles,Containerized Freight,5679.6,716.42,101.65,92.64,Moderate,2.1,2026,4,3,2
2026-08-15,Aframax,86963,Corpus Christi,Antwerp,Refined Petroleum,5008.6,652.82,96.22,55.19,Calm,5.3,2026,8,5,3
2025-08-04,LNG Carrier,90955,Ras Laffan,Tokyo,LNG,6593.7,647.73,102.83,109.34,Moderate,0.5,2025,8,0,3
2024-06-01,Panamax,68655,Richards Bay,Rotterdam,Thermal Coal,6998.5,664.32,93.02,50.68,Moderate,0.8,2024,6,5,2
2025-10-11,Capesize,184247,Dampier,Yokohama,Iron Ore,3865.7,639.63,111.73,24.46,Calm,2.7,2025,10,5,4
2024-11-23,Capesize,189811,Santos,Qingdao,Grain,11685.2,605.8,104.72,35.18,Calm,1.6,2024,11,5,4
2024-12-31,Capesize,177628,Port Hedland,Qingdao,Iron Ore,3709.7,613.9,123.18,33.97,Rough Sea,3.6,2024,12,1,4
2025-07-23,Supramax,61832,Santos,Rotterdam,Bauxite,5527.2,605.81,97.36,53.07,Calm,1.0,2025,7,2,3
2024-09-17,Capesize,161536,Port Hedland,Qingdao,Iron Ore,3719.2,624.75,101.59,21.33,Moderate,0.5,2024,9,1,3
2023-12-06,Supramax,50855,Santos,Rotterdam,Grain,5379.3,658.66,109.02,64.68,Moderate,3.4,2023,12,2,4
2025-03-01,Capesize,172236,Dampier,Yokohama,Iron Ore,3964.8,566.97,88.95,25.63,Moderate,14.3,2025,3,5,1
2025-11-10,Suezmax,162874,Ras Tanura,Singapore,Crude Oil,3637.6,661.87,105.95,33.33,Calm,0.7,2025,11,0,4
2024-03-13,Supramax,60649,Singapore,Dubai,Containerized Freight,3378.0,734.65,111.44,55.24,Calm,7.1,2024,3,2,1
2023-11-30,Panamax,79265,Richards Bay,Rotterdam,Thermal Coal,7191.2,648.92,99.15,62.44,Stormy,5.4,2023,11,3,4
2024-05-02,Supramax,57018,Houston,Rotterdam,Chemicals,4725.9,710.9,103.91,55.14,Calm,2.2,2024,5,3,2
2023-12-29,LNG Carrier,80991,Ras Laffan,Tokyo,LNG,6566.5,681.7,91.53,109.02,Calm,2.4,2023,12,4,4
2025-05-26,Capesize,180003,Port Hedland,Qingdao,Iron Ore,3542.2,599.83,94.12,17.96,Calm,0.8,2025,5,0,2
2024-12-30,Supramax,58574,Santos,Rotterdam,Bauxite,5560.7,601.03,123.65,57.62,Calm,2.2,2024,12,0,4
2026-03-09,Panamax,65028,Tubarao,Qingdao,Bauxite,10986.6,675.46,106.23,70.7,Moderate,2.2,2026,3,0,1
2024-12-08,Suezmax,130218,Corpus Christi,Antwerp,Crude Oil,4780.3,586.73,84.47,34.67,Calm,6.0,2024,12,6,4
2024-05-27,Panamax,70355,Santos,Rotterdam,Grain,5363.3,714.55,77.42,46.12,Calm,3.3,2024,5,0,2
2025-08-13,Container Post-Panamax,90119,Ningbo,Hamburg,Containerized Freight,10262.3,603.62,112.74,125.5,Moderate,0.9,2025,8,2,3
2026-02-07,Suezmax,161658,Corpus Christi,Antwerp,Refined Petroleum,5017.3,646.88,97.16,31.61,Calm,0.5,2026,2,5,1
2023-11-29,Container Post-Panamax,104601,Ningbo,Hamburg,Containerized Freight,10537.2,679.74,90.81,123.37,Calm,3.8,2023,11,2,4
2025-08-24,Suezmax,143054,Ras Tanura,Qingdao,Crude Oil,6378.4,622.83,102.52,55.4,Moderate,14.0,2025,8,6,3
2026-09-03,Aframax,88091,Corpus Christi,Antwerp,Refined Petroleum,4852.5,633.64,107.57,52.69,Moderate,1.5,2026,9,3,3
2024-03-25,Capesize,184607,Santos,Qingdao,Grain,11962.6,731.7,93.45,49.16,Monsoon/Tropical Cyclone,5.9,2024,3,0,1
2025-08-12,Capesize,180122,Port Hedland,Qingdao,Iron Ore,3633.2,594.49,86.94,16.97,Moderate,2.7,2025,8,1,3
2024-02-17,Capesize,174904,Newcastle,Mumbai,Thermal Coal,6008.2,675.0,83.93,23.51,Rough Sea,0.5,2024,2,5,1
2026-06-24,Supramax,52943,Santos,Rotterdam,Bauxite,5412.2,672.8,111.94,66.75,Moderate,6.8,2026,6,2,2
2023-12-19,VLCC,303452,Ras Tanura,Singapore,Crude Oil,3725.0,689.71,92.47,26.14,Calm,3.1,2023,12,1,4
2024-10-18,Supramax,50090,Santos,Rotterdam,Grain,5318.6,626.84,121.51,62.92,Calm,4.9,2024,10,4,4
2026-05-20,Capesize,169745,Port Hedland,Qingdao,Iron Ore,3639.6,711.84,103.82,32.74,Moderate,8.0,2026,5,2,2
2024-03-16,VLCC,314316,Ras Tanura,Singapore,Crude Oil,3795.0,742.89,102.47,29.58,Calm,0.7,2024,3,5,1
2024-02-15,Supramax,55987,Santos,Rotterdam,Grain,5490.6,752.03,84.06,62.05,Rough Sea,4.2,2024,2,3,1
2025-11-11,Capesize,182954,Port Hedland,Qingdao,Iron Ore,3560.6,666.9,95.17,19.88,Rough Sea,1.0,2025,11,1,4
2024-05-02,Supramax,54590,Santos,Rotterdam,Grain,5345.8,717.66,109.82,67.69,Rough Sea,3.7,2024,5,3,2
2024-11-08,Suezmax,146884,Ras Tanura,Singapore,Crude Oil,3694.7,625.5,117.71,38.6,Moderate,2.9,2024,11,4,4
2025-10-13,Supramax,63954,Singapore,Dubai,Containerized Freight,3449.3,688.28,111.88,61.75,Rough Sea,7.4,2025,10,0,4
2023-11-29,Container Post-Panamax,122113,Shanghai,Los Angeles,Containerized Freight,5868.7,660.46,105.82,116.38,Monsoon/Tropical Cyclone,3.8,2023,11,2,4
2026-03-12,VLCC,305089,Ras Tanura,Qingdao,Crude Oil,6407.9,733.54,110.32,36.44,Calm,1.4,2026,3,3,1
2023-11-30,VLCC,304960,Ras Tanura,Qingdao,Crude Oil,6316.7,694.89,105.56,34.66,Moderate,0.5,2023,11,3,4
2026-07-31,Supramax,58874,Santos,Rotterdam,Grain,5435.6,707.13,112.78,64.18,Calm,5.2,2026,7,4,3
2025-11-29,VLCC,311128,Ras Tanura,Qingdao,Crude Oil,6396.0,641.76,109.93,29.93,Calm,0.7,2025,11,5,4
2025-03-23,Container Post-Panamax,101601,Ningbo,Hamburg,Containerized Freight,10750.3,564.95,99.24,116.58,Calm,0.6,2025,3,6,1
2025-12-17,VLCC,299978,Ras Tanura,Qingdao,Crude Oil,6317.5,692.28,102.96,36.28,Rough Sea,3.7,2025,12,2,4
2024-04-21,Container Post-Panamax,121832,Singapore,Dubai,Steel Coils,3415.7,683.17,102.55,79.86,Rough Sea,0.5,2024,4,6,2
2025-10-28,Container Post-Panamax,106761,Shanghai,Los Angeles,Containerized Freight,5632.2,674.18,109.64,89.99,Calm,0.8,2025,10,1,4
2025-04-02,Container Post-Panamax,94349,Ningbo,Hamburg,Containerized Freight,10275.7,536.92,113.07,140.07,Stormy,2.0,2025,4,2,2
2024-01-03,VLCC,307305,Ras Tanura,Qingdao,Crude Oil,6248.1,692.53,98.21,27.06,Moderate,0.5,2024,1,2,1
2026-05-20,Container Post-Panamax,109638,Singapore,Dubai,Steel Coils,3415.4,762.26,117.81,87.98,Moderate,6.5,2026,5,2,2
2025-11-21,Container Post-Panamax,126957,Singapore,Dubai,Containerized Freight,3441.2,679.58,117.41,104.66,Stormy,16.7,2025,11,4,4
2024-08-17,Aframax,91598,Corpus Christi,Antwerp,Refined Petroleum,4973.1,699.29,100.04,56.86,Moderate,1.7,2024,8,5,3
2026-07-16,VLCC,297569,Ras Tanura,Qingdao,Crude Oil,6138.1,722.8,94.79,30.6,Calm,5.5,2026,7,3,3
2026-05-15,Capesize,195604,Port Hedland,Qingdao,Iron Ore,3706.7,702.66,108.6,23.9,Calm,0.9,2026,5,4,2
2023-11-07,Suezmax,155906,Houston,Rotterdam,Chemicals,4729.5,637.48,110.6,50.6,Stormy,5.0,2023,11,1,4
2023-12-28,LNG Carrier,79679,Dampier,Yokohama,Iron Ore,3950.7,680.3,93.45,85.3,Moderate,0.5,2023,12,3,4
2024-11-06,VLCC,305122,Ras Tanura,Singapore,Crude Oil,3649.6,603.81,113.24,25.98,Calm,0.5,2024,11,2,4
2024-01-02,Panamax,67484,Santos,Qingdao,Grain,12083.7,720.77,105.67,75.83,Moderate,1.1,2024,1,1,1
2024-07-05,LNG Carrier,91041,Ras Laffan,Tokyo,LNG,6569.9,713.66,77.79,111.24,Moderate,2.8,2024,7,4,3
2026-07-17,Capesize,193348,Santos,Qingdao,Iron Ore,11985.7,712.45,91.92,42.92,Moderate,3.8,2026,7,4,3
2024-07-16,Supramax,60183,Houston,Rotterdam,Crude Oil,4724.7,707.4,92.26,55.27,Calm,3.0,2024,7,1,3
2025-05-12,Panamax,69608,Newcastle,Mumbai,Thermal Coal,5768.3,571.38,91.87,40.52,Calm,2.1,2025,5,0,2
2025-05-04,Capesize,167220,Richards Bay,Rotterdam,Thermal Coal,7308.7,558.78,103.5,35.26,Moderate,6.4,2025,5,6,2
2024-06-02,Panamax,83470,Santos,Qingdao,Grain,12122.1,713.87,93.15,72.21,Moderate,4.3,2024,6,6,2
2025-09-27,Capesize,187940,Richards Bay,Rotterdam,Thermal Coal,7189.4,634.14,95.35,24.49,Moderate,1.5,2025,9,5,3
2026-04-13,Supramax,53212,Santos,Rotterdam,Grain,5457.3,713.7,106.38,64.08,Calm,1.4,2026,4,0,2
2023-11-15,VLCC,304422,Ras Tanura,Qingdao,Crude Oil,6297.3,635.75,107.95,25.8,Calm,0.5,2023,11,2,4
2026-04-20,Capesize,207698,Santos,Qingdao,Iron Ore,11982.4,718.98,93.86,40.84,Rough Sea,1.2,2026,4,0,2
2024-02-26,Panamax,70271,Richards Bay,Rotterdam,Thermal Coal,7085.1,745.94,89.77,54.8,Calm,3.9,2024,2,0,1
2024-05-06,Panamax,67064,Santos,Qingdao,Grain,11937.7,709.16,104.47,65.21,Calm,0.5,2024,5,0,2
2023-12-11,Supramax,51871,Santos,Rotterdam,Grain,5568.3,679.91,116.14,72.92,Calm,12.1,2023,12,0,4
2024-12-14,Panamax,81826,Newcastle,Mumbai,Thermal Coal,5874.4,575.22,103.12,43.74,Calm,3.2,2024,12,5,4
2025-01-09,Panamax,70269,Santos,Qingdao,Iron Ore,11667.5,614.04,100.61,71.02,Calm,6.8,2025,1,3,1
2024-04-08,Capesize,208101,Newcastle,Mumbai,Thermal Coal,6019.1,699.29,100.17,31.72,Stormy,5.6,2024,4,0,2
2025-05-05,Supramax,57597,Santos,Rotterdam,Bauxite,5422.2,563.32,101.77,66.58,Moderate,11.1,2025,5,0,2
2024-05-04,Container Post-Panamax,111658,Shanghai,Los Angeles,Containerized Freight,5688.7,723.57,104.95,99.84,Moderate,1.3,2024,5,5,2
2024-05-09,Capesize,171822,Newcastle,Mumbai,Thermal Coal,5767.2,699.64,106.13,41.28,Rough Sea,6.2,2024,5,3,2
2024-10-19,Aframax,113897,Corpus Christi,Antwerp,Refined Petroleum,4864.6,620.29,104.48,51.97,Rough Sea,1.2,2024,10,5,4
2025-06-01,Suezmax,150045,Ras Tanura,Qingdao,Crude Oil,6302.4,597.6,83.9,39.19,Calm,4.2,2025,6,6,2
2026-09-06,Capesize,185035,Santos,Qingdao,Grain,11722.0,674.31,116.69,42.34,Moderate,5.7,2026,9,6,3
2023-11-14,Suezmax,148207,Ras Tanura,Singapore,Crude Oil,3705.3,646.24,104.59,33.09,Moderate,0.7,2023,11,1,4
2024-05-12,Panamax,82349,Newcastle,Mumbai,Thermal Coal,5772.6,677.3,95.32,47.5,Moderate,3.7,2024,5,6,2
2024-12-21,Panamax,74333,Richards Bay,Rotterdam,Thermal Coal,7244.4,582.87,88.89,52.19,Calm,6.9,2024,12,5,4
2025-11-29,Handysize,30718,Singapore,Dubai,Chemicals,3470.8,695.84,109.97,74.43,Rough Sea,2.2,2025,11,5,4
2026-01-05,LNG Carrier,85764,Dampier,Yokohama,LNG,4051.7,696.44,102.6,86.45,Calm,1.9,2026,1,0,1
2025-02-17,Container Post-Panamax,125561,Shanghai,Los Angeles,Containerized Freight,5821.5,565.09,74.24,82.98,Moderate,2.8,2025,2,0,1
2026-08-14,Supramax,51493,Santos,Rotterdam,Bauxite,5326.3,673.94,95.45,61.27,Rough Sea,3.4,2026,8,4,3
2025-05-12,Capesize,191439,Port Hedland,Qingdao,Iron Ore,3726.5,561.54,99.31,21.49,Calm,3.9,2025,5,0,2
2024-03-17,Suezmax,146840,Houston,Rotterdam,Refined Petroleum,4938.2,731.05,99.75,47.9,Moderate,7.6,2024,3,6,1
2024-10-15,LNG Carrier,85897,Ras Laffan,Tokyo,LNG,6663.8,696.95,113.83,149.78,Monsoon/Tropical Cyclone,6.4,2024,10,1,4
2025-08-24,LNG Carrier,72661,Ras Laffan,Tokyo,LNG,6679.7,618.21,104.99,116.08,Moderate,5.3,2025,8,6,3
2024-08-20,Suezmax,153356,Corpus Christi,Antwerp,Crude Oil,4866.5,688.7,115.85,41.18,Calm,2.0,2024,8,1,3
2026-06-11,Suezmax,150759,Houston,Rotterdam,Refined Petroleum,4897.3,702.02,112.09,40.69,Moderate,1.0,2026,6,3,2
2026-09-06,Suezmax,153902,Ras Tanura,Qingdao,Crude Oil,6415.2,650.32,119.52,49.69,Calm,2.6,2026,9,6,3
2025-09-14,Capesize,208324,Dampier,Yokohama,Iron Ore,3947.4,663.34,91.35,19.36,Moderate,0.8,2025,9,6,3
2024-12-31,Container Post-Panamax,118977,Ningbo,Hamburg,Containerized Freight,10376.5,586.0,100.32,118.25,Calm,2.7,2024,12,1,4
2025-07-13,Aframax,89914,Houston,Rotterdam,Chemicals,4820.0,580.66,104.34,55.34,Calm,6.5,2025,7,6,3
2025-01-28,Container Post-Panamax,115587,Shanghai,Los Angeles,Containerized Freight,5598.8,576.17,100.07,87.49,Calm,1.2,2025,1,1,1
2025-03-30,Aframax,116211,Corpus Christi,Antwerp,Crude Oil,4822.9,554.37,103.07,44.56,Moderate,1.8,2025,3,6,1
2025-12-11,Capesize,185989,Port Hedland,Qingdao,Iron Ore,3558.7,700.78,120.55,39.07,Moderate,15.8,2025,12,3,4
2025-05-11,Panamax,80817,Santos,Rotterdam,Bauxite,5516.9,580.74,105.79,49.82,Rough Sea,1.2,2025,5,6,2
2024-12-24,Panamax,81145,Tubarao,Qingdao,Bauxite,11466.5,587.86,77.03,60.87,Moderate,3.2,2024,12,1,4
2024-01-31,Container Post-Panamax,128955,Shanghai,Los Angeles,Containerized Freight,5592.6,667.97,93.12,94.35,Moderate,4.6,2024,1,2,1
2025-08-16,Capesize,207308,Dampier,Yokohama,LNG,3983.2,631.84,98.63,18.85,Calm,3.0,2025,8,5,3
2025-11-04,Container Post-Panamax,104636,Shanghai,Los Angeles,Containerized Freight,5563.1,662.96,137.16,107.78,Rough Sea,4.9,2025,11,1,4
2026-02-14,Capesize,168954,Port Hedland,Qingdao,Iron Ore,3642.2,704.04,94.55,19.77,Moderate,0.5,2026,2,5,1
2024-05-19,Suezmax,160657,Corpus Christi,Antwerp,Refined Petroleum,4834.7,714.21,115.26,43.13,Rough Sea,2.1,2024,5,6,2
2024-12-29,Container Post-Panamax,105911,Shanghai,Los Angeles,Containerized Freight,5531.3,599.14,98.05,111.23,Monsoon/Tropical Cyclone,3.0,2024,12,6,4
2025-10-31,VLCC,291508,Ras Tanura,Singapore,Crude Oil,3656.6,679.82,120.34,33.04,Calm,3.3,2025,10,4,4
2026-07-21,Container Post-Panamax,82130,Shanghai,Los Angeles,Containerized Freight,5705.0,700.42,102.36,94.23,Moderate,3.9,2026,7,1,3
2024-05-13,Aframax,102614,Corpus Christi,Antwerp,Crude Oil,4978.0,679.74,88.52,48.32,Calm,2.5,2024,5,0,2
2025-04-18,Suezmax,135422,Corpus Christi,Antwerp,Refined Petroleum,4793.6,576.01,97.14,38.08,Moderate,0.5,2025,4,4,2
2024-05-25,Capesize,205576,Port Hedland,Qingdao,Iron Ore,3585.8,672.83,112.97,25.9,Moderate,4.3,2024,5,5,2
2024-03-20,Panamax,75023,Richards Bay,Rotterdam,Thermal Coal,7127.6,719.57,102.92,65.14,Calm,14.4,2024,3,2,1
2026-08-17,Suezmax,137063,Corpus Christi,Antwerp,Refined Petroleum,4949.2,633.67,99.9,42.25,Moderate,7.5,2026,8,0,3
2023-12-16,Capesize,171804,Newcastle,Mumbai,Thermal Coal,6007.4,676.32,100.17,30.76,Calm,5.9,2023,12,5,4
2023-10-21,Suezmax,145027,Ras Tanura,Singapore,Crude Oil,3673.3,661.12,109.52,37.8,Calm,0.8,2023,10,5,4
2025-01-03,Capesize,178946,Newcastle,Mumbai,Thermal Coal,5746.2,557.94,92.62,19.58,Calm,1.7,2025,1,4,1
2023-10-28,Aframax,83349,Houston,Rotterdam,Refined Petroleum,4809.6,668.79,113.75,57.13,Moderate,2.8,2023,10,5,4
2025-06-26,VLCC,306841,Ras Tanura,Singapore,Crude Oil,3722.0,600.68,92.02,20.64,Calm,1.4,2025,6,3,2
2025-11-10,Aframax,100745,Corpus Christi,Antwerp,Crude Oil,4904.9,680.75,113.92,52.85,Calm,2.5,2025,11,0,4
2024-08-09,LNG Carrier,80220,Ras Laffan,Tokyo,LNG,6720.4,689.6,98.25,107.76,Calm,1.1,2024,8,4,3
2025-11-01,Container Post-Panamax,125500,Singapore,Dubai,Steel Coils,3469.3,658.12,96.66,82.09,Rough Sea,2.0,2025,11,5,4
2025-05-28,Suezmax,161955,Houston,Rotterdam,Crude Oil,4985.4,543.13,110.56,36.72,Calm,0.5,2025,5,2,2
2024-05-23,Container Post-Panamax,80448,Shanghai,Los Angeles,Containerized Freight,5786.4,739.88,100.39,107.27,Rough Sea,3.4,2024,5,3,2
2025-01-05,Suezmax,139972,Ras Tanura,Qingdao,Crude Oil,6321.1,593.09,87.75,54.47,Calm,18.0,2025,1,6,1
2026-08-12,Suezmax,139615,Ras Tanura,Singapore,Crude Oil,3778.2,665.13,108.02,36.39,Calm,2.7,2026,8,2,3
2026-01-14,Aframax,117143,Corpus Christi,Antwerp,Crude Oil,5000.5,696.57,83.21,53.84,Rough Sea,3.0,2026,1,2,1
2026-08-02,VLCC,303999,Ras Tanura,Singapore,Crude Oil,3630.5,674.18,94.43,24.75,Calm,2.3,2026,8,6,3
2025-03-31,Panamax,78388,Tubarao,Qingdao,Iron Ore,10935.1,555.41,92.72,59.55,Calm,4.3,2025,3,0,1
2025-10-09,Panamax,68716,Newcastle,Mumbai,Thermal Coal,5784.0,657.47,119.6,52.7,Rough Sea,3.6,2025,10,3,4
2026-03-06,VLCC,312910,Ras Tanura,Singapore,Crude Oil,3675.6,693.43,101.12,25.22,Moderate,1.2,2026,3,4,1
2025-05-23,VLCC,288399,Ras Tanura,Qingdao,Crude Oil,6167.9,580.61,83.81,24.23,Rough Sea,0.5,2025,5,4,2
2026-07-23,Panamax,78215,Newcastle,Mumbai,Thermal Coal,5857.0,714.68,110.76,59.76,Rough Sea,6.4,2026,7,3,3
2026-03-02,VLCC,287056,Ras Tanura,Qingdao,Crude Oil,6383.9,722.6,95.27,43.43,Stormy,3.0,2026,3,0,1
2026-05-01,Panamax,80968,Santos,Qingdao,Iron Ore,11877.9,695.02,110.28,75.77,Rough Sea,2.8,2026,5,4,2
2025-02-15,Panamax,66970,Tubarao,Qingdao,Iron Ore,11260.4,591.7,95.14,71.04,Moderate,5.7,2025,2,5,1
2026-04-03,Container Post-Panamax,97578,Ningbo,Hamburg,Containerized Freight,10771.2,706.93,98.08,133.57,Moderate,5.1,2026,4,4,2
2025-01-03,Capesize,178085,Santos,Qingdao,Grain,11696.7,586.51,96.38,30.66,Moderate,1.8,2025,1,4,1
2023-12-15,Panamax,82770,Tubarao,Qingdao,Iron Ore,11407.3,699.81,116.01,73.03,Calm,3.3,2023,12,4,4
2024-02-24,Suezmax,135287,Ras Tanura,Qingdao,Crude Oil,6211.7,676.32,91.03,63.56,Stormy,13.8,2024,2,5,1
2024-08-11,Panamax,84706,Newcastle,Mumbai,Thermal Coal,5809.1,688.06,99.21,64.93,Monsoon/Tropical Cyclone,9.5,2024,8,6,3
2026-08-05,Panamax,84559,Santos,Qingdao,Iron Ore,11777.2,680.66,104.94,69.29,Calm,1.8,2026,8,2,3
2024-12-10,Handysize,31462,Singapore,Dubai,Chemicals,3482.3,586.74,92.77,58.12,Calm,2.8,2024,12,1,4
2024-10-28,Supramax,53779,Santos,Rotterdam,Bauxite,5586.9,610.52,113.48,57.23,Calm,0.5,2024,10,0,4
2024-03-25,Container Post-Panamax,110659,Shanghai,Los Angeles,Containerized Freight,5811.9,713.73,99.22,96.61,Moderate,1.7,2024,3,0,1
2023-11-09,Panamax,75640,Santos,Qingdao,Iron Ore,11609.5,681.66,113.19,68.73,Calm,1.6,2023,11,3,4
2024-06-21,Panamax,84128,Tubarao,Qingdao,Bauxite,11255.1,719.93,113.33,73.63,Rough Sea,1.1,2024,6,4,2
2024-12-23,Container Post-Panamax,93772,Ningbo,Hamburg,Containerized Freight,10683.1,597.68,101.59,120.88,Calm,1.4,2024,12,0,4
2025-10-31,Capesize,171207,Newcastle,Mumbai,Thermal Coal,5810.5,658.51,98.88,31.77,Calm,8.3,2025,10,4,4
2024-12-31,Aframax,111663,Corpus Christi,Antwerp,Refined Petroleum,5032.0,629.0,103.76,51.58,Calm,4.5,2024,12,1,4
2024-06-10,Panamax,67924,Newcastle,Mumbai,Thermal Coal,5980.6,701.52,99.82,50.27,Calm,4.4,2024,6,0,2
2025-11-25,Container Post-Panamax,96481,Singapore,Dubai,Steel Coils,3305.9,694.02,94.01,71.11,Calm,2.1,2025,11,1,4
2026-08-25,Suezmax,145870,Corpus Christi,Antwerp,Refined Petroleum,5031.0,698.91,108.14,44.16,Moderate,4.0,2026,8,1,3
2025-03-16,Panamax,73281,Tubarao,Qingdao,Bauxite,11428.1,626.23,107.55,74.02,Moderate,7.7,2025,3,6,1
2024-01-12,Container Post-Panamax,102538,Singapore,Dubai,Chemicals,3344.7,726.52,83.29,91.59,Stormy,3.4,2024,1,4,1
2025-08-19,VLCC,307386,Ras Tanura,Qingdao,Crude Oil,6188.0,627.2,111.22,33.33,Calm,3.9,2025,8,1,3
2025-06-04,Capesize,170038,Port Hedland,Qingdao,Iron Ore,3638.0,572.7,106.19,21.63,Moderate,1.0,2025,6,2,2
2025-12-31,Capesize,200229,Tubarao,Qingdao,Iron Ore,11289.0,690.19,90.77,44.84,Moderate,9.7,2025,12,2,4
2023-11-13,Supramax,54779,Santos,Rotterdam,Grain,5525.1,702.38,105.04,59.45,Calm,0.5,2023,11,0,4
2025-08-29,Panamax,80983,Richards Bay,Rotterdam,Thermal Coal,6912.3,585.83,106.19,43.96,Calm,0.5,2025,8,4,3
2025-06-09,Panamax,80851,Newcastle,Mumbai,Thermal Coal,5961.0,571.72,104.19,47.63,Calm,4.6,2025,6,0,2
2025-06-27,Container Post-Panamax,90349,Ningbo,Hamburg,Containerized Freight,10348.8,588.41,87.09,115.51,Calm,1.8,2025,6,4,2
2025-07-18,Panamax,80538,Santos,Rotterdam,Bauxite,5334.7,606.03,104.26,49.13,Rough Sea,6.6,2025,7,4,3
2026-07-14,Container Post-Panamax,92211,Shanghai,Los Angeles,Containerized Freight,5868.1,698.91,109.57,108.68,Rough Sea,6.1,2026,7,1,3
2026-02-15,Handysize,35432,Singapore,Dubai,Containerized Freight,3489.6,715.38,86.84,69.52,Rough Sea,2.6,2026,2,6,1
2024-06-24,Capesize,175427,Santos,Qingdao,Iron Ore,11660.1,709.28,100.77,41.5,Calm,7.5,2024,6,0,2
2024-09-30,Capesize,198543,Dampier,Yokohama,LNG,3917.9,637.29,83.34,17.91,Calm,0.5,2024,9,0,3
2024-01-17,Container Post-Panamax,95381,Ningbo,Hamburg,Containerized Freight,10391.5,710.26,109.94,128.1,Moderate,1.2,2024,1,2,1
2026-06-16,Suezmax,151395,Ras Tanura,Singapore,Crude Oil,3670.1,703.83,117.42,50.21,Calm,4.9,2026,6,1,2
2026-09-08,Capesize,188882,Santos,Qingdao,Grain,11792.7,669.28,132.18,45.48,Calm,3.5,2026,9,1,3
2025-12-15,Container Post-Panamax,110802,Singapore,Dubai,Containerized Freight,3318.4,709.55,106.04,81.5,Moderate,8.0,2025,12,0,4
2026-09-27,Panamax,82235,Santos,Rotterdam,Bauxite,5452.3,636.11,101.87,48.21,Rough Sea,3.2,2026,9,6,3
2025-09-23,Suezmax,134536,Ras Tanura,Singapore,Crude Oil,3761.9,654.68,106.9,35.18,Calm,3.3,2025,9,1,3
2026-07-02,Suezmax,150412,Ras Tanura,Singapore,Crude Oil,3721.5,704.71,92.81,45.91,Stormy,5.5,2026,7,3,3
2024-03-11,Container Post-Panamax,110114,Ningbo,Hamburg,Containerized Freight,10640.5,709.22,97.54,127.93,Calm,0.9,2024,3,0,1
2026-09-10,Supramax,61444,Santos,Rotterdam,Bauxite,5370.6,635.12,106.04,67.27,Moderate,9.8,2026,9,3,3
2023-11-27,VLCC,319001,Ras Tanura,Qingdao,Crude Oil,6105.3,702.12,126.37,36.42,Moderate,2.4,2023,11,0,4
2023-12-18,Supramax,51959,Santos,Rotterdam,Bauxite,5296.4,669.85,94.65,55.57,Moderate,0.9,2023,12,0,4
2025-02-15,Panamax,76545,Santos,Qingdao,Iron Ore,11755.2,573.55,81.89,58.25,Calm,0.5,2025,2,5,1
2026-06-11,Capesize,188601,Port Hedland,Qingdao,Iron Ore,3652.9,738.24,108.03,28.7,Moderate,5.7,2026,6,3,2
2026-03-08,Aframax,81471,Houston,Rotterdam,Crude Oil,4771.8,714.9,109.76,62.73,Moderate,9.3,2026,3,6,1
2024-09-04,Container Post-Panamax,84333,Shanghai,Los Angeles,Containerized Freight,5755.9,630.34,116.88,96.25,Calm,5.5,2024,9,2,3
2024-02-08,Panamax,77441,Richards Bay,Rotterdam,Thermal Coal,7084.7,691.72,99.25,54.08,Moderate,2.8,2024,2,3,1
2024-08-11,Aframax,100186,Corpus Christi,Antwerp,Crude Oil,4913.4,680.92,101.36,51.22,Calm,2.8,2024,8,6,3
2026-09-13,Capesize,193063,Newcastle,Mumbai,Thermal Coal,6027.7,633.46,114.52,24.6,Rough Sea,0.8,2026,9,6,3
2025-04-12,VLCC,307763,Ras Tanura,Singapore,Crude Oil,3785.6,559.55,118.88,34.67,Rough Sea,3.5,2025,4,5,2
2025-10-05,LNG Carrier,74490,Ras Laffan,Tokyo,LNG,6462.2,669.28,121.73,124.77,Rough Sea,5.2,2025,10,6,4
2025-12-12,Aframax,110509,Houston,Rotterdam,Refined Petroleum,4834.6,683.88,110.52,63.91,Stormy,2.1,2025,12,4,4
2025-02-10,Aframax,92122,Corpus Christi,Antwerp,Crude Oil,4845.6,574.09,91.45,46.55,Moderate,1.2,2025,2,0,1
2025-12-31,VLCC,302999,Ras Tanura,Qingdao,Crude Oil,6332.3,707.25,82.78,52.5,Monsoon/Tropical Cyclone,18.0,2025,12,2,4
2024-12-23,LNG Carrier,85416,Ras Laffan,Tokyo,LNG,6437.2,610.5,102.29,112.22,Rough Sea,1.0,2024,12,0,4
2025-09-03,LNG Carrier,71585,Ras Laffan,Tokyo,LNG,6470.3,638.5,108.74,106.97,Calm,0.5,2025,9,2,3
2024-08-24,Capesize,199283,Port Hedland,Qingdao,Iron Ore,3662.1,663.32,99.0,24.34,Moderate,5.8,2024,8,5,3
2024-07-30,Container Post-Panamax,109162,Shanghai,Los Angeles,Containerized Freight,5622.7,672.44,109.59,100.11,Rough Sea,0.7,2024,7,1,3
2024-12-23,Capesize,178774,Richards Bay,Rotterdam,Thermal Coal,7307.9,559.61,98.8,38.13,Calm,14.0,2024,12,0,4
2025-05-09,Capesize,186296,Richards Bay,Rotterdam,Thermal Coal,6954.3,573.94,86.26,28.25,Moderate,6.9,2025,5,4,2
2023-11-02,Capesize,204398,Dampier,Yokohama,Iron Ore,3869.3,663.83,109.17,21.5,Moderate,0.5,2023,11,3,4
2025-10-13,VLCC,301662,Ras Tanura,Qingdao,Crude Oil,6162.5,641.86,111.76,35.67,Calm,6.6,2025,10,0,4
2025-08-07,Capesize,165214,Port Hedland,Qingdao,Iron Ore,3542.8,576.92,98.12,34.45,Monsoon/Tropical Cyclone,7.2,2025,8,3,3
2025-11-16,Handysize,26658,Singapore,Dubai,Chemicals,3379.6,661.43,106.73,74.61,Rough Sea,7.6,2025,11,6,4
2024-04-12,Aframax,118760,Corpus Christi,Antwerp,Crude Oil,5015.4,701.51,88.76,54.18,Rough Sea,3.7,2024,4,4,2
2026-06-03,Container Post-Panamax,129420,Ningbo,Hamburg,Containerized Freight,10388.4,746.12,90.25,128.78,Calm,3.9,2026,6,2,2
2024-10-28,Capesize,193020,Port Hedland,Qingdao,Iron Ore,3664.0,632.26,123.55,29.18,Calm,3.0,2024,10,0,4
2025-02-08,Suezmax,131331,Ras Tanura,Qingdao,Crude Oil,6124.8,556.69,95.45,44.85,Moderate,6.2,2025,2,5,1
2026-01-16,Panamax,68325,Newcastle,Mumbai,Thermal Coal,5871.7,681.68,72.59,43.02,Moderate,3.4,2026,1,4,1
2025-08-28,Suezmax,139199,Corpus Christi,Antwerp,Refined Petroleum,4779.6,597.74,112.62,40.43,Moderate,5.2,2025,8,3,3
2025-06-13,Capesize,205855,Dampier,Yokohama,LNG,3876.4,582.22,88.29,17.88,Moderate,1.9,2025,6,4,2
2026-05-02,Panamax,84268,Santos,Rotterdam,Grain,5521.2,702.37,106.25,59.21,Moderate,11.2,2026,5,5,2
2026-02-04,Capesize,209480,Port Hedland,Qingdao,Iron Ore,3637.0,728.04,111.45,21.82,Calm,0.5,2026,2,2,1
2025-01-27,Panamax,67120,Santos,Qingdao,Iron Ore,11806.5,551.73,109.28,61.85,Calm,1.5,2025,1,0,1
2025-02-28,LNG Carrier,78703,Ras Laffan,Tokyo,LNG,6443.2,553.73,67.34,96.28,Calm,4.7,2025,2,4,1
2025-03-26,VLCC,282036,Ras Tanura,Qingdao,Crude Oil,6357.2,549.39,84.97,40.32,Stormy,10.1,2025,3,2,1
2024-06-07,Supramax,59284,Santos,Rotterdam,Bauxite,5449.9,693.51,77.31,63.31,Calm,12.4,2024,6,4,2
2026-01-17,Panamax,71909,Santos,Rotterdam,Grain,5518.5,744.1,94.36,47.63,Moderate,2.0,2026,1,5,1
2025-06-04,LNG Carrier,90529,Ras Laffan,Tokyo,LNG,6355.3,551.11,78.96,102.13,Rough Sea,0.5,2025,6,2,2
2023-10-22,Supramax,55815,Santos,Rotterdam,Bauxite,5425.8,664.02,107.27,64.53,Moderate,7.9,2023,10,6,4
2025-03-22,Capesize,188282,Tubarao,Qingdao,Iron Ore,11048.6,542.12,100.79,35.28,Rough Sea,1.4,2025,3,5,1
2025-03-26,Panamax,76556,Tubarao,Qingdao,Iron Ore,11041.6,577.07,100.89,54.35,Calm,0.7,2025,3,2,1
2024-06-23,Supramax,61680,Santos,Rotterdam,Grain,5323.5,679.67,103.04,64.61,Moderate,5.4,2024,6,6,2
2023-12-05,Suezmax,147538,Ras Tanura,Singapore,Crude Oil,3798.3,692.2,90.37,35.39,Moderate,2.4,2023,12,1,4
2024-03-09,Suezmax,160879,Ras Tanura,Qingdao,Crude Oil,6403.5,723.27,115.37,50.81,Moderate,3.9,2024,3,5,1
2024-03-08,Capesize,185090,Port Hedland,Qingdao,Iron Ore,3667.4,715.42,85.99,23.21,Calm,5.7,2024,3,4,1
2026-07-01,Container Post-Panamax,94426,Ningbo,Hamburg,Containerized Freight,10743.1,728.2,105.65,132.55,Calm,3.1,2026,7,2,3
2026-09-11,Capesize,202132,Santos,Qingdao,Iron Ore,12019.8,647.16,105.45,40.99,Moderate,6.5,2026,9,4,3
2023-11-05,LNG Carrier,72050,Ras Laffan,Tokyo,LNG,6407.9,651.11,116.77,120.39,Rough Sea,3.6,2023,11,6,4
2023-11-23,Container Post-Panamax,89609,Singapore,Dubai,Chemicals,3460.0,660.88,97.04,77.06,Moderate,0.5,2023,11,3,4
2025-12-23,Panamax,81285,Santos,Rotterdam,Bauxite,5528.1,745.46,77.0,55.43,Calm,14.6,2025,12,1,4
2024-05-23,Capesize,207070,Port Hedland,Qingdao,Iron Ore,3585.1,683.43,88.79,19.31,Calm,4.2,2024,5,3,2
2026-02-08,Container Post-Panamax,104188,Singapore,Dubai,Steel Coils,3366.9,716.39,101.33,84.77,Calm,7.0,2026,2,6,1
2024-06-10,Panamax,69186,Tubarao,Qingdao,Bauxite,11259.3,725.12,75.4,59.73,Calm,0.6,2024,6,0,2
2024-08-19,Capesize,171320,Port Hedland,Qingdao,Iron Ore,3621.3,616.55,102.65,21.54,Moderate,0.7,2024,8,0,3
2024-07-12,Panamax,77544,Santos,Rotterdam,Bauxite,5462.0,685.42,108.67,55.78,Moderate,9.7,2024,7,4,3
2026-03-14,Suezmax,160190,Ras Tanura,Qingdao,Crude Oil,6149.3,716.15,105.46,50.05,Calm,5.3,2026,3,5,1
2026-08-09,Capesize,161178,Tubarao,Qingdao,Iron Ore,10887.5,696.07,91.26,33.88,Calm,0.5,2026,8,6,3
2025-09-13,Supramax,55710,Santos,Rotterdam,Grain,5425.1,621.44,93.5,63.23,Rough Sea,3.4,2025,9,5,3
2024-10-17,Supramax,62366,Santos,Rotterdam,Grain,5461.0,659.92,117.6,76.49,Stormy,9.4,2024,10,3,4
2025-02-15,Capesize,194627,Richards Bay,Rotterdam,Thermal Coal,7103.4,563.23,97.49,26.85,Rough Sea,3.5,2025,2,5,1
2024-07-17,Handysize,36279,Singapore,Dubai,Containerized Freight,3475.0,722.94,124.06,77.05,Calm,10.8,2024,7,2,3
2024-02-09,Aframax,107046,Corpus Christi,Antwerp,Crude Oil,4810.8,716.46,78.52,41.07,Calm,0.5,2024,2,4,1
2025-03-24,LNG Carrier,91107,Dampier,Yokohama,LNG,3901.3,592.74,84.58,91.14,Calm,14.1,2025,3,0,1
2023-11-08,Panamax,84374,Richards Bay,Rotterdam,Thermal Coal,7088.2,640.61,110.63,55.97,Moderate,1.3,2023,11,2,4
2024-03-06,Panamax,79969,Richards Bay,Rotterdam,Thermal Coal,7162.7,687.65,107.78,51.43,Moderate,2.3,2024,3,2,1
2024-12-30,Capesize,179003,Tubarao,Qingdao,Bauxite,11420.1,637.73,96.8,34.74,Calm,0.5,2024,12,0,4
2026-06-24,Panamax,73725,Newcastle,Mumbai,Thermal Coal,6044.9,720.08,85.82,48.96,Rough Sea,2.4,2026,6,2,2
2025-04-27,LNG Carrier,76760,Ras Laffan,Tokyo,LNG,6406.2,554.61,96.39,97.53,Calm,2.8,2025,4,6,2
2024-01-16,Capesize,161031,Newcastle,Mumbai,Thermal Coal,5980.6,678.76,103.7,29.16,Calm,3.4,2024,1,1,1
2026-07-29,Suezmax,139610,Houston,Rotterdam,Refined Petroleum,4801.4,684.06,110.07,45.83,Moderate,6.2,2026,7,2,3
2024-12-20,Container Post-Panamax,123357,Shanghai,Los Angeles,Containerized Freight,5821.8,615.53,112.2,90.21,Calm,1.7,2024,12,4,4
2025-08-13,Capesize,185427,Newcastle,Mumbai,Thermal Coal,5877.2,592.41,91.84,18.96,Calm,0.5,2025,8,2,3
2026-06-01,Container Post-Panamax,118924,Shanghai,Los Angeles,Containerized Freight,5765.2,647.21,120.86,98.99,Calm,4.8,2026,6,0,2
2025-10-09,Panamax,65721,Tubarao,Qingdao,Iron Ore,11442.5,665.39,109.32,74.9,Moderate,7.7,2025,10,3,4
2025-04-09,Capesize,192667,Newcastle,Mumbai,Thermal Coal,5878.6,590.85,111.27,35.43,Rough Sea,7.5,2025,4,2,2
2025-08-06,Aframax,112058,Houston,Rotterdam,Chemicals,4765.2,604.48,91.82,64.78,Moderate,17.4,2025,8,2,3
2026-04-09,Container Post-Panamax,123795,Ningbo,Hamburg,Containerized Freight,10427.1,699.1,103.93,138.45,Rough Sea,2.2,2026,4,3,2
2024-01-18,Capesize,194414,Newcastle,Mumbai,Thermal Coal,5768.3,698.07,102.18,24.23,Calm,0.7,2024,1,3,1
2025-08-12,VLCC,318744,Ras Tanura,Singapore,Crude Oil,3697.8,589.03,114.51,37.5,Moderate,10.6,2025,8,1,3
2023-10-03,Panamax,68129,Santos,Qingdao,Grain,11591.1,616.34,114.68,68.91,Moderate,0.5,2023,10,1,4
2023-10-18,Panamax,77014,Richards Bay,Rotterdam,Thermal Coal,7218.0,685.5,104.54,50.84,Moderate,1.6,2023,10,2,4
2024-06-24,LNG Carrier,93329,Ras Laffan,Tokyo,LNG,6736.9,690.44,90.09,107.81,Calm,0.6,2024,6,0,2
2023-10-17,Capesize,175327,Richards Bay,Rotterdam,Thermal Coal,7261.6,629.49,90.82,24.15,Calm,2.2,2023,10,1,4
2024-02-11,Suezmax,130777,Corpus Christi,Antwerp,Refined Petroleum,5039.9,705.61,107.7,48.89,Moderate,1.1,2024,2,6,1
2026-01-13,LNG Carrier,79944,Ras Laffan,Tokyo,LNG,6598.8,727.41,105.84,115.94,Moderate,4.9,2026,1,1,1
2025-08-11,Capesize,170104,Santos,Qingdao,Iron Ore,11484.0,609.33,96.31,40.0,Moderate,4.3,2025,8,0,3
2025-03-07,Panamax,71148,Santos,Rotterdam,Grain,5294.5,537.29,115.69,44.3,Moderate,2.6,2025,3,4,1
2025-06-20,Aframax,107476,Corpus Christi,Antwerp,Refined Petroleum,5016.0,628.03,105.97,50.23,Moderate,0.5,2025,6,4,2
2025-09-14,Suezmax,160084,Ras Tanura,Singapore,Crude Oil,3735.5,636.84,120.35,37.33,Calm,2.0,2025,9,6,3
2024-05-02,Supramax,51002,Houston,Rotterdam,Chemicals,4812.0,702.77,106.89,62.07,Rough Sea,1.6,2024,5,3,2
2024-07-07,Panamax,65768,Tubarao,Qingdao,Bauxite,10915.9,704.39,98.88,62.2,Calm,3.1,2024,7,6,3
2025-05-16,LNG Carrier,73139,Dampier,Yokohama,Iron Ore,3947.3,560.76,111.35,84.62,Moderate,1.4,2025,5,4,2
2026-07-22,Container Post-Panamax,108344,Ningbo,Hamburg,Containerized Freight,10502.6,680.59,120.0,136.03,Moderate,2.8,2026,7,2,3
2024-02-14,Panamax,82702,Santos,Rotterdam,Bauxite,5444.9,672.48,86.71,62.03,Monsoon/Tropical Cyclone,8.4,2024,2,2,1
2025-08-11,Capesize,164935,Richards Bay,Rotterdam,Thermal Coal,7297.8,609.29,96.54,28.21,Calm,2.7,2025,8,0,3
2025-09-06,Supramax,55339,Houston,Rotterdam,Refined Petroleum,4760.5,604.04,105.94,49.22,Calm,0.7,2025,9,5,3
2024-02-12,Aframax,103113,Houston,Rotterdam,Chemicals,4793.8,680.84,87.83,48.04,Calm,1.4,2024,2,0,1
2024-06-04,Aframax,89946,Corpus Christi,Antwerp,Crude Oil,4948.2,710.69,97.14,55.82,Moderate,5.6,2024,6,1,2
2024-10-17,Suezmax,147004,Ras Tanura,Qingdao,Crude Oil,6159.4,659.2,116.3,52.31,Rough Sea,3.7,2024,10,3,4
2026-03-05,Capesize,179604,Port Hedland,Qingdao,Iron Ore,3725.9,711.78,126.51,37.67,Moderate,9.6,2026,3,3,1
2024-05-01,Container Post-Panamax,105903,Shanghai,Los Angeles,Containerized Freight,5759.0,702.96,102.43,118.13,Stormy,9.1,2024,5,2,2
2025-03-28,Suezmax,154548,Ras Tanura,Qingdao,Crude Oil,6269.4,556.82,107.92,44.18,Moderate,4.5,2025,3,4,1
2026-07-10,Capesize,171502,Port Hedland,Qingdao,Iron Ore,3685.8,669.87,80.07,17.27,Calm,1.8,2026,7,4,3
2026-04-05,Container Post-Panamax,129596,Shanghai,Los Angeles,Containerized Freight,5575.8,714.1,104.48,125.71,Monsoon/Tropical Cyclone,9.3,2026,4,6,2
2025-12-24,Supramax,60549,Houston,Rotterdam,Chemicals,4864.8,679.69,100.03,54.95,Moderate,0.5,2025,12,2,4
2025-03-29,Capesize,165590,Port Hedland,Qingdao,Iron Ore,3603.1,560.93,91.27,17.08,Calm,0.6,2025,3,5,1
2026-09-18,Panamax,79301,Newcastle,Mumbai,Thermal Coal,6026.5,631.07,109.42,63.27,Calm,16.8,2026,9,4,3
2025-09-07,Container Post-Panamax,91440,Shanghai,Los Angeles,Containerized Freight,5684.1,636.98,104.99,91.83,Calm,5.2,2025,9,6,3
2024-09-20,VLCC,317622,Ras Tanura,Singapore,Crude Oil,3641.2,683.59,118.38,31.81,Calm,7.9,2024,9,4,3
2023-11-16,Capesize,194729,Tubarao,Qingdao,Iron Ore,11069.8,712.87,115.7,55.05,Monsoon/Tropical Cyclone,6.2,2023,11,3,4
2026-02-05,Panamax,68219,Tubarao,Qingdao,Iron Ore,11487.6,696.15,105.5,71.7,Moderate,4.8,2026,2,3,1
2024-01-30,Panamax,66152,Newcastle,Mumbai,Thermal Coal,5917.2,726.45,89.29,57.69,Stormy,4.7,2024,1,1,1
2026-02-13,Panamax,72344,Newcastle,Mumbai,Thermal Coal,5895.2,708.47,110.11,55.78,Calm,11.0,2026,2,4,1
2025-05-25,Capesize,194980,Santos,Qingdao,Grain,12038.7,557.22,104.03,37.16,Rough Sea,0.7,2025,5,6,2
2024-01-19,Panamax,78708,Santos,Rotterdam,Grain,5597.2,707.38,106.77,54.2,Moderate,3.9,2024,1,4,1
2024-12-28,LNG Carrier,92332,Dampier,Yokohama,LNG,4057.0,594.79,85.75,84.42,Calm,7.1,2024,12,5,4
2023-12-22,Capesize,180786,Port Hedland,Qingdao,Iron Ore,3703.9,662.44,89.58,17.54,Calm,0.5,2023,12,4,4
2025-05-13,Panamax,84383,Tubarao,Qingdao,Bauxite,11116.2,568.88,124.59,73.01,Moderate,5.4,2025,5,1,2
2025-10-05,Container Post-Panamax,85563,Ningbo,Hamburg,Containerized Freight,10677.6,610.92,100.38,130.83,Moderate,2.3,2025,10,6,4
2024-01-07,Aframax,87043,Houston,Rotterdam,Refined Petroleum,4820.7,706.37,82.17,54.14,Moderate,5.6,2024,1,6,1
2024-10-30,Container Post-Panamax,122805,Ningbo,Hamburg,Containerized Freight,10409.9,626.54,96.31,151.38,Monsoon/Tropical Cyclone,7.0,2024,10,2,4
2024-05-23,Container Post-Panamax,122085,Shanghai,Los Angeles,Containerized Freight,5805.4,733.88,115.13,95.29,Calm,2.5,2024,5,3,2
2026-07-31,Aframax,104917,Corpus Christi,Antwerp,Refined Petroleum,4963.0,672.28,102.47,51.15,Calm,0.5,2026,7,4,3
2023-10-08,Suezmax,144396,Ras Tanura,Qingdao,Crude Oil,6212.1,618.21,100.85,46.05,Moderate,5.9,2023,10,6,4
2024-12-19,Container Post-Panamax,105313,Shanghai,Los Angeles,Containerized Freight,5591.7,587.67,87.71,82.64,Calm,2.5,2024,12,3,4
2025-05-09,Container Post-Panamax,125757,Singapore,Dubai,Chemicals,3299.7,536.86,120.46,77.52,Calm,10.4,2025,5,4,2
2026-04-12,Capesize,203718,Santos,Qingdao,Iron Ore,11877.0,726.08,93.92,34.25,Calm,0.7,2026,4,6,2
2025-01-29,VLCC,283928,Ras Tanura,Singapore,Crude Oil,3753.1,518.08,97.33,26.12,Moderate,3.3,2025,1,2,1
2024-09-01,Capesize,184612,Port Hedland,Qingdao,Iron Ore,3751.5,654.6,112.42,27.28,Calm,5.8,2024,9,6,3
2024-12-21,Panamax,71349,Richards Bay,Rotterdam,Thermal Coal,7226.5,577.69,91.03,51.74,Calm,3.8,2024,12,5,4
2024-02-15,Container Post-Panamax,110620,Ningbo,Hamburg,Containerized Freight,10396.7,694.27,101.16,130.37,Moderate,4.8,2024,2,3,1
2023-11-02,VLCC,303380,Ras Tanura,Qingdao,Crude Oil,6331.9,651.85,98.3,31.3,Moderate,0.5,2023,11,3,4
2026-05-31,Panamax,81802,Tubarao,Qingdao,Bauxite,11301.9,723.04,104.48,68.39,Calm,1.5,2026,5,6,2
2025-01-11,Panamax,76688,Santos,Qingdao,Grain,11843.4,566.14,95.33,67.86,Calm,7.9,2025,1,5,1
2024-09-16,Panamax,66558,Santos,Rotterdam,Bauxite,5474.9,659.64,107.85,50.16,Moderate,5.9,2024,9,0,3
2025-02-23,LNG Carrier,91039,Dampier,Yokohama,LNG,3939.2,547.44,91.9,74.77,Calm,0.8,2025,2,6,1
2025-02-27,Aframax,97117,Houston,Rotterdam,Chemicals,4854.7,569.79,117.6,59.97,Calm,9.2,2025,2,3,1
2025-01-30,Capesize,180335,Tubarao,Qingdao,Iron Ore,11378.3,595.84,96.22,30.07,Calm,4.1,2025,1,3,1
2025-06-04,Container Post-Panamax,83915,Shanghai,Los Angeles,Containerized Freight,5835.1,538.63,113.92,99.83,Moderate,8.7,2025,6,2,2
2025-11-22,Container Post-Panamax,108870,Singapore,Dubai,Chemicals,3359.6,683.11,102.85,73.96,Calm,1.1,2025,11,5,4
2024-10-17,LNG Carrier,76126,Dampier,Yokohama,LNG,3928.2,616.88,116.14,88.04,Calm,3.4,2024,10,3,4
2026-03-02,Panamax,72825,Santos,Rotterdam,Grain,5446.2,728.15,101.52,47.69,Calm,5.4,2026,3,0,1
2024-09-29,LNG Carrier,90732,Dampier,Yokohama,LNG,4023.1,622.98,110.85,86.44,Moderate,0.9,2024,9,6,3
2026-05-23,Capesize,192752,Tubarao,Qingdao,Iron Ore,11289.4,681.81,111.23,51.86,Monsoon/Tropical Cyclone,2.4,2026,5,5,2
2024-01-22,Capesize,208629,Newcastle,Mumbai,Thermal Coal,5868.6,700.74,85.3,20.15,Calm,1.9,2024,1,0,1
2024-11-25,Capesize,204564,Newcastle,Mumbai,Thermal Coal,5939.0,584.53,90.82,22.09,Rough Sea,1.8,2024,11,0,4
2024-01-18,Capesize,197590,Port Hedland,Qingdao,Iron Ore,3676.3,710.33,89.49,28.46,Calm,9.9,2024,1,3,1
2026-08-05,Suezmax,163587,Corpus Christi,Antwerp,Refined Petroleum,4835.3,646.68,108.07,41.61,Calm,3.8,2026,8,2,3
2025-09-14,LNG Carrier,93023,Dampier,Yokohama,Iron Ore,4060.8,575.32,107.96,87.22,Moderate,0.5,2025,9,6,3
2026-05-21,Capesize,197861,Dampier,Yokohama,LNG,3960.1,671.55,95.02,21.12,Moderate,1.8,2026,5,3,2
2024-08-20,Capesize,197883,Newcastle,Mumbai,Thermal Coal,6014.3,659.4,125.18,35.02,Calm,8.8,2024,8,1,3
2025-05-01,Aframax,97139,Houston,Rotterdam,Crude Oil,4971.3,542.13,91.81,53.84,Calm,10.8,2025,5,3,2
2025-10-13,Panamax,71823,Santos,Rotterdam,Bauxite,5485.0,652.82,96.07,43.47,Moderate,5.5,2025,10,0,4
2026-07-17,Suezmax,153707,Ras Tanura,Singapore,Crude Oil,3641.2,651.81,96.37,36.0,Calm,1.3,2026,7,4,3
2026-02-07,LNG Carrier,76276,Ras Laffan,Tokyo,LNG,6712.2,713.82,97.26,141.69,Monsoon/Tropical Cyclone,3.2,2026,2,5,1
2025-02-14,Panamax,70142,Tubarao,Qingdao,Iron Ore,11367.1,554.4,99.63,69.05,Rough Sea,4.0,2025,2,4,1
2025-04-29,Capesize,192701,Port Hedland,Qingdao,Iron Ore,3571.7,571.21,91.66,19.84,Moderate,4.0,2025,4,1,2
2025-02-02,Capesize,201542,Santos,Qingdao,Iron Ore,12059.6,552.98,100.7,33.9,Moderate,2.2,2025,2,6,1
2026-02-18,Panamax,69849,Santos,Qingdao,Iron Ore,11814.2,704.31,98.71,83.83,Stormy,6.1,2026,2,2,1
2024-11-12,Panamax,78008,Newcastle,Mumbai,Thermal Coal,5893.9,638.15,90.89,43.61,Moderate,1.0,2024,11,1,4
2024-04-23,Capesize,198566,Dampier,Yokohama,LNG,3985.6,693.69,102.67,31.94,Stormy,6.1,2024,4,1,2
2026-03-31,LNG Carrier,88453,Ras Laffan,Tokyo,LNG,6739.5,709.76,104.82,147.19,Stormy,16.3,2026,3,1,1
2024-05-21,Panamax,83789,Santos,Rotterdam,Bauxite,5562.1,720.41,91.77,42.05,Calm,3.0,2024,5,1,2
2024-12-27,Suezmax,156615,Houston,Rotterdam,Refined Petroleum,4947.9,580.08,97.25,46.85,Stormy,5.0,2024,12,4,4
2024-05-05,Capesize,203085,Tubarao,Qingdao,Iron Ore,11396.8,684.89,103.26,41.9,Rough Sea,1.5,2024,5,6,2
2025-06-11,Capesize,204965,Tubarao,Qingdao,Iron Ore,11495.2,598.95,110.15,43.21,Rough Sea,4.9,2025,6,2,2
2025-11-04,Container Post-Panamax,82376,Ningbo,Hamburg,Containerized Freight,10534.8,679.3,107.47,126.39,Calm,2.9,2025,11,1,4
2023-10-12,Capesize,198546,Richards Bay,Rotterdam,Thermal Coal,7155.2,645.6,104.58,31.14,Rough Sea,1.3,2023,10,3,4
2024-06-22,Capesize,175748,Port Hedland,Qingdao,Iron Ore,3713.0,660.59,100.35,25.59,Rough Sea,3.7,2024,6,5,2
2025-06-02,LNG Carrier,78531,Dampier,Yokohama,LNG,3909.6,533.52,113.37,87.04,Moderate,2.8,2025,6,0,2
2023-11-21,LNG Carrier,84681,Ras Laffan,Tokyo,LNG,6563.7,653.31,90.29,107.75,Moderate,1.2,2023,11,1,4
2025-02-27,Capesize,206661,Dampier,Yokohama,LNG,3862.1,586.59,85.42,11.55,Calm,0.5,2025,2,3,1
2026-03-10,LNG Carrier,90064,Ras Laffan,Tokyo,LNG,6386.2,761.06,107.76,134.38,Stormy,6.1,2026,3,1,1
2026-04-14,Panamax,77660,Newcastle,Mumbai,Thermal Coal,6012.5,732.18,106.61,61.25,Rough Sea,7.7,2026,4,1,2
2026-03-16,Panamax,81034,Newcastle,Mumbai,Thermal Coal,5990.6,744.28,110.66,51.58,Calm,1.2,2026,3,0,1
2026-02-17,Handysize,37673,Singapore,Dubai,Chemicals,3404.2,694.57,117.2,66.6,Calm,7.3,2026,2,1,1
2024-03-27,Panamax,80211,Richards Bay,Rotterdam,Thermal Coal,7238.7,728.22,106.58,50.45,Calm,0.9,2024,3,2,1
2023-10-28,Panamax,76748,Richards Bay,Rotterdam,Thermal Coal,7208.1,688.21,95.08,59.08,Calm,8.0,2023,10,5,4
2024-01-01,Panamax,71406,Newcastle,Mumbai,Thermal Coal,5947.4,698.95,119.78,55.39,Calm,3.2,2024,1,0,1
2024-09-13,Aframax,103769,Houston,Rotterdam,Crude Oil,4840.0,645.1,104.93,49.51,Moderate,3.6,2024,9,4,3
2024-01-23,Panamax,81345,Newcastle,Mumbai,Thermal Coal,5852.0,644.37,88.34,46.15,Calm,1.2,2024,1,1,1
2024-08-30,Panamax,70234,Santos,Qingdao,Grain,11575.7,639.79,69.73,64.18,Moderate,5.9,2024,8,4,3
2025-05-21,Capesize,185444,Port Hedland,Qingdao,Iron Ore,3598.9,574.19,102.14,18.75,Calm,0.6,2025,5,2,2
2025-03-14,Supramax,54149,Houston,Rotterdam,Chemicals,4788.4,522.33,87.11,47.95,Rough Sea,1.1,2025,3,4,1
2024-04-05,Suezmax,140616,Ras Tanura,Qingdao,Crude Oil,6395.5,724.26,88.67,47.03,Rough Sea,2.6,2024,4,4,2
2024-05-31,Supramax,64154,Singapore,Dubai,Chemicals,3490.2,703.94,89.75,50.32,Calm,7.2,2024,5,4,2
2024-04-25,VLCC,296445,Ras Tanura,Qingdao,Crude Oil,6396.6,720.19,105.49,37.38,Calm,2.8,2024,4,3,2
2024-05-24,Container Post-Panamax,122530,Singapore,Dubai,Chemicals,3452.9,737.55,81.82,69.72,Moderate,0.5,2024,5,4,2
2025-08-04,Supramax,50665,Houston,Rotterdam,Refined Petroleum,4827.7,609.71,94.14,52.7,Calm,1.9,2025,8,0,3
2025-05-07,Supramax,63182,Santos,Rotterdam,Grain,5567.7,567.23,108.33,50.71,Calm,0.6,2025,5,2,2
2024-03-04,Suezmax,163499,Ras Tanura,Qingdao,Crude Oil,6158.6,705.26,73.91,33.84,Calm,0.5,2024,3,0,1
2026-03-07,Capesize,195842,Newcastle,Mumbai,Thermal Coal,6056.7,731.83,99.49,42.52,Monsoon/Tropical Cyclone,8.1,2026,3,5,1
2025-08-01,Container Post-Panamax,123876,Shanghai,Los Angeles,Containerized Freight,5855.8,603.81,105.84,90.85,Calm,2.4,2025,8,4,3
2026-04-07,Capesize,203682,Santos,Qingdao,Grain,11919.9,717.47,105.99,48.34,Rough Sea,3.5,2026,4,1,2
2025-07-28,LNG Carrier,77943,Ras Laffan,Tokyo,LNG,6451.3,570.47,87.44,102.69,Calm,2.8,2025,7,0,3
2026-09-24,Suezmax,162408,Ras Tanura,Singapore,Crude Oil,3756.3,625.4,116.38,41.88,Calm,6.9,2026,9,3,3
2026-05-18,LNG Carrier,83225,Dampier,Yokohama,Iron Ore,4044.0,702.01,111.46,91.04,Calm,1.4,2026,5,0,2
2026-01-08,VLCC,301826,Ras Tanura,Qingdao,Crude Oil,6138.9,654.58,87.4,30.76,Calm,5.1,2026,1,3,1
2024-04-03,Container Post-Panamax,119552,Ningbo,Hamburg,Containerized Freight,10650.7,698.88,80.65,124.21,Calm,4.3,2024,4,2,2
2024-09-16,Panamax,68840,Santos,Rotterdam,Grain,5399.2,636.47,109.5,45.61,Rough Sea,0.5,2024,9,0,3
2026-09-06,Container Post-Panamax,90120,Singapore,Dubai,Containerized Freight,3351.7,648.94,122.34,91.35,Rough Sea,12.2,2026,9,6,3
2024-06-29,Capesize,170575,Port Hedland,Qingdao,Iron Ore,3687.9,710.88,86.5,20.15,Moderate,1.3,2024,6,5,2
2024-05-17,Suezmax,147717,Corpus Christi,Antwerp,Crude Oil,5027.2,707.38,97.66,39.85,Calm,3.6,2024,5,4,2
2025-07-28,VLCC,319678,Ras Tanura,Singapore,Crude Oil,3745.0,547.43,93.23,23.31,Calm,6.2,2025,7,0,3
2025-01-07,VLCC,312006,Ras Tanura,Qingdao,Crude Oil,6436.9,576.42,102.23,27.9,Calm,0.5,2025,1,1,1
2026-09-10,Handysize,37668,Singapore,Dubai,Chemicals,3500.7,655.95,86.14,60.17,Moderate,1.8,2026,9,3,3
2024-10-04,Container Post-Panamax,80744,Ningbo,Hamburg,Containerized Freight,10533.0,647.15,123.71,137.94,Calm,10.7,2024,10,4,4
2023-10-16,Suezmax,163028,Corpus Christi,Antwerp,Crude Oil,4906.1,653.77,105.24,37.53,Moderate,0.9,2023,10,0,4
2025-09-11,Container Post-Panamax,112908,Singapore,Dubai,Containerized Freight,3366.6,616.68,101.82,72.78,Calm,1.5,2025,9,3,3
2025-05-15,Suezmax,148952,Ras Tanura,Singapore,Crude Oil,3695.7,589.81,96.39,29.95,Calm,1.1,2025,5,3,2
2026-01-03,Container Post-Panamax,93264,Ningbo,Hamburg,Containerized Freight,10307.4,718.7,88.05,124.05,Calm,0.5,2026,1,5,1
2026-06-28,Suezmax,154556,Corpus Christi,Antwerp,Refined Petroleum,5045.8,692.26,95.83,40.13,Rough Sea,0.5,2026,6,6,2
2024-10-15,Capesize,185534,Richards Bay,Rotterdam,Thermal Coal,6890.9,615.0,119.23,38.1,Rough Sea,4.8,2024,10,1,4
2023-12-10,VLCC,289309,Ras Tanura,Qingdao,Crude Oil,6295.9,707.42,101.54,36.78,Rough Sea,2.8,2023,12,6,4
2024-05-27,Panamax,84388,Tubarao,Qingdao,Bauxite,11374.6,712.97,105.17,86.76,Monsoon/Tropical Cyclone,4.9,2024,5,0,2
2026-08-05,Panamax,79794,Tubarao,Qingdao,Iron Ore,11405.7,677.28,95.72,63.22,Calm,2.0,2026,8,2,3
2026-01-26,Panamax,80733,Tubarao,Qingdao,Bauxite,11342.2,668.66,109.63,70.04,Calm,2.8,2026,1,0,1
2025-11-19,Capesize,201723,Dampier,Yokohama,Iron Ore,4029.5,667.43,123.72,27.36,Calm,3.1,2025,11,2,4
2026-08-24,LNG Carrier,83123,Dampier,Yokohama,LNG,3869.0,672.27,94.71,87.8,Moderate,5.2,2026,8,0,3
2024-06-05,VLCC,317907,Ras Tanura,Qingdao,Crude Oil,6353.7,689.92,98.78,41.84,Calm,12.8,2024,6,2,2
2024-12-31,Supramax,51693,Houston,Rotterdam,Crude Oil,4815.2,562.49,105.94,55.64,Rough Sea,2.3,2024,12,1,4
2025-08-02,Capesize,184883,Newcastle,Mumbai,Thermal Coal,6037.2,636.44,112.6,35.62,Moderate,6.0,2025,8,5,3
2024-10-16,Panamax,80868,Santos,Rotterdam,Grain,5490.9,641.45,113.26,46.76,Calm,0.5,2024,10,2,4
2025-10-28,LNG Carrier,84507,Ras Laffan,Tokyo,LNG,6454.7,679.83,110.61,114.56,Rough Sea,1.6,2025,10,1,4
2023-12-26,Capesize,179856,Port Hedland,Qingdao,Iron Ore,3544.3,680.75,105.54,27.77,Rough Sea,3.6,2023,12,1,4
2025-04-05,Capesize,162067,Port Hedland,Qingdao,Iron Ore,3653.6,569.32,91.41,19.52,Moderate,0.6,2025,4,5,2
2024-01-23,VLCC,315507,Ras Tanura,Singapore,Crude Oil,3695.8,711.04,78.74,26.38,Moderate,4.5,2024,1,1,1
2024-01-04,Capesize,200598,Dampier,Yokohama,Iron Ore,3844.8,729.08,92.84,25.54,Rough Sea,3.0,2024,1,3,1
2026-08-16,VLCC,294811,Ras Tanura,Singapore,Crude Oil,3742.5,688.66,98.84,27.42,Stormy,1.6,2026,8,6,3
2024-03-18,Panamax,80353,Santos,Rotterdam,Bauxite,5589.8,683.59,105.99,61.09,Monsoon/Tropical Cyclone,4.7,2024,3,0,1
2025-07-21,Suezmax,146422,Ras Tanura,Singapore,Crude Oil,3622.9,618.26,103.41,34.62,Calm,0.5,2025,7,0,3
2026-06-15,Capesize,199994,Newcastle,Mumbai,Thermal Coal,5983.6,700.45,105.17,29.13,Moderate,3.3,2026,6,0,2
2025-12-22,Suezmax,130697,Corpus Christi,Antwerp,Crude Oil,4820.8,669.08,103.53,48.88,Calm,9.6,2025,12,0,4
2024-12-21,Container Post-Panamax,90264,Shanghai,Los Angeles,Containerized Freight,5627.7,562.84,96.99,83.56,Calm,1.5,2024,12,5,4
2025-09-10,Container Post-Panamax,102158,Shanghai,Los Angeles,Containerized Freight,5728.1,599.41,99.01,94.77,Rough Sea,0.5,2025,9,2,3
2025-04-02,LNG Carrier,71203,Ras Laffan,Tokyo,LNG,6378.0,606.47,97.72,103.38,Moderate,2.4,2025,4,2,2
2024-02-19,LNG Carrier,75130,Dampier,Yokohama,Iron Ore,3874.4,737.32,102.95,90.97,Moderate,0.5,2024,2,0,1
2024-02-18,Capesize,196417,Port Hedland,Qingdao,Iron Ore,3671.0,690.23,87.58,25.37,Monsoon/Tropical Cyclone,3.2,2024,2,6,1
2026-03-05,Container Post-Panamax,85399,Shanghai,Los Angeles,Containerized Freight,5560.2,679.36,117.57,97.48,Moderate,2.8,2026,3,3,1
2026-07-12,LNG Carrier,75630,Ras Laffan,Tokyo,LNG,6517.9,694.91,93.5,110.22,Moderate,2.0,2026,7,6,3
2026-05-07,Suezmax,149648,Ras Tanura,Singapore,Crude Oil,3779.6,676.67,114.24,39.05,Calm,3.2,2026,5,3,2
2025-05-06,LNG Carrier,74801,Ras Laffan,Tokyo,LNG,6627.9,529.36,85.57,103.5,Moderate,3.3,2025,5,1,2
2025-11-08,Capesize,206769,Port Hedland,Qingdao,Iron Ore,3574.5,666.42,112.14,20.9,Calm,0.5,2025,11,5,4
2024-10-01,Panamax,83679,Santos,Rotterdam,Bauxite,5601.8,655.82,119.62,49.03,Moderate,4.2,2024,10,1,4
2023-11-03,Panamax,65847,Newcastle,Mumbai,Thermal Coal,5887.7,667.2,97.38,42.95,Calm,0.6,2023,11,4,4
2025-04-13,LNG Carrier,89254,Dampier,Yokohama,LNG,4057.8,583.5,101.11,89.34,Moderate,5.0,2025,4,6,2
2024-09-01,Suezmax,144795,Ras Tanura,Qingdao,Crude Oil,6066.6,659.76,125.15,49.87,Calm,6.3,2024,9,6,3
2024-09-25,Container Post-Panamax,96515,Ningbo,Hamburg,Containerized Freight,10344.6,653.48,109.14,122.02,Calm,0.5,2024,9,2,3
2025-07-27,Capesize,201319,Dampier,Yokohama,Iron Ore,3891.2,614.88,114.48,20.42,Moderate,1.1,2025,7,6,3
2026-06-01,Supramax,55997,Santos,Rotterdam,Grain,5321.1,709.59,78.84,56.75,Calm,6.0,2026,6,0,2
2024-04-08,Capesize,179302,Port Hedland,Qingdao,Iron Ore,3616.3,756.5,84.9,25.65,Rough Sea,5.7,2024,4,0,2
2024-05-13,Capesize,205163,Tubarao,Qingdao,Iron Ore,11319.8,749.93,101.07,35.05,Moderate,1.5,2024,5,0,2
2024-06-27,Panamax,81732,Richards Bay,Rotterdam,Thermal Coal,7163.3,695.45,108.06,55.94,Calm,2.5,2024,6,3,2
2023-11-24,Supramax,50171,Houston,Rotterdam,Chemicals,4854.0,688.83,120.68,62.86,Calm,6.8,2023,11,4,4
2026-03-03,Panamax,70637,Newcastle,Mumbai,Thermal Coal,5840.5,691.48,95.93,47.81,Calm,1.7,2026,3,1,1
2025-03-10,LNG Carrier,72599,Dampier,Yokohama,LNG,4001.5,555.17,88.93,74.99,Calm,0.8,2025,3,0,1
2024-11-19,Suezmax,138604,Houston,Rotterdam,Chemicals,4794.2,570.36,105.48,54.25,Rough Sea,18.0,2024,11,1,4
2023-11-20,Panamax,81018,Richards Bay,Rotterdam,Thermal Coal,6940.3,672.0,108.43,50.95,Calm,4.7,2023,11,0,4
2026-09-01,LNG Carrier,80204,Ras Laffan,Tokyo,LNG,6383.4,640.73,88.68,97.63,Calm,1.1,2026,9,1,3
2023-12-17,Panamax,80066,Santos,Qingdao,Grain,11631.4,704.61,109.95,73.84,Moderate,4.5,2023,12,6,4
2024-10-11,Suezmax,161204,Ras Tanura,Qingdao,Crude Oil,6436.2,643.7,94.58,44.86,Rough Sea,4.8,2024,10,4,4
2025-09-08,Aframax,108370,Corpus Christi,Antwerp,Crude Oil,4909.9,648.83,95.22,47.04,Moderate,2.5,2025,9,0,3
2024-08-20,Suezmax,130209,Corpus Christi,Antwerp,Crude Oil,5028.6,700.35,98.8,45.68,Calm,10.1,2024,8,1,3
2026-03-30,Suezmax,134698,Corpus Christi,Antwerp,Crude Oil,4849.6,697.95,96.14,38.37,Calm,1.0,2026,3,0,1
2026-01-07,Capesize,160143,Tubarao,Qingdao,Bauxite,11098.0,745.28,89.52,40.47,Moderate,3.5,2026,1,2,1
2024-01-26,LNG Carrier,79004,Ras Laffan,Tokyo,LNG,6735.7,693.25,94.33,111.62,Calm,3.2,2024,1,4,1
2025-01-16,Suezmax,133165,Houston,Rotterdam,Crude Oil,4818.6,587.72,96.27,33.56,Calm,2.5,2025,1,3,1
2024-06-29,LNG Carrier,87957,Dampier,Yokohama,Iron Ore,4008.9,656.39,112.57,93.0,Calm,3.4,2024,6,5,2
2026-01-05,Aframax,103611,Corpus Christi,Antwerp,Refined Petroleum,5047.0,709.09,104.5,57.03,Moderate,8.2,2026,1,0,1
2025-06-25,Container Post-Panamax,112493,Shanghai,Los Angeles,Containerized Freight,5628.2,598.31,108.51,92.93,Rough Sea,1.0,2025,6,2,2
2024-12-08,Container Post-Panamax,87274,Ningbo,Hamburg,Containerized Freight,10412.3,602.64,96.54,145.36,Stormy,1.7,2024,12,6,4
2024-01-22,Panamax,84857,Tubarao,Qingdao,Iron Ore,11088.0,699.93,100.63,70.87,Moderate,2.2,2024,1,0,1
2024-03-30,Container Post-Panamax,125227,Shanghai,Los Angeles,Containerized Freight,5544.3,695.49,114.3,94.2,Moderate,0.5,2024,3,5,1
2025-04-12,Supramax,55213,Houston,Rotterdam,Refined Petroleum,4762.8,533.39,93.49,43.36,Calm,1.4,2025,4,5,2
2024-06-06,Capesize,186894,Port Hedland,Qingdao,Iron Ore,3726.0,690.02,105.56,39.58,Calm,17.2,2024,6,3,2
2025-08-30,Supramax,50285,Santos,Rotterdam,Grain,5504.6,615.49,100.95,51.8,Moderate,0.5,2025,8,5,3
2026-08-12,Handysize,25018,Singapore,Dubai,Containerized Freight,3304.9,657.23,89.9,68.81,Moderate,10.0,2026,8,2,3
2025-01-20,Capesize,185262,Dampier,Yokohama,LNG,3932.4,600.2,87.66,22.26,Moderate,5.1,2025,1,0,1
2023-12-30,Container Post-Panamax,87465,Shanghai,Los Angeles,Containerized Freight,5542.9,689.1,111.98,97.28,Calm,3.2,2023,12,5,4
2024-06-15,Capesize,200387,Santos,Qingdao,Grain,12062.9,713.38,114.44,44.72,Moderate,5.8,2024,6,5,2
2025-10-06,LNG Carrier,94208,Dampier,Yokohama,Iron Ore,4020.5,654.91,106.05,88.15,Moderate,0.5,2025,10,0,4
2025-03-17,Supramax,58324,Santos,Rotterdam,Grain,5441.1,577.59,96.31,57.55,Calm,6.9,2025,3,0,1
2026-03-21,LNG Carrier,86260,Dampier,Yokohama,LNG,3920.3,722.28,109.79,94.17,Moderate,1.6,2026,3,5,1
2024-01-04,Aframax,102027,Houston,Rotterdam,Crude Oil,4857.0,656.26,119.82,72.48,Calm,18.0,2024,1,3,1
2025-09-27,Container Post-Panamax,97412,Ningbo,Hamburg,Containerized Freight,10303.6,606.72,106.55,126.79,Moderate,3.4,2025,9,5,3
2026-01-28,VLCC,301400,Ras Tanura,Qingdao,Crude Oil,6153.5,725.94,95.89,33.87,Moderate,4.9,2026,1,2,1
2024-05-11,VLCC,292785,Ras Tanura,Singapore,Crude Oil,3690.2,711.82,101.06,27.07,Calm,0.5,2024,5,5,2
2024-07-02,Panamax,79835,Richards Bay,Rotterdam,Thermal Coal,7186.5,709.11,102.18,51.96,Moderate,0.5,2024,7,1,3
2025-07-15,Container Post-Panamax,110342,Shanghai,Los Angeles,Containerized Freight,5577.6,598.37,105.84,91.54,Calm,5.2,2025,7,1,3
2026-03-17,Panamax,82726,Richards Bay,Rotterdam,Thermal Coal,6951.9,720.49,80.14,65.11,Rough Sea,15.2,2026,3,1,1
2025-08-12,Panamax,80670,Newcastle,Mumbai,Thermal Coal,5965.3,613.88,106.5,46.94,Calm,2.4,2025,8,1,3
2024-06-28,Capesize,186809,Tubarao,Qingdao,Iron Ore,11057.3,687.95,107.67,46.34,Calm,14.0,2024,6,4,2
2024-02-03,VLCC,317776,Ras Tanura,Qingdao,Crude Oil,6276.8,675.12,72.82,28.48,Stormy,1.7,2024,2,5,1
2025-09-25,Suezmax,139316,Ras Tanura,Singapore,Crude Oil,3614.2,659.07,116.27,37.12,Calm,2.0,2025,9,3,3
2025-01-21,VLCC,306181,Ras Tanura,Singapore,Crude Oil,3686.0,600.62,91.61,19.76,Moderate,0.5,2025,1,1,1
2026-04-20,Panamax,80392,Newcastle,Mumbai,Thermal Coal,5814.7,746.91,101.34,46.96,Calm,1.8,2026,4,0,2
2024-05-24,Capesize,169872,Dampier,Yokohama,LNG,3999.1,713.83,99.84,19.04,Moderate,0.5,2024,5,4,2
2025-02-20,LNG Carrier,81612,Dampier,Yokohama,Iron Ore,3882.9,571.85,93.39,78.35,Calm,3.7,2025,2,3,1
2025-12-06,Capesize,172086,Richards Bay,Rotterdam,Thermal Coal,7171.2,665.14,96.77,37.26,Monsoon/Tropical Cyclone,2.0,2025,12,5,4
2025-10-22,LNG Carrier,86974,Ras Laffan,Tokyo,LNG,6681.3,677.03,119.79,115.54,Moderate,4.2,2025,10,2,4
2025-12-10,VLCC,315912,Ras Tanura,Singapore,Crude Oil,3812.1,669.9,91.56,20.04,Moderate,0.5,2025,12,2,4
2025-12-31,Capesize,161148,Richards Bay,Rotterdam,Thermal Coal,6948.8,707.62,123.14,37.77,Moderate,4.6,2025,12,2,4
2025-10-28,Suezmax,135302,Corpus Christi,Antwerp,Crude Oil,4815.6,630.73,106.95,40.41,Rough Sea,0.5,2025,10,1,4
2025-10-27,LNG Carrier,73579,Dampier,Yokohama,LNG,3886.2,661.17,120.29,120.65,Monsoon/Tropical Cyclone,3.6,2025,10,0,4
2024-01-26,Suezmax,133212,Ras Tanura,Qingdao,Crude Oil,6365.9,706.96,95.31,51.45,Moderate,5.6,2024,1,4,1
2026-06-21,Aframax,104053,Corpus Christi,Antwerp,Refined Petroleum,4997.8,717.02,88.18,55.06,Moderate,2.8,2026,6,6,2
2025-09-26,Container Post-Panamax,119351,Shanghai,Los Angeles,Containerized Freight,5569.8,632.78,103.9,94.18,Calm,9.0,2025,9,4,3
2025-06-15,Capesize,171825,Newcastle,Mumbai,Thermal Coal,6043.0,548.25,93.61,32.92,Calm,11.0,2025,6,6,2
2025-03-05,Panamax,70786,Newcastle,Mumbai,Thermal Coal,5757.6,609.15,102.41,54.83,Rough Sea,9.2,2025,3,2,1
2025-05-15,Container Post-Panamax,134683,Ningbo,Hamburg,Containerized Freight,10470.3,582.07,102.89,123.6,Calm,6.5,2025,5,3,2
2024-03-19,Container Post-Panamax,120256,Shanghai,Los Angeles,Containerized Freight,5565.2,685.52,111.79,99.45,Moderate,1.7,2024,3,1,1
2026-01-18,Panamax,81413,Santos,Rotterdam,Grain,5333.9,717.6,102.98,52.7,Moderate,4.6,2026,1,6,1
2024-03-11,LNG Carrier,70196,Dampier,Yokohama,Iron Ore,3865.9,712.79,107.39,90.53,Calm,1.1,2024,3,0,1
2026-07-15,Capesize,202732,Richards Bay,Rotterdam,Thermal Coal,7151.2,679.71,102.43,27.49,Moderate,4.4,2026,7,2,3
2023-12-24,Panamax,77079,Santos,Qingdao,Iron Ore,12065.9,715.39,106.04,71.4,Calm,1.7,2023,12,6,4
2026-09-10,Panamax,82327,Tubarao,Qingdao,Bauxite,10867.1,642.81,107.6,74.24,Rough Sea,4.8,2026,9,3,3
2026-03-05,Panamax,71139,Santos,Rotterdam,Grain,5491.5,680.95,91.93,59.22,Moderate,14.4,2026,3,3,1
2025-12-07,Capesize,182778,Dampier,Yokohama,LNG,3848.4,693.24,95.33,24.62,Moderate,5.7,2025,12,6,4
2024-09-14,Panamax,81518,Santos,Qingdao,Grain,11766.0,662.07,124.18,80.03,Moderate,8.7,2024,9,5,3
2026-04-01,Suezmax,150561,Ras Tanura,Singapore,Crude Oil,3609.6,730.79,104.35,43.7,Moderate,7.3,2026,4,2,2
2025-01-05,Panamax,80594,Santos,Qingdao,Iron Ore,12046.0,602.31,105.37,65.13,Moderate,0.5,2025,1,6,1
2025-04-23,Container Post-Panamax,104681,Singapore,Dubai,Steel Coils,3466.4,567.75,105.43,69.44,Calm,0.5,2025,4,2,2
2024-08-04,Panamax,84949,Santos,Rotterdam,Bauxite,5417.6,659.13,93.83,56.38,Monsoon/Tropical Cyclone,6.4,2024,8,6,3
2026-07-22,Capesize,183839,Santos,Qingdao,Iron Ore,11852.2,700.25,114.04,50.36,Calm,8.5,2026,7,2,3
2024-02-24,Container Post-Panamax,124198,Singapore,Dubai,Containerized Freight,3376.0,684.31,88.0,76.29,Moderate,3.2,2024,2,5,1
2024-07-04,Supramax,55308,Houston,Rotterdam,Chemicals,4915.1,676.96,113.59,61.22,Calm,3.1,2024,7,3,3
2025-05-30,VLCC,312675,Ras Tanura,Qingdao,Crude Oil,6076.7,591.04,104.61,27.84,Calm,0.5,2025,5,4,2
2023-10-31,VLCC,317917,Ras Tanura,Singapore,Crude Oil,3812.5,651.09,99.35,27.15,Rough Sea,3.4,2023,10,1,4
2024-11-07,Suezmax,148115,Ras Tanura,Qingdao,Crude Oil,6177.3,605.0,124.96,50.78,Calm,6.6,2024,11,3,4
2025-05-19,Aframax,119450,Houston,Rotterdam,Crude Oil,4880.6,595.96,95.28,45.86,Calm,1.6,2025,5,0,2
2025-12-15,Aframax,117419,Corpus Christi,Antwerp,Crude Oil,4962.1,691.98,112.62,49.04,Calm,0.6,2025,12,0,4
2025-04-28,Container Post-Panamax,83399,Ningbo,Hamburg,Containerized Freight,10634.5,579.97,84.21,135.88,Rough Sea,3.7,2025,4,0,2
2025-09-29,Container Post-Panamax,134181,Shanghai,Los Angeles,Containerized Freight,5576.0,607.42,90.05,86.01,Moderate,5.4,2025,9,0,3
2024-08-16,Suezmax,156691,Houston,Rotterdam,Chemicals,4920.7,670.19,104.08,37.85,Calm,2.1,2024,8,4,3
2025-07-07,Suezmax,157879,Ras Tanura,Qingdao,Crude Oil,6230.4,582.24,105.54,39.3,Moderate,1.8,2025,7,0,3
2023-12-09,Container Post-Panamax,83576,Ningbo,Hamburg,Containerized Freight,10613.3,706.05,115.57,133.75,Moderate,2.7,2023,12,5,4
2025-07-23,Suezmax,158243,Ras Tanura,Singapore,Crude Oil,3807.5,551.65,100.12,42.91,Monsoon/Tropical Cyclone,2.7,2025,7,2,3
2025-05-09,Panamax,83349,Tubarao,Qingdao,Iron Ore,11292.7,588.48,111.39,65.03,Calm,2.7,2025,5,4,2
2025-10-06,Aframax,98546,Corpus Christi,Antwerp,Crude Oil,4900.6,685.29,116.75,57.34,Calm,3.4,2025,10,0,4
2026-01-23,Panamax,76801,Richards Bay,Rotterdam,Thermal Coal,7235.1,698.53,88.73,56.13,Rough Sea,0.5,2026,1,4,1
2026-05-14,Aframax,83960,Houston,Rotterdam,Refined Petroleum,4875.3,691.09,100.67,52.61,Calm,5.3,2026,5,3,2
2025-11-01,LNG Carrier,75306,Ras Laffan,Tokyo,LNG,6585.2,672.86,117.67,114.97,Moderate,3.6,2025,11,5,4
2026-01-16,Panamax,84329,Santos,Rotterdam,Grain,5458.7,683.41,96.46,47.86,Rough Sea,1.0,2026,1,4,1
2024-05-18,Panamax,81099,Santos,Rotterdam,Grain,5400.6,710.29,117.21,62.19,Stormy,6.3,2024,5,5,2
2025-10-24,LNG Carrier,77009,Dampier,Yokohama,Iron Ore,3907.2,654.76,111.71,83.78,Calm,0.7,2025,10,4,4
2023-12-20,Capesize,165754,Port Hedland,Qingdao,Iron Ore,3729.7,695.67,97.39,32.53,Monsoon/Tropical Cyclone,4.2,2023,12,2,4
2025-07-01,VLCC,296079,Ras Tanura,Singapore,Crude Oil,3824.6,554.68,87.06,18.69,Calm,0.5,2025,7,1,3
2024-02-19,Panamax,80053,Tubarao,Qingdao,Bauxite,11483.5,719.83,99.48,65.0,Moderate,0.5,2024,2,0,1
2025-05-13,Capesize,169791,Tubarao,Qingdao,Iron Ore,11451.2,549.7,111.12,39.2,Moderate,5.4,2025,5,1,2
2025-11-24,Panamax,76667,Newcastle,Mumbai,Thermal Coal,6043.9,711.06,107.56,49.56,Moderate,2.9,2025,11,0,4
2025-04-14,Capesize,167638,Dampier,Yokohama,LNG,3860.5,599.19,101.25,24.89,Calm,1.2,2025,4,0,2
2025-05-29,Panamax,78743,Newcastle,Mumbai,Thermal Coal,6047.1,592.51,96.21,37.9,Moderate,1.0,2025,5,3,2
2024-06-30,Capesize,168336,Port Hedland,Qingdao,Iron Ore,3584.4,713.47,92.49,29.49,Stormy,5.6,2024,6,6,2
2025-08-31,Handysize,29933,Singapore,Dubai,Steel Coils,3373.6,627.94,106.81,63.13,Rough Sea,0.5,2025,8,6,3
2025-08-09,Capesize,197006,Port Hedland,Qingdao,Iron Ore,3739.2,645.66,91.75,19.7,Calm,3.5,2025,8,5,3
2026-06-28,Capesize,195229,Port Hedland,Qingdao,Iron Ore,3598.4,704.17,86.14,22.18,Calm,3.7,2026,6,6,2
2026-09-27,Capesize,190598,Tubarao,Qingdao,Iron Ore,11492.5,635.7,114.59,41.57,Calm,1.1,2026,9,6,3
2024-01-15,Suezmax,143730,Ras Tanura,Qingdao,Crude Oil,6266.8,686.3,111.94,46.5,Calm,2.1,2024,1,0,1
2024-04-04,Panamax,73353,Richards Bay,Rotterdam,Thermal Coal,6938.3,712.98,96.98,49.08,Rough Sea,0.5,2024,4,3,2
2025-09-16,VLCC,318836,Ras Tanura,Qingdao,Crude Oil,6202.8,617.55,106.99,32.12,Calm,2.6,2025,9,1,3
2026-01-23,Panamax,66441,Tubarao,Qingdao,Bauxite,10954.4,694.68,98.24,64.14,Calm,0.5,2026,1,4,1
2026-01-03,Container Post-Panamax,81382,Singapore,Dubai,Containerized Freight,3407.3,731.09,88.7,78.52,Rough Sea,1.4,2026,1,5,1
2024-12-03,Panamax,65492,Newcastle,Mumbai,Thermal Coal,5751.3,609.16,107.08,49.4,Calm,2.4,2024,12,1,4
2026-03-28,Suezmax,164862,Houston,Rotterdam,Crude Oil,4925.1,729.82,94.88,38.44,Calm,1.4,2026,3,5,1
2026-08-01,Capesize,178809,Port Hedland,Qingdao,Iron Ore,3622.9,704.41,105.55,23.71,Moderate,1.7,2026,8,5,3
2025-03-11,Capesize,164429,Tubarao,Qingdao,Iron Ore,10984.4,583.92,108.18,42.56,Rough Sea,0.6,2025,3,1,1
2024-12-21,Aframax,96003,Corpus Christi,Antwerp,Crude Oil,4830.3,608.4,88.67,50.35,Calm,4.8,2024,12,5,4
2025-05-25,Panamax,74486,Santos,Rotterdam,Grain,5388.5,561.16,110.23,44.76,Calm,0.5,2025,5,6,2
2024-01-14,Suezmax,149487,Corpus Christi,Antwerp,Refined Petroleum,4960.0,708.17,93.98,40.26,Calm,0.7,2024,1,6,1
2025-04-11,Container Post-Panamax,130421,Shanghai,Los Angeles,Containerized Freight,5529.0,609.79,75.06,78.88,Calm,3.4,2025,4,4,2
2026-01-08,Container Post-Panamax,83704,Shanghai,Los Angeles,Containerized Freight,5545.9,712.34,76.53,91.59,Calm,5.0,2026,1,3,1
2026-02-16,Suezmax,160328,Corpus Christi,Antwerp,Crude Oil,4918.1,705.3,95.22,48.3,Moderate,7.5,2026,2,0,1
2025-04-21,Suezmax,154510,Houston,Rotterdam,Crude Oil,4937.3,594.78,101.33,35.75,Calm,2.2,2025,4,0,2
2025-11-05,Capesize,191193,Port Hedland,Qingdao,Iron Ore,3635.0,655.15,106.26,35.97,Moderate,12.9,2025,11,2,4
2026-08-18,Panamax,81586,Santos,Rotterdam,Bauxite,5459.4,680.23,99.8,39.61,Calm,0.5,2026,8,1,3
2024-08-14,Suezmax,155507,Houston,Rotterdam,Crude Oil,4750.3,641.05,102.51,41.53,Calm,3.3,2024,8,2,3
2023-12-09,LNG Carrier,75565,Ras Laffan,Tokyo,LNG,6511.8,668.6,109.37,118.65,Moderate,6.9,2023,12,5,4
2024-10-07,Suezmax,154456,Ras Tanura,Singapore,Crude Oil,3766.0,633.26,113.07,37.16,Calm,0.8,2024,10,0,4
2024-12-18,Capesize,167454,Dampier,Yokohama,Iron Ore,3920.3,551.68,115.23,30.58,Moderate,8.7,2024,12,2,4
2024-02-22,Capesize,186606,Port Hedland,Qingdao,Iron Ore,3696.0,683.97,84.0,22.18,Stormy,1.8,2024,2,3,1
2025-08-19,Capesize,164123,Santos,Qingdao,Grain,11674.1,609.8,93.56,56.68,Stormy,13.1,2025,8,1,3
2023-11-07,Capesize,194860,Newcastle,Mumbai,Thermal Coal,5788.5,657.25,123.12,38.31,Rough Sea,2.4,2023,11,1,4
2026-02-05,LNG Carrier,72228,Ras Laffan,Tokyo,LNG,6442.6,714.8,103.01,108.49,Moderate,0.5,2026,2,3,1
2025-09-14,Panamax,71025,Newcastle,Mumbai,Thermal Coal,6003.5,669.21,89.13,47.1,Calm,4.2,2025,9,6,3
2025-08-19,Suezmax,156000,Corpus Christi,Antwerp,Crude Oil,4888.9,674.62,114.32,45.73,Calm,2.7,2025,8,1,3
2025-07-15,Supramax,52873,Houston,Rotterdam,Refined Petroleum,4976.4,614.35,89.29,56.41,Calm,6.3,2025,7,1,3
2025-03-07,Capesize,160220,Newcastle,Mumbai,Thermal Coal,5839.7,521.55,86.86,24.12,Stormy,3.3,2025,3,4,1
2025-01-28,Capesize,168810,Richards Bay,Rotterdam,Thermal Coal,7241.9,578.01,96.63,29.09,Rough Sea,1.5,2025,1,1,1
2024-12-01,Container Post-Panamax,102122,Shanghai,Los Angeles,Containerized Freight,5837.7,613.79,101.98,115.84,Stormy,7.9,2024,12,6,4
2024-01-26,Handysize,36884,Singapore,Dubai,Chemicals,3501.8,694.47,80.15,58.94,Moderate,0.5,2024,1,4,1
2026-04-05,Capesize,209046,Santos,Qingdao,Grain,12029.4,728.95,112.16,42.3,Calm,0.5,2026,4,6,2
2024-06-04,Container Post-Panamax,108541,Singapore,Dubai,Steel Coils,3476.0,661.15,95.77,78.01,Moderate,4.4,2024,6,1,2
2024-11-12,Capesize,198119,Newcastle,Mumbai,Thermal Coal,6063.0,596.68,108.72,23.32,Moderate,2.6,2024,11,1,4
2025-11-18,Container Post-Panamax,107866,Ningbo,Hamburg,Containerized Freight,10618.2,668.2,107.05,126.66,Calm,2.3,2025,11,1,4
2025-04-03,Suezmax,157097,Houston,Rotterdam,Refined Petroleum,4854.6,540.23,98.54,37.49,Moderate,5.5,2025,4,3,2
2026-08-27,Suezmax,143560,Ras Tanura,Singapore,Crude Oil,3641.7,645.11,86.6,31.27,Moderate,1.1,2026,8,3,3
2026-02-22,Panamax,66014,Tubarao,Qingdao,Iron Ore,10879.2,680.7,91.04,63.62,Moderate,2.6,2026,2,6,1
2025-08-10,Panamax,75616,Tubarao,Qingdao,Iron Ore,11038.1,560.85,96.87,58.86,Moderate,4.2,2025,8,6,3
2025-03-17,Panamax,78370,Santos,Rotterdam,Bauxite,5588.2,562.18,89.19,38.61,Calm,0.5,2025,3,0,1
2025-04-18,Container Post-Panamax,122903,Shanghai,Los Angeles,Containerized Freight,5532.4,564.36,104.83,92.93,Calm,6.8,2025,4,4,2
2023-10-13,LNG Carrier,72820,Dampier,Yokohama,LNG,3990.7,636.66,107.45,88.1,Calm,1.0,2023,10,4,4
2025-07-24,LNG Carrier,82132,Ras Laffan,Tokyo,LNG,6593.1,599.33,96.02,112.31,Rough Sea,0.5,2025,7,3,3
2025-09-10,LNG Carrier,88282,Dampier,Yokohama,LNG,3944.3,595.5,119.12,89.66,Moderate,2.0,2025,9,2,3
2026-05-05,Suezmax,130668,Corpus Christi,Antwerp,Refined Petroleum,4972.3,745.6,114.12,49.31,Calm,11.9,2026,5,1,2
2026-05-10,Container Post-Panamax,93224,Shanghai,Los Angeles,Containerized Freight,5655.6,705.0,97.25,89.99,Moderate,0.5,2026,5,6,2
2024-05-27,Capesize,183665,Dampier,Yokohama,Iron Ore,3963.5,724.03,98.42,25.07,Calm,4.5,2024,5,0,2
2024-08-29,VLCC,301229,Ras Tanura,Qingdao,Crude Oil,6335.8,661.18,89.05,33.25,Calm,7.5,2024,8,3,3
2025-10-27,Capesize,198333,Tubarao,Qingdao,Iron Ore,11051.0,668.76,115.02,36.83,Calm,2.1,2025,10,0,4
2024-01-24,Suezmax,150345,Ras Tanura,Qingdao,Crude Oil,6236.0,702.6,94.56,47.78,Rough Sea,1.8,2024,1,2,1
2025-12-12,LNG Carrier,79838,Dampier,Yokohama,Iron Ore,4010.9,708.62,100.99,110.54,Monsoon/Tropical Cyclone,2.2,2025,12,4,4
2026-09-29,Capesize,188383,Port Hedland,Qingdao,Iron Ore,3558.6,640.01,109.22,25.89,Moderate,3.7,2026,9,1,3
2024-08-28,Capesize,203403,Port Hedland,Qingdao,Iron Ore,3739.0,651.78,95.85,23.68,Rough Sea,3.3,2024,8,2,3
2025-08-03,Panamax,78003,Tubarao,Qingdao,Iron Ore,11498.7,613.37,103.67,69.07,Rough Sea,1.3,2025,8,6,3
2024-09-30,Suezmax,153354,Houston,Rotterdam,Chemicals,4758.1,685.59,94.07,38.9,Moderate,1.1,2024,9,0,3
2025-09-13,LNG Carrier,84281,Ras Laffan,Tokyo,LNG,6655.2,626.23,125.56,126.42,Rough Sea,4.0,2025,9,5,3
2025-10-20,Panamax,81894,Tubarao,Qingdao,Bauxite,11385.8,695.35,91.4,69.11,Moderate,5.4,2025,10,0,4
2025-11-18,Suezmax,162424,Ras Tanura,Qingdao,Crude Oil,6100.1,676.93,103.98,45.06,Moderate,0.7,2025,11,1,4
2025-06-20,VLCC,295793,Ras Tanura,Singapore,Crude Oil,3757.9,585.93,96.22,24.26,Calm,1.0,2025,6,4,2
2023-12-14,Capesize,181384,Dampier,Yokohama,Iron Ore,4000.1,677.2,92.85,26.84,Calm,8.4,2023,12,3,4
2026-02-28,Suezmax,131547,Houston,Rotterdam,Chemicals,4930.4,682.55,90.97,37.53,Calm,0.6,2026,2,5,1
2025-04-24,Panamax,72503,Santos,Rotterdam,Bauxite,5310.5,538.61,110.36,38.5,Calm,1.7,2025,4,3,2
2025-03-18,LNG Carrier,80297,Ras Laffan,Tokyo,LNG,6446.5,522.78,95.01,101.3,Calm,0.5,2025,3,1,1
2026-03-14,Panamax,79829,Richards Bay,Rotterdam,Thermal Coal,7237.8,685.74,97.22,55.0,Moderate,5.4,2026,3,5,1
2026-08-15,Capesize,165948,Newcastle,Mumbai,Thermal Coal,5810.0,687.97,98.31,25.27,Rough Sea,0.8,2026,8,5,3
2024-02-24,Suezmax,163841,Houston,Rotterdam,Refined Petroleum,4751.2,729.16,86.53,40.32,Moderate,4.1,2024,2,5,1
2023-10-17,Suezmax,150870,Ras Tanura,Singapore,Crude Oil,3816.6,669.74,118.54,52.34,Stormy,7.2,2023,10,1,4
2025-08-08,LNG Carrier,93410,Dampier,Yokohama,Iron Ore,3977.5,632.48,103.13,85.74,Calm,0.5,2025,8,4,3
2024-04-14,Handysize,26045,Singapore,Dubai,Steel Coils,3331.1,695.1,107.75,75.73,Moderate,6.7,2024,4,6,2
2026-02-14,VLCC,315022,Ras Tanura,Singapore,Crude Oil,3660.7,678.76,108.35,26.57,Calm,2.4,2026,2,5,1
2025-01-20,Container Post-Panamax,80104,Ningbo,Hamburg,Containerized Freight,10580.7,594.59,89.88,124.32,Moderate,2.7,2025,1,0,1
2025-05-02,Panamax,77359,Tubarao,Qingdao,Iron Ore,11236.0,553.02,115.08,67.48,Moderate,2.4,2025,5,4,2
2024-06-28,Container Post-Panamax,120086,Singapore,Dubai,Containerized Freight,3326.2,715.33,103.51,80.65,Moderate,2.5,2024,6,4,2
2025-05-27,Suezmax,130325,Corpus Christi,Antwerp,Crude Oil,5042.9,567.7,98.54,39.08,Moderate,3.3,2025,5,1,2
2025-08-02,Panamax,70996,Richards Bay,Rotterdam,Thermal Coal,6946.0,613.63,92.54,50.56,Moderate,2.6,2025,8,5,3
2026-07-16,Handysize,36802,Singapore,Dubai,Chemicals,3346.4,695.96,104.53,60.2,Calm,0.5,2026,7,3,3
2024-02-15,Capesize,207515,Richards Bay,Rotterdam,Thermal Coal,7122.0,697.93,114.74,31.83,Calm,1.6,2024,2,3,1
2025-07-28,Capesize,170726,Santos,Qingdao,Iron Ore,12121.4,568.33,94.96,34.92,Calm,5.3,2025,7,0,3
2026-09-08,Container Post-Panamax,90812,Shanghai,Los Angeles,Containerized Freight,5690.3,660.54,116.26,102.27,Calm,3.9,2026,9,1,3
2025-07-28,Capesize,162068,Newcastle,Mumbai,Thermal Coal,5745.0,606.36,112.66,32.11,Calm,6.5,2025,7,0,3
2024-05-14,Aframax,95543,Corpus Christi,Antwerp,Refined Petroleum,4955.3,680.84,107.22,56.24,Calm,7.3,2024,5,1,2
2026-09-18,Capesize,178904,Port Hedland,Qingdao,Iron Ore,3647.3,625.3,106.75,25.14,Calm,5.4,2026,9,4,3
2025-01-21,Suezmax,164815,Corpus Christi,Antwerp,Crude Oil,4990.7,554.18,100.1,36.44,Moderate,1.3,2025,1,1,1
2026-01-24,Container Post-Panamax,122484,Ningbo,Hamburg,Containerized Freight,10774.3,653.68,109.78,128.01,Calm,1.5,2026,1,5,1
2024-01-17,Panamax,79848,Santos,Qingdao,Iron Ore,11713.2,734.46,99.62,72.78,Moderate,2.5,2024,1,2,1
2024-02-27,LNG Carrier,83364,Dampier,Yokohama,LNG,4063.4,722.25,81.89,84.31,Moderate,1.0,2024,2,1,1
2025-05-30,Suezmax,130287,Ras Tanura,Qingdao,Crude Oil,6332.9,522.44,108.87,42.83,Calm,0.5,2025,5,4,2
2024-09-10,Container Post-Panamax,122939,Ningbo,Hamburg,Containerized Freight,10501.8,659.41,106.96,128.72,Moderate,2.4,2024,9,1,3
2026-08-08,Panamax,67252,Santos,Rotterdam,Grain,5606.5,667.49,109.85,47.63,Calm,3.1,2026,8,5,3
2024-02-24,Panamax,76833,Tubarao,Qingdao,Iron Ore,11231.7,720.07,93.74,91.26,Monsoon/Tropical Cyclone,10.5,2024,2,5,1
2026-03-06,LNG Carrier,77171,Ras Laffan,Tokyo,LNG,6720.8,679.13,108.86,118.81,Moderate,6.3,2026,3,4,1
2024-08-14,Capesize,175231,Port Hedland,Qingdao,Iron Ore,3644.7,675.62,91.75,19.21,Calm,1.9,2024,8,2,3
2024-03-09,Container Post-Panamax,84952,Shanghai,Los Angeles,Containerized Freight,5648.3,708.31,109.45,97.82,Calm,0.8,2024,3,5,1
2024-10-16,Capesize,194128,Dampier,Yokohama,Iron Ore,3988.4,637.57,92.35,21.27,Calm,1.9,2024,10,2,4
2023-10-22,Panamax,79728,Richards Bay,Rotterdam,Thermal Coal,7137.5,662.71,112.75,60.35,Rough Sea,2.9,2023,10,6,4
2025-10-30,Suezmax,141841,Ras Tanura,Singapore,Crude Oil,3736.6,679.87,117.6,44.36,Rough Sea,4.5,2025,10,3,4
2025-06-24,VLCC,313366,Ras Tanura,Qingdao,Crude Oil,6414.9,583.59,80.06,28.38,Moderate,4.1,2025,6,1,2
2026-05-26,Container Post-Panamax,85319,Ningbo,Hamburg,Containerized Freight,10555.4,682.64,86.45,124.34,Calm,0.5,2026,5,1,2
2026-08-19,Panamax,77172,Newcastle,Mumbai,Thermal Coal,5775.0,671.64,109.38,53.55,Moderate,1.9,2026,8,2,3
2025-08-16,LNG Carrier,85776,Ras Laffan,Tokyo,LNG,6605.8,596.95,112.45,104.76,Calm,1.8,2025,8,5,3
2025-11-11,Panamax,79168,Richards Bay,Rotterdam,Thermal Coal,6894.2,653.37,95.92,49.33,Calm,4.5,2025,11,1,4
2025-02-25,Panamax,81407,Santos,Qingdao,Iron Ore,12032.5,558.0,97.16,59.74,Calm,0.5,2025,2,1,1
2026-06-08,Handysize,32518,Singapore,Dubai,Chemicals,3334.4,709.86,101.9,69.8,Rough Sea,2.0,2026,6,0,2
2024-07-28,Container Post-Panamax,108442,Shanghai,Los Angeles,Containerized Freight,5771.8,687.61,84.22,94.76,Rough Sea,0.5,2024,7,6,3
2026-04-01,Aframax,104486,Corpus Christi,Antwerp,Refined Petroleum,4884.3,699.82,109.55,53.95,Calm,1.9,2026,4,2,2
2025-10-29,Panamax,69392,Tubarao,Qingdao,Iron Ore,11371.0,677.38,115.91,67.93,Calm,2.3,2025,10,2,4
2024-05-12,Capesize,199565,Port Hedland,Qingdao,Iron Ore,3746.7,722.84,80.81,17.11,Moderate,1.3,2024,5,6,2
2025-09-06,Capesize,204269,Santos,Qingdao,Grain,11916.7,625.13,104.58,45.27,Calm,7.6,2025,9,5,3
2026-05-28,Supramax,55736,Houston,Rotterdam,Chemicals,4929.6,739.27,98.8,54.91,Calm,1.1,2026,5,3,2
2026-09-28,Aframax,95281,Corpus Christi,Antwerp,Crude Oil,4887.7,631.14,110.75,47.52,Calm,0.5,2026,9,0,3
2024-02-22,Panamax,77438,Newcastle,Mumbai,Thermal Coal,6020.9,723.88,94.45,52.35,Rough Sea,1.0,2024,2,3,1
2024-09-27,Capesize,166789,Newcastle,Mumbai,Thermal Coal,5826.6,647.14,96.72,25.16,Moderate,1.2,2024,9,4,3
2026-02-02,Capesize,167849,Dampier,Yokohama,LNG,3963.3,691.47,90.9,16.73,Calm,0.5,2026,2,0,1
2025-04-12,Suezmax,156073,Houston,Rotterdam,Chemicals,4976.4,604.28,108.44,37.7,Calm,1.2,2025,4,5,2
2026-08-30,Capesize,184302,Richards Bay,Rotterdam,Thermal Coal,6917.2,634.18,123.19,39.38,Rough Sea,8.1,2026,8,6,3
2025-09-23,Suezmax,138327,Corpus Christi,Antwerp,Crude Oil,4881.6,617.1,107.16,41.8,Moderate,2.1,2025,9,1,3
2024-10-10,Supramax,53442,Santos,Rotterdam,Bauxite,5537.6,607.73,119.59,62.88,Moderate,3.6,2024,10,3,4
2025-09-13,LNG Carrier,79224,Ras Laffan,Tokyo,LNG,6404.9,628.36,111.73,108.32,Calm,1.2,2025,9,5,3
2026-05-14,Panamax,69457,Tubarao,Qingdao,Bauxite,11344.3,738.68,110.62,68.14,Calm,0.5,2026,5,3,2
2026-01-18,Aframax,82050,Corpus Christi,Antwerp,Crude Oil,4970.6,696.25,104.0,51.55,Calm,0.5,2026,1,6,1
2025-08-27,Panamax,70357,Santos,Qingdao,Grain,11475.6,608.49,104.37,64.1,Calm,1.8,2025,8,2,3
2025-11-01,Container Post-Panamax,120021,Ningbo,Hamburg,Containerized Freight,10790.9,717.16,109.99,134.13,Moderate,0.9,2025,11,5,4
2024-01-31,Suezmax,157635,Ras Tanura,Qingdao,Crude Oil,6138.0,696.27,109.71,53.32,Rough Sea,1.6,2024,1,2,1
2025-01-02,Suezmax,160000,Corpus Christi,Antwerp,Crude Oil,4885.6,600.96,103.28,36.16,Rough Sea,0.8,2025,1,3,1
2025-07-29,Container Post-Panamax,101275,Shanghai,Los Angeles,Containerized Freight,5568.5,623.67,102.53,91.33,Calm,0.8,2025,7,1,3
2025-06-09,Capesize,198159,Newcastle,Mumbai,Thermal Coal,5996.2,601.93,106.39,26.88,Calm,2.5,2025,6,0,2
2023-11-01,Container Post-Panamax,100137,Shanghai,Los Angeles,Containerized Freight,5733.0,647.09,125.71,118.58,Stormy,6.6,2023,11,2,4
2024-05-20,Aframax,100695,Houston,Rotterdam,Chemicals,4943.4,740.64,112.56,56.03,Calm,0.9,2024,5,0,2
2025-03-18,Suezmax,160028,Ras Tanura,Singapore,Crude Oil,3712.4,556.21,97.15,30.61,Calm,3.4,2025,3,1,1
2026-06-12,Panamax,65563,Richards Bay,Rotterdam,Thermal Coal,7181.7,731.08,121.57,63.66,Calm,5.5,2026,6,4,2
2025-05-03,Panamax,77914,Santos,Qingdao,Grain,11622.5,580.46,87.14,57.12,Calm,2.6,2025,5,5,2
2026-08-07,Suezmax,142660,Ras Tanura,Qingdao,Crude Oil,6230.0,711.5,89.23,57.31,Monsoon/Tropical Cyclone,4.3,2026,8,4,3
2024-02-04,Capesize,161055,Tubarao,Qingdao,Iron Ore,11290.5,688.82,99.63,53.56,Monsoon/Tropical Cyclone,7.9,2024,2,6,1
2026-04-07,Suezmax,153524,Corpus Christi,Antwerp,Refined Petroleum,4789.9,719.99,80.16,36.33,Calm,0.7,2026,4,1,2
2026-01-30,Supramax,62961,Singapore,Dubai,Steel Coils,3310.6,690.52,122.32,59.69,Moderate,9.7,2026,1,4,1
2026-01-09,Container Post-Panamax,89484,Shanghai,Los Angeles,Containerized Freight,5668.6,721.42,105.15,109.12,Stormy,2.6,2026,1,4,1
2025-10-08,Suezmax,152785,Ras Tanura,Qingdao,Crude Oil,6220.9,639.71,101.85,46.66,Moderate,4.0,2025,10,2,4
2025-01-29,Supramax,50764,Santos,Rotterdam,Bauxite,5475.0,539.16,91.3,47.67,Moderate,0.5,2025,1,2,1
2025-11-07,Panamax,70345,Santos,Rotterdam,Bauxite,5553.9,654.2,109.98,53.05,Moderate,4.4,2025,11,4,4
2026-02-01,Container Post-Panamax,114226,Ningbo,Hamburg,Containerized Freight,10437.8,676.03,113.89,125.58,Calm,0.8,2026,2,6,1
2025-10-19,Container Post-Panamax,95363,Singapore,Dubai,Containerized Freight,3487.4,654.6,101.86,71.84,Calm,1.1,2025,10,6,4
2025-06-05,Suezmax,162094,Houston,Rotterdam,Chemicals,4727.9,600.03,82.32,39.54,Stormy,3.8,2025,6,3,2
2025-04-23,LNG Carrier,85306,Ras Laffan,Tokyo,LNG,6499.4,562.23,94.55,104.16,Calm,1.8,2025,4,2,2
2025-08-16,Capesize,195297,Newcastle,Mumbai,Thermal Coal,6016.9,610.59,86.65,21.01,Calm,1.5,2025,8,5,3
2025-03-12,Suezmax,156564,Ras Tanura,Singapore,Crude Oil,3776.6,594.67,93.55,29.18,Calm,0.5,2025,3,2,1
2026-03-12,Handysize,36344,Singapore,Dubai,Containerized Freight,3341.7,673.94,109.11,66.07,Moderate,2.5,2026,3,3,1
2025-07-24,Capesize,185533,Tubarao,Qingdao,Iron Ore,11134.4,571.8,103.98,48.64,Stormy,9.8,2025,7,3,3
2025-10-21,Panamax,82770,Richards Bay,Rotterdam,Thermal Coal,7108.0,689.44,123.36,59.41,Moderate,3.4,2025,10,1,4
2024-10-28,Container Post-Panamax,102758,Singapore,Dubai,Containerized Freight,3458.9,619.02,125.57,86.66,Moderate,7.3,2024,10,0,4
2026-04-10,Container Post-Panamax,122709,Shanghai,Los Angeles,Containerized Freight,5547.9,704.2,87.8,88.39,Calm,2.4,2026,4,4,2
2024-12-17,Panamax,77597,Santos,Rotterdam,Grain,5516.9,606.86,85.45,41.62,Calm,3.7,2024,12,1,4
2024-04-19,Capesize,173941,Richards Bay,Rotterdam,Thermal Coal,7224.1,710.8,103.84,40.28,Moderate,11.4,2024,4,4,2
2023-12-27,VLCC,286400,Ras Tanura,Singapore,Crude Oil,3794.5,652.49,104.41,23.82,Calm,0.8,2023,12,2,4
2024-07-14,Capesize,176549,Port Hedland,Qingdao,Iron Ore,3758.8,684.08,105.62,24.43,Moderate,2.0,2024,7,6,3
2025-05-30,Container Post-Panamax,132582,Singapore,Dubai,Chemicals,3347.1,571.8,106.32,76.5,Rough Sea,0.7,2025,5,4,2
2025-07-15,Container Post-Panamax,97176,Shanghai,Los Angeles,Containerized Freight,5692.4,598.3,90.58,89.42,Rough Sea,1.8,2025,7,1,3
2024-07-29,Aframax,107742,Corpus Christi,Antwerp,Refined Petroleum,4994.1,676.01,104.38,53.93,Calm,2.2,2024,7,0,3
2026-07-27,Container Post-Panamax,85814,Shanghai,Los Angeles,Containerized Freight,5751.2,707.23,92.33,109.62,Stormy,2.0,2026,7,0,3
2025-09-14,Suezmax,136990,Corpus Christi,Antwerp,Refined Petroleum,5001.1,680.56,111.83,38.77,Calm,0.7,2025,9,6,3
2024-09-18,Panamax,74513,Richards Bay,Rotterdam,Thermal Coal,7018.7,640.49,115.28,50.74,Calm,2.2,2024,9,2,3
2024-10-11,Panamax,73066,Santos,Qingdao,Grain,12001.8,638.03,93.89,65.25,Moderate,2.7,2024,10,4,4
2024-03-03,Handysize,30402,Singapore,Dubai,Chemicals,3326.9,711.62,104.04,64.41,Rough Sea,0.5,2024,3,6,1
2024-04-12,VLCC,292464,Ras Tanura,Singapore,Crude Oil,3718.7,694.22,106.43,28.77,Rough Sea,0.5,2024,4,4,2
2025-12-03,Supramax,64559,Singapore,Dubai,Containerized Freight,3450.0,659.44,108.57,50.67,Calm,2.9,2025,12,2,4
2025-09-18,Panamax,68928,Richards Bay,Rotterdam,Thermal Coal,7041.4,648.47,98.21,59.84,Stormy,1.8,2025,9,3,3
2024-10-11,Suezmax,154737,Ras Tanura,Qingdao,Crude Oil,6393.1,610.33,104.61,41.53,Moderate,3.1,2024,10,4,4
2024-03-21,Container Post-Panamax,122599,Ningbo,Hamburg,Containerized Freight,10532.9,745.48,107.45,127.53,Calm,0.5,2024,3,3,1
2024-04-25,Container Post-Panamax,114892,Ningbo,Hamburg,Containerized Freight,10751.0,694.99,107.19,137.41,Moderate,5.6,2024,4,3,2
2026-04-16,Suezmax,149650,Ras Tanura,Singapore,Crude Oil,3718.5,728.5,111.84,41.96,Moderate,3.6,2026,4,3,2
2025-05-21,Panamax,71289,Santos,Qingdao,Grain,11862.4,562.96,89.77,67.32,Calm,1.9,2025,5,2,2
2024-12-02,Suezmax,164568,Ras Tanura,Singapore,Crude Oil,3713.0,615.54,100.1,35.3,Moderate,0.5,2024,12,0,4
2026-08-07,Suezmax,161857,Corpus Christi,Antwerp,Crude Oil,4911.5,683.55,109.72,49.8,Stormy,2.6,2026,8,4,3
2025-12-21,Container Post-Panamax,127515,Ningbo,Hamburg,Containerized Freight,10216.5,724.25,97.91,160.98,Stormy,12.9,2025,12,6,4
2025-07-19,Aframax,119459,Corpus Christi,Antwerp,Crude Oil,4960.5,616.53,98.05,48.15,Calm,2.8,2025,7,5,3
2025-10-25,VLCC,313952,Ras Tanura,Singapore,Crude Oil,3706.7,657.09,98.57,24.34,Calm,6.0,2025,10,5,4
2025-12-12,VLCC,286349,Ras Tanura,Singapore,Crude Oil,3781.4,663.13,98.29,22.38,Moderate,1.8,2025,12,4,4
2024-04-30,Panamax,77435,Santos,Rotterdam,Bauxite,5341.8,712.45,103.8,44.86,Calm,2.9,2024,4,1,2
2025-02-18,LNG Carrier,92588,Ras Laffan,Tokyo,LNG,6628.0,582.13,98.82,103.47,Calm,1.5,2025,2,1,1
2024-06-30,Capesize,182110,Richards Bay,Rotterdam,Thermal Coal,6901.7,708.32,94.74,36.68,Calm,8.9,2024,6,6,2
2025-03-06,VLCC,285965,Ras Tanura,Qingdao,Crude Oil,6081.4,609.96,109.52,34.34,Moderate,5.3,2025,3,3,1
2026-05-31,Panamax,66628,Richards Bay,Rotterdam,Thermal Coal,7116.8,738.96,88.57,58.17,Moderate,5.9,2026,5,6,2
2025-06-12,Panamax,72958,Santos,Rotterdam,Bauxite,5329.1,576.12,84.37,44.49,Calm,4.2,2025,6,3,2
2023-10-18,LNG Carrier,93229,Ras Laffan,Tokyo,LNG,6699.8,641.39,107.96,114.95,Calm,6.5,2023,10,2,4
2026-05-17,VLCC,305049,Ras Tanura,Qingdao,Crude Oil,6134.4,722.9,106.43,34.13,Moderate,2.9,2026,5,6,2
2026-07-05,VLCC,294017,Ras Tanura,Qingdao,Crude Oil,6213.8,692.45,104.53,30.23,Calm,1.0,2026,7,6,3
2025-05-10,Suezmax,140431,Ras Tanura,Qingdao,Crude Oil,6188.9,563.23,96.15,43.95,Rough Sea,2.1,2025,5,5,2
2024-10-21,Handysize,32683,Singapore,Dubai,Chemicals,3448.6,653.36,117.37,85.25,Monsoon/Tropical Cyclone,4.7,2024,10,0,4
2024-02-07,Panamax,68012,Santos,Qingdao,Iron Ore,12020.8,711.87,81.48,74.82,Stormy,1.8,2024,2,2,1
2024-04-19,Supramax,64537,Santos,Rotterdam,Bauxite,5533.3,691.28,104.39,64.99,Rough Sea,1.2,2024,4,4,2
2023-11-28,Aframax,118168,Houston,Rotterdam,Crude Oil,4787.2,650.76,100.86,51.29,Calm,3.3,2023,11,1,4
2026-03-03,Capesize,205625,Richards Bay,Rotterdam,Thermal Coal,6894.5,723.28,101.39,33.14,Moderate,4.7,2026,3,1,1
2024-01-13,LNG Carrier,81264,Ras Laffan,Tokyo,LNG,6720.0,748.28,121.73,119.07,Calm,5.5,2024,1,5,1
2024-10-16,LNG Carrier,83067,Dampier,Yokohama,LNG,4014.3,592.69,91.03,84.61,Moderate,0.9,2024,10,2,4
2024-01-17,Container Post-Panamax,112480,Singapore,Dubai,Chemicals,3428.4,689.32,104.69,73.85,Calm,2.0,2024,1,2,1
2023-12-26,Supramax,64011,Singapore,Dubai,Chemicals,3344.2,680.5,84.8,43.45,Moderate,3.6,2023,12,1,4
2024-08-14,Panamax,84809,Santos,Rotterdam,Bauxite,5532.9,694.41,96.66,43.29,Calm,1.4,2024,8,2,3
2026-09-25,Supramax,62846,Santos,Rotterdam,Bauxite,5539.1,641.56,106.53,78.22,Stormy,11.0,2026,9,4,3
2024-01-14,Panamax,83941,Tubarao,Qingdao,Iron Ore,11433.1,708.15,90.24,64.73,Calm,2.1,2024,1,6,1
2026-08-15,Capesize,187982,Port Hedland,Qingdao,Iron Ore,3591.4,656.73,118.23,32.33,Moderate,8.1,2026,8,5,3
2025-09-28,Container Post-Panamax,120264,Ningbo,Hamburg,Containerized Freight,10584.3,635.99,111.25,138.48,Rough Sea,0.8,2025,9,6,3
2026-03-10,Panamax,79494,Tubarao,Qingdao,Bauxite,11379.6,697.83,110.88,66.06,Moderate,1.1,2026,3,1,1
2024-03-22,LNG Carrier,86773,Ras Laffan,Tokyo,LNG,6514.8,704.39,90.3,104.67,Calm,2.6,2024,3,4,1
2026-05-10,Suezmax,130424,Ras Tanura,Singapore,Crude Oil,3819.6,741.64,104.3,40.77,Calm,3.7,2026,5,6,2
2024-08-07,VLCC,293014,Ras Tanura,Singapore,Crude Oil,3671.9,645.7,84.39,18.0,Moderate,0.5,2024,8,2,3
2025-10-10,Container Post-Panamax,96444,Ningbo,Hamburg,Containerized Freight,10808.3,596.83,109.19,123.27,Calm,0.6,2025,10,4,4
2025-07-03,VLCC,318700,Ras Tanura,Singapore,Crude Oil,3745.7,577.45,110.15,27.62,Rough Sea,2.1,2025,7,3,3
2023-11-07,Container Post-Panamax,115565,Ningbo,Hamburg,Containerized Freight,10697.2,662.55,109.66,131.88,Calm,3.2,2023,11,1,4
2024-04-24,Supramax,52479,Santos,Rotterdam,Grain,5607.5,716.68,108.32,58.37,Calm,1.5,2024,4,2,2
2023-11-09,Panamax,73575,Newcastle,Mumbai,Thermal Coal,5857.9,657.65,93.69,46.87,Calm,0.9,2023,11,3,4
2025-06-18,Supramax,63028,Houston,Rotterdam,Crude Oil,4945.4,569.63,82.93,47.86,Moderate,0.8,2025,6,2,2
2025-01-17,Capesize,174415,Newcastle,Mumbai,Thermal Coal,6057.5,575.18,100.51,25.32,Calm,1.4,2025,1,4,1
2024-09-21,Suezmax,158468,Corpus Christi,Antwerp,Refined Petroleum,4935.1,663.18,114.72,45.33,Calm,1.5,2024,9,5,3
2025-10-29,Supramax,60017,Santos,Rotterdam,Bauxite,5379.6,682.19,119.55,68.65,Rough Sea,2.5,2025,10,2,4
2026-09-21,Container Post-Panamax,93964,Ningbo,Hamburg,Containerized Freight,10691.2,664.8,99.5,154.82,Stormy,6.7,2026,9,0,3
2024-12-21,Supramax,60559,Houston,Rotterdam,Refined Petroleum,4725.6,621.97,101.92,55.67,Calm,3.3,2024,12,5,4
2025-06-30,LNG Carrier,88728,Ras Laffan,Tokyo,LNG,6379.3,577.06,105.49,101.29,Calm,2.7,2025,6,0,2
2025-08-21,Suezmax,147146,Corpus Christi,Antwerp,Refined Petroleum,4960.7,629.84,77.64,36.6,Calm,2.1,2025,8,3,3
2024-05-13,Capesize,170712,Santos,Qingdao,Iron Ore,11492.9,677.02,100.26,37.3,Moderate,1.0,2024,5,0,2
2023-11-10,Supramax,51466,Houston,Rotterdam,Refined Petroleum,4947.5,689.55,104.92,59.02,Calm,4.4,2023,11,4,4
2024-08-09,Supramax,59422,Santos,Rotterdam,Bauxite,5490.9,668.88,111.82,61.27,Calm,6.3,2024,8,4,3
2026-01-23,VLCC,283970,Ras Tanura,Qingdao,Crude Oil,6357.7,703.32,100.96,31.68,Moderate,0.5,2026,1,4,1
2023-11-01,Aframax,118013,Corpus Christi,Antwerp,Crude Oil,4851.6,697.97,104.7,51.54,Calm,0.5,2023,11,2,4
2024-09-03,Suezmax,156812,Ras Tanura,Singapore,Crude Oil,3740.1,655.42,106.67,42.95,Rough Sea,2.3,2024,9,1,3
2025-06-18,Capesize,186603,Richards Bay,Rotterdam,Thermal Coal,7229.3,584.14,108.38,31.51,Moderate,2.3,2025,6,2,2
2025-07-11,Panamax,79587,Newcastle,Mumbai,Thermal Coal,5993.8,600.49,94.55,56.49,Calm,14.3,2025,7,4,3
2024-10-28,Suezmax,130707,Houston,Rotterdam,Refined Petroleum,4741.6,625.77,111.65,43.09,Calm,2.4,2024,10,0,4
2026-01-14,LNG Carrier,85923,Ras Laffan,Tokyo,LNG,6674.2,640.39,90.64,101.25,Calm,0.5,2026,1,2,1
2024-11-05,LNG Carrier,80916,Ras Laffan,Tokyo,LNG,6672.0,602.85,93.62,112.26,Rough Sea,1.4,2024,11,1,4
2024-08-15,Suezmax,134153,Corpus Christi,Antwerp,Refined Petroleum,4791.3,651.19,94.73,38.72,Moderate,0.9,2024,8,3,3
2026-06-22,Container Post-Panamax,90135,Shanghai,Los Angeles,Containerized Freight,5713.2,728.83,95.88,93.02,Calm,2.6,2026,6,0,2
2025-03-28,Aframax,88275,Corpus Christi,Antwerp,Crude Oil,4796.3,596.49,107.8,47.48,Calm,2.1,2025,3,4,1
2025-09-28,Supramax,57252,Santos,Rotterdam,Bauxite,5590.0,652.38,110.96,58.07,Calm,0.5,2025,9,6,3
2024-10-22,Panamax,83299,Tubarao,Qingdao,Bauxite,11439.3,606.76,114.61,69.19,Moderate,4.6,2024,10,1,4
2023-11-06,Panamax,73469,Santos,Rotterdam,Bauxite,5323.0,669.75,115.44,49.59,Calm,4.9,2023,11,0,4
2024-12-16,Panamax,84374,Tubarao,Qingdao,Iron Ore,11078.9,627.79,86.82,62.1,Moderate,2.0,2024,12,0,4
2023-11-11,Aframax,93061,Corpus Christi,Antwerp,Refined Petroleum,5041.3,678.96,121.26,53.78,Calm,2.0,2023,11,5,4
2024-01-07,VLCC,284930,Ras Tanura,Qingdao,Crude Oil,6255.9,686.66,100.37,35.38,Rough Sea,0.5,2024,1,6,1
2026-08-06,Container Post-Panamax,100850,Shanghai,Los Angeles,Containerized Freight,5703.1,684.8,113.64,95.23,Calm,0.5,2026,8,3,3
2025-02-15,Capesize,165310,Port Hedland,Qingdao,Iron Ore,3751.9,570.43,110.97,22.89,Calm,0.7,2025,2,5,1
2025-09-27,Suezmax,137293,Ras Tanura,Qingdao,Crude Oil,6289.9,627.27,108.02,43.84,Moderate,0.6,2025,9,5,3
2024-11-19,Capesize,196752,Newcastle,Mumbai,Thermal Coal,6032.0,607.38,96.16,22.07,Moderate,0.7,2024,11,1,4
2025-07-15,Container Post-Panamax,112281,Ningbo,Hamburg,Containerized Freight,10300.5,580.17,104.0,127.84,Rough Sea,1.5,2025,7,1,3
2026-04-08,Capesize,201616,Dampier,Yokohama,Iron Ore,4035.8,706.33,86.34,16.67,Rough Sea,0.7,2026,4,2,2
2024-05-21,Panamax,66853,Newcastle,Mumbai,Thermal Coal,6018.6,703.34,94.44,48.81,Rough Sea,0.5,2024,5,1,2
2023-10-11,Capesize,205797,Dampier,Yokohama,Iron Ore,3866.8,719.98,104.9,22.52,Calm,1.0,2023,10,2,4
2025-06-04,Capesize,176463,Santos,Qingdao,Iron Ore,11730.1,608.51,99.32,39.29,Calm,5.0,2025,6,2,2
2026-04-22,Panamax,69868,Santos,Rotterdam,Grain,5400.6,725.85,93.86,64.66,Monsoon/Tropical Cyclone,6.7,2026,4,2,2
2026-01-09,Container Post-Panamax,89525,Ningbo,Hamburg,Containerized Freight,10802.0,706.57,79.81,141.78,Rough Sea,3.3,2026,1,4,1
2026-03-15,Supramax,59670,Santos,Rotterdam,Grain,5515.9,712.14,85.8,58.78,Moderate,3.5,2026,3,6,1
2024-04-10,Suezmax,144880,Ras Tanura,Singapore,Crude Oil,3769.6,731.87,103.98,37.97,Calm,1.9,2024,4,2,2
2026-02-14,Container Post-Panamax,121223,Ningbo,Hamburg,Containerized Freight,10291.6,742.99,99.79,126.01,Moderate,1.1,2026,2,5,1
2026-06-28,Container Post-Panamax,128293,Shanghai,Los Angeles,Containerized Freight,5795.6,692.93,99.85,99.87,Moderate,6.4,2026,6,6,2
2025-06-23,Capesize,190432,Port Hedland,Qingdao,Iron Ore,3606.2,585.94,108.88,24.39,Moderate,1.7,2025,6,0,2
2024-03-14,Panamax,75683,Santos,Rotterdam,Bauxite,5495.7,736.37,105.54,52.57,Calm,3.8,2024,3,3,1
2025-05-05,Supramax,61541,Singapore,Dubai,Steel Coils,3445.0,586.75,103.85,42.59,Moderate,0.5,2025,5,0,2
2025-11-11,Capesize,196152,Port Hedland,Qingdao,Iron Ore,3743.2,685.46,102.79,20.86,Calm,2.3,2025,11,1,4
2024-04-12,Panamax,66817,Tubarao,Qingdao,Bauxite,10892.7,707.89,92.94,68.29,Moderate,0.8,2024,4,4,2
2024-08-24,Suezmax,133550,Corpus Christi,Antwerp,Crude Oil,4908.4,661.1,82.58,36.52,Calm,0.5,2024,8,5,3
2024-03-30,Capesize,162050,Richards Bay,Rotterdam,Thermal Coal,7094.0,723.04,106.89,30.28,Calm,0.9,2024,3,5,1
2024-09-30,Supramax,57228,Santos,Rotterdam,Grain,5289.5,615.99,114.0,77.97,Monsoon/Tropical Cyclone,5.7,2024,9,0,3
2025-02-07,LNG Carrier,91557,Dampier,Yokohama,LNG,4049.4,573.84,102.47,79.58,Calm,1.7,2025,2,4,1
2024-04-06,Capesize,161600,Tubarao,Qingdao,Bauxite,11420.9,711.28,113.07,44.26,Calm,6.0,2024,4,5,2
2026-04-07,Capesize,168603,Port Hedland,Qingdao,Iron Ore,3562.3,689.65,103.17,22.34,Moderate,0.5,2026,4,1,2
2024-05-03,Suezmax,161859,Ras Tanura,Singapore,Crude Oil,3645.6,748.51,107.98,37.8,Calm,3.0,2024,5,4,2
2026-05-25,Aframax,91939,Corpus Christi,Antwerp,Crude Oil,4945.7,701.41,118.85,62.84,Rough Sea,3.6,2026,5,0,2
2025-09-15,Capesize,182104,Richards Bay,Rotterdam,Thermal Coal,6908.2,623.1,120.8,33.27,Moderate,2.7,2025,9,0,3
2024-01-10,Capesize,168909,Port Hedland,Qingdao,Iron Ore,3732.6,693.82,88.07,30.82,Calm,8.1,2024,1,2,1
2026-09-24,Panamax,71583,Richards Bay,Rotterdam,Thermal Coal,6956.4,667.27,102.87,52.31,Calm,1.9,2026,9,3,3
2025-08-17,Capesize,204457,Tubarao,Qingdao,Bauxite,11063.0,635.47,97.57,36.75,Rough Sea,2.4,2025,8,6,3
2025-07-14,Aframax,114498,Houston,Rotterdam,Chemicals,4761.7,568.88,88.58,47.14,Rough Sea,3.0,2025,7,0,3
2024-08-23,Container Post-Panamax,128814,Ningbo,Hamburg,Containerized Freight,10237.5,649.25,112.11,129.75,Moderate,1.9,2024,8,4,3
2023-10-22,Container Post-Panamax,91290,Shanghai,Los Angeles,Containerized Freight,5585.4,613.62,111.72,105.79,Stormy,3.0,2023,10,6,4
2024-12-01,Container Post-Panamax,92314,Shanghai,Los Angeles,Containerized Freight,5783.7,614.61,83.84,82.31,Calm,0.5,2024,12,6,4
2024-04-28,Capesize,196958,Port Hedland,Qingdao,Iron Ore,3753.7,752.17,75.58,19.6,Rough Sea,4.7,2024,4,6,2
2026-04-03,Panamax,83251,Richards Bay,Rotterdam,Thermal Coal,6942.9,704.33,104.95,51.92,Calm,0.5,2026,4,4,2
2026-07-09,Suezmax,145995,Houston,Rotterdam,Refined Petroleum,4763.6,700.97,101.49,37.99,Calm,2.7,2026,7,3,3
2025-09-06,Capesize,207849,Dampier,Yokohama,Iron Ore,4031.2,589.91,102.65,28.18,Rough Sea,2.9,2025,9,5,3
2024-02-19,Aframax,96204,Houston,Rotterdam,Crude Oil,4868.4,739.41,105.25,63.12,Rough Sea,7.6,2024,2,0,1
2025-11-09,Aframax,110104,Corpus Christi,Antwerp,Crude Oil,4848.0,652.8,117.02,66.49,Monsoon/Tropical Cyclone,3.7,2025,11,6,4
2024-12-17,Capesize,196351,Tubarao,Qingdao,Bauxite,11351.5,579.62,105.38,31.16,Calm,0.5,2024,12,1,4
2023-11-23,Capesize,188278,Tubarao,Qingdao,Bauxite,10933.5,658.62,104.54,35.45,Calm,2.4,2023,11,3,4
2024-01-09,Container Post-Panamax,119353,Singapore,Dubai,Containerized Freight,3436.7,658.22,96.79,76.55,Moderate,0.9,2024,1,1,1
2026-03-07,Capesize,205412,Tubarao,Qingdao,Bauxite,11070.7,730.19,109.21,35.5,Calm,0.5,2026,3,5,1
2025-05-24,Panamax,78819,Santos,Rotterdam,Grain,5424.2,570.94,89.79,43.06,Moderate,0.5,2025,5,5,2
2024-07-01,Panamax,67241,Newcastle,Mumbai,Thermal Coal,5875.6,693.25,98.44,54.43,Rough Sea,7.8,2024,7,0,3
2024-09-18,Supramax,52010,Santos,Rotterdam,Bauxite,5498.2,645.59,110.74,69.99,Stormy,2.4,2024,9,2,3
2026-04-29,Suezmax,152559,Ras Tanura,Qingdao,Crude Oil,6160.5,713.68,109.16,46.48,Moderate,0.5,2026,4,2,2
2025-10-21,Container Post-Panamax,88046,Shanghai,Los Angeles,Containerized Freight,5552.1,670.64,98.09,92.57,Rough Sea,0.5,2025,10,1,4
2025-06-19,Suezmax,131857,Corpus Christi,Antwerp,Refined Petroleum,4959.1,611.1,88.24,35.76,Calm,4.7,2025,6,3,2
2024-02-26,LNG Carrier,92875,Ras Laffan,Tokyo,LNG,6451.5,718.11,101.1,117.5,Moderate,7.1,2024,2,0,1
2025-04-19,Panamax,73186,Santos,Rotterdam,Bauxite,5508.1,579.24,87.42,42.86,Calm,1.4,2025,4,5,2
2026-06-14,Capesize,162240,Richards Bay,Rotterdam,Thermal Coal,6980.3,696.11,96.99,28.78,Calm,0.8,2026,6,6,2
2025-04-18,Panamax,79808,Santos,Qingdao,Iron Ore,11645.7,545.85,106.25,65.01,Calm,2.0,2025,4,4,2
2024-10-24,Handysize,30549,Singapore,Dubai,Steel Coils,3381.6,609.51,102.73,60.58,Calm,1.8,2024,10,3,4
2026-04-14,Supramax,51660,Houston,Rotterdam,Crude Oil,4812.3,693.81,97.87,73.75,Rough Sea,18.0,2026,4,1,2
2025-12-13,LNG Carrier,78698,Ras Laffan,Tokyo,LNG,6698.7,700.52,88.85,112.08,Moderate,0.5,2025,12,5,4
2025-08-07,Capesize,191801,Newcastle,Mumbai,Thermal Coal,6007.4,631.99,96.72,26.71,Moderate,1.0,2025,8,3,3
2024-01-01,Capesize,162221,Tubarao,Qingdao,Bauxite,11415.0,716.21,102.01,42.2,Moderate,3.9,2024,1,0,1
2026-09-01,Supramax,63330,Santos,Rotterdam,Grain,5348.1,642.61,116.05,57.6,Calm,3.5,2026,9,1,3
2024-05-31,Capesize,172213,Port Hedland,Qingdao,Iron Ore,3719.3,705.23,94.98,24.17,Moderate,2.4,2024,5,4,2
2025-04-03,Capesize,182637,Port Hedland,Qingdao,Iron Ore,3681.3,548.22,106.89,20.74,Calm,1.2,2025,4,3,2
2025-05-20,Capesize,169531,Port Hedland,Qingdao,Iron Ore,3641.1,593.03,86.59,13.3,Calm,0.5,2025,5,1,2
2026-09-02,Capesize,173494,Port Hedland,Qingdao,Iron Ore,3555.3,625.0,91.93,17.07,Calm,1.3,2026,9,2,3
2025-07-23,Supramax,52865,Houston,Rotterdam,Refined Petroleum,4981.3,575.43,102.01,53.54,Moderate,2.7,2025,7,2,3
2026-04-10,Capesize,174788,Port Hedland,Qingdao,Iron Ore,3733.9,712.1,96.11,28.25,Rough Sea,6.7,2026,4,4,2
2026-04-12,Container Post-Panamax,126666,Ningbo,Hamburg,Containerized Freight,10405.6,698.79,93.41,122.64,Calm,5.6,2026,4,6,2
2024-09-28,Suezmax,157296,Ras Tanura,Singapore,Crude Oil,3769.5,683.04,84.18,42.92,Stormy,5.4,2024,9,5,3
2025-10-22,Capesize,196744,Richards Bay,Rotterdam,Thermal Coal,6976.7,667.9,110.57,30.8,Calm,0.8,2025,10,2,4
2024-09-29,Panamax,68996,Santos,Qingdao,Iron Ore,11673.8,635.77,126.96,76.74,Moderate,5.3,2024,9,6,3
2026-07-23,Suezmax,138162,Ras Tanura,Qingdao,Crude Oil,6118.1,636.6,101.61,48.27,Rough Sea,2.2,2026,7,3,3
2024-02-26,VLCC,292220,Ras Tanura,Qingdao,Crude Oil,6400.4,707.13,103.16,29.68,Moderate,1.6,2024,2,0,1
2025-02-26,VLCC,299210,Ras Tanura,Qingdao,Crude Oil,6155.4,557.66,83.54,23.65,Rough Sea,0.9,2025,2,2,1
2025-08-18,Suezmax,141092,Houston,Rotterdam,Crude Oil,4995.2,625.73,102.15,37.82,Calm,0.5,2025,8,0,3
2026-06-06,LNG Carrier,83371,Ras Laffan,Tokyo,LNG,6607.2,689.28,98.61,109.05,Calm,0.7,2026,6,5,2
2025-11-30,Handysize,37943,Singapore,Dubai,Chemicals,3444.1,700.29,91.48,62.0,Moderate,4.9,2025,11,6,4
2026-09-15,Panamax,66698,Newcastle,Mumbai,Thermal Coal,5950.3,627.33,98.77,51.76,Rough Sea,3.0,2026,9,1,3
2025-01-06,Panamax,79342,Santos,Qingdao,Iron Ore,11816.2,541.02,90.08,82.67,Stormy,9.8,2025,1,0,1
2025-01-07,Container Post-Panamax,134084,Shanghai,Los Angeles,Containerized Freight,5803.8,574.63,96.22,93.08,Rough Sea,1.6,2025,1,1,1
2026-03-31,VLCC,291679,Ras Tanura,Qingdao,Crude Oil,6194.0,728.13,87.58,40.13,Calm,8.2,2026,3,1,1
2024-12-21,Panamax,65415,Richards Bay,Rotterdam,Thermal Coal,7238.2,590.8,74.5,47.46,Calm,8.2,2024,12,5,4
2024-05-03,Container Post-Panamax,117790,Ningbo,Hamburg,Containerized Freight,10680.7,749.88,87.63,146.01,Rough Sea,8.7,2024,5,4,2
2026-04-19,LNG Carrier,76624,Ras Laffan,Tokyo,LNG,6465.3,782.76,95.99,106.86,Calm,1.2,2026,4,6,2
2026-07-14,Panamax,73697,Santos,Qingdao,Grain,11919.9,656.29,90.73,73.32,Rough Sea,1.5,2026,7,1,3
2025-09-03,VLCC,290481,Ras Tanura,Qingdao,Crude Oil,6208.0,655.72,144.81,39.53,Moderate,3.0,2025,9,2,3
2024-11-08,Container Post-Panamax,110199,Singapore,Dubai,Containerized Freight,3358.5,670.07,105.96,77.73,Moderate,3.0,2024,11,4,4
2025-12-26,Panamax,73396,Tubarao,Qingdao,Iron Ore,11138.4,692.03,103.93,69.15,Calm,1.4,2025,12,4,4
2024-12-10,Suezmax,148179,Ras Tanura,Qingdao,Crude Oil,6147.3,573.98,101.92,44.16,Calm,8.2,2024,12,1,4
2026-04-18,Panamax,83473,Santos,Qingdao,Grain,12102.8,689.3,119.93,78.04,Moderate,4.6,2026,4,5,2
2025-01-08,Aframax,100081,Houston,Rotterdam,Crude Oil,4832.8,588.3,81.26,58.39,Stormy,4.1,2025,1,2,1
2024-01-30,Capesize,204494,Newcastle,Mumbai,Thermal Coal,6019.4,727.0,92.24,25.97,Moderate,3.1,2024,1,1,1
2023-12-15,Panamax,65984,Santos,Rotterdam,Grain,5443.2,676.86,105.91,55.5,Rough Sea,3.3,2023,12,4,4
2025-08-13,Capesize,191075,Santos,Qingdao,Grain,11551.9,605.77,95.06,38.36,Moderate,8.6,2025,8,2,3
2025-01-09,LNG Carrier,75391,Ras Laffan,Tokyo,LNG,6511.0,563.43,85.36,99.95,Moderate,1.5,2025,1,3,1
2025-05-17,Panamax,77704,Santos,Qingdao,Grain,11475.6,563.49,97.39,60.17,Calm,5.0,2025,5,5,2
2024-02-04,Aframax,116520,Houston,Rotterdam,Chemicals,4923.9,700.27,86.07,53.3,Calm,9.9,2024,2,6,1
2024-01-11,Container Post-Panamax,98407,Ningbo,Hamburg,Containerized Freight,10710.1,735.72,88.94,123.64,Calm,1.4,2024,1,3,1
2024-01-15,VLCC,319241,Ras Tanura,Singapore,Crude Oil,3701.8,695.86,108.18,30.87,Rough Sea,3.2,2024,1,0,1
2023-10-23,Panamax,84540,Richards Bay,Rotterdam,Thermal Coal,7256.8,606.71,102.08,48.22,Moderate,1.8,2023,10,0,4
2023-10-14,Aframax,84216,Corpus Christi,Antwerp,Crude Oil,4914.8,637.75,91.06,44.44,Calm,0.5,2023,10,5,4
2025-02-13,LNG Carrier,71738,Ras Laffan,Tokyo,LNG,6420.0,544.99,104.2,104.69,Moderate,0.8,2025,2,3,1
2024-05-09,VLCC,298748,Ras Tanura,Qingdao,Crude Oil,6330.4,726.53,111.03,46.33,Calm,15.0,2024,5,3,2
2025-07-12,Capesize,196573,Santos,Qingdao,Grain,11679.0,610.17,119.15,53.13,Moderate,16.7,2025,7,5,3
2025-01-31,Container Post-Panamax,107354,Shanghai,Los Angeles,Containerized Freight,5640.1,571.5,101.18,81.85,Calm,0.9,2025,1,4,1
2026-04-24,Capesize,192031,Port Hedland,Qingdao,Iron Ore,3571.6,704.33,96.64,28.42,Calm,10.0,2026,4,4,2
2024-05-20,LNG Carrier,73329,Dampier,Yokohama,Iron Ore,3893.9,763.62,106.29,108.8,Stormy,3.0,2024,5,0,2
2025-12-22,LNG Carrier,72094,Ras Laffan,Tokyo,LNG,6394.5,649.95,91.65,118.57,Stormy,1.9,2025,12,0,4
2025-12-19,Suezmax,136987,Corpus Christi,Antwerp,Crude Oil,4923.1,670.85,100.09,38.04,Calm,1.7,2025,12,4,4
2026-02-04,Container Post-Panamax,100580,Ningbo,Hamburg,Containerized Freight,10542.1,723.74,82.8,124.32,Moderate,3.0,2026,2,2,1
2025-03-06,Suezmax,134895,Corpus Christi,Antwerp,Crude Oil,4846.8,563.53,100.12,34.96,Rough Sea,0.5,2025,3,3,1
2025-12-19,Suezmax,147711,Ras Tanura,Singapore,Crude Oil,3797.3,688.98,97.13,38.64,Calm,3.6,2025,12,4,4
2024-08-10,Container Post-Panamax,83662,Ningbo,Hamburg,Containerized Freight,10667.8,652.73,97.67,125.2,Moderate,0.9,2024,8,5,3
2025-01-10,Capesize,198416,Newcastle,Mumbai,Thermal Coal,6003.7,587.3,82.06,18.58,Calm,0.6,2025,1,4,1
2024-06-19,Capesize,174501,Port Hedland,Qingdao,Iron Ore,3686.6,735.73,106.45,31.48,Rough Sea,4.7,2024,6,2,2
2023-12-30,Suezmax,145549,Corpus Christi,Antwerp,Refined Petroleum,4858.7,684.81,99.38,41.84,Moderate,3.8,2023,12,5,4
2024-07-22,Suezmax,139734,Houston,Rotterdam,Crude Oil,4829.8,671.59,113.31,43.96,Calm,0.5,2024,7,0,3
2024-06-28,Panamax,74712,Richards Bay,Rotterdam,Thermal Coal,7110.6,678.99,111.46,59.37,Moderate,3.1,2024,6,4,2
2024-02-05,Suezmax,146362,Ras Tanura,Qingdao,Crude Oil,6318.1,740.5,105.42,48.73,Calm,2.8,2024,2,0,1
2025-08-16,Suezmax,150687,Ras Tanura,Qingdao,Crude Oil,6343.9,624.61,84.02,43.18,Stormy,1.7,2025,8,5,3
2025-11-19,Aframax,117133,Corpus Christi,Antwerp,Crude Oil,5047.0,643.19,113.44,49.13,Moderate,0.7,2025,11,2,4
2026-07-12,Suezmax,143837,Corpus Christi,Antwerp,Crude Oil,5016.1,724.96,99.25,38.73,Moderate,1.0,2026,7,6,3
2024-09-21,Suezmax,143410,Houston,Rotterdam,Chemicals,4838.4,642.71,97.75,37.26,Calm,3.6,2024,9,5,3
2026-02-05,Container Post-Panamax,90814,Singapore,Dubai,Containerized Freight,3377.4,715.8,90.11,75.57,Moderate,1.7,2026,2,3,1
2025-04-14,Panamax,82433,Newcastle,Mumbai,Thermal Coal,6020.4,559.01,109.88,43.94,Calm,0.8,2025,4,0,2
2024-12-03,Capesize,207111,Richards Bay,Rotterdam,Thermal Coal,7029.4,596.08,114.69,32.62,Calm,2.2,2024,12,1,4
2024-01-14,Panamax,71278,Newcastle,Mumbai,Thermal Coal,5821.3,695.24,84.06,46.13,Moderate,1.0,2024,1,6,1
2024-07-28,Panamax,72392,Richards Bay,Rotterdam,Thermal Coal,7116.1,675.28,111.41,64.2,Rough Sea,7.6,2024,7,6,3
2025-07-20,Container Post-Panamax,88290,Shanghai,Los Angeles,Containerized Freight,5545.8,642.53,100.26,94.67,Calm,5.9,2025,7,6,3
2025-08-17,Suezmax,142629,Ras Tanura,Qingdao,Crude Oil,6238.9,603.81,96.83,40.15,Moderate,1.1,2025,8,6,3
2026-03-09,Container Post-Panamax,108250,Singapore,Dubai,Containerized Freight,3410.2,689.45,93.83,72.41,Calm,0.5,2026,3,0,1
2025-10-16,Supramax,58700,Houston,Rotterdam,Refined Petroleum,4885.1,617.04,106.91,61.65,Rough Sea,2.6,2025,10,3,4
2026-01-20,Aframax,112199,Corpus Christi,Antwerp,Crude Oil,4813.6,691.68,95.2,48.26,Calm,2.4,2026,1,1,1
2025-06-22,LNG Carrier,70778,Ras Laffan,Tokyo,LNG,6467.3,576.49,100.29,105.46,Moderate,0.9,2025,6,6,2
2025-11-15,Panamax,73282,Tubarao,Qingdao,Bauxite,11173.1,632.87,120.7,75.42,Calm,11.1,2025,11,5,4
2026-08-29,Panamax,79954,Santos,Rotterdam,Bauxite,5587.8,650.6,90.42,53.85,Stormy,6.9,2026,8,5,3
2024-06-06,Aframax,81258,Houston,Rotterdam,Chemicals,4759.7,710.76,94.84,53.75,Calm,4.6,2024,6,3,2
2025-08-08,Panamax,66122,Newcastle,Mumbai,Thermal Coal,5959.2,604.42,91.43,44.32,Calm,4.6,2025,8,4,3
2025-09-10,Capesize,173957,Newcastle,Mumbai,Thermal Coal,6005.5,629.79,104.64,30.83,Moderate,1.2,2025,9,2,3
2024-02-22,Aframax,113768,Houston,Rotterdam,Refined Petroleum,4822.7,685.64,93.19,53.31,Calm,8.9,2024,2,3,1
2026-04-07,Capesize,177582,Port Hedland,Qingdao,Iron Ore,3727.4,665.94,94.07,21.85,Moderate,3.7,2026,4,1,2
2024-01-23,VLCC,295300,Ras Tanura,Singapore,Crude Oil,3831.4,708.26,87.54,23.9,Moderate,2.6,2024,1,1,1
2025-07-09,Capesize,186078,Port Hedland,Qingdao,Iron Ore,3608.3,592.24,107.35,22.2,Moderate,5.4,2025,7,2,3
2025-04-04,Capesize,200980,Port Hedland,Qingdao,Iron Ore,3623.2,554.54,89.95,22.62,Calm,8.5,2025,4,4,2
2024-01-20,VLCC,282353,Ras Tanura,Qingdao,Crude Oil,6116.8,755.02,106.74,39.5,Rough Sea,5.6,2024,1,5,1
2025-03-13,Panamax,68516,Richards Bay,Rotterdam,Thermal Coal,7001.7,599.6,103.13,46.54,Calm,2.1,2025,3,3,1
2024-06-27,Panamax,83577,Richards Bay,Rotterdam,Thermal Coal,6890.8,723.38,98.96,64.48,Stormy,6.2,2024,6,3,2
2026-09-02,Panamax,76719,Newcastle,Mumbai,Thermal Coal,5939.2,631.75,110.56,59.17,Rough Sea,9.1,2026,9,2,3
2025-04-13,Suezmax,152815,Corpus Christi,Antwerp,Refined Petroleum,4845.7,561.67,102.3,33.29,Calm,2.3,2025,4,6,2
2025-02-06,LNG Carrier,92871,Ras Laffan,Tokyo,LNG,6564.1,590.59,80.49,97.53,Moderate,1.0,2025,2,3,1
2025-04-27,LNG Carrier,80561,Ras Laffan,Tokyo,LNG,6710.7,571.45,105.93,126.76,Stormy,6.5,2025,4,6,2
2024-10-01,Aframax,91149,Houston,Rotterdam,Chemicals,4982.9,663.29,98.38,51.18,Moderate,0.5,2024,10,1,4
2024-12-13,Capesize,194187,Port Hedland,Qingdao,Iron Ore,3613.7,613.73,94.61,17.85,Calm,2.4,2024,12,4,4
2026-07-31,Container Post-Panamax,80125,Ningbo,Hamburg,Containerized Freight,10513.6,628.61,103.16,131.13,Rough Sea,1.1,2026,7,4,3
2025-10-02,Suezmax,163950,Houston,Rotterdam,Crude Oil,4979.0,710.94,99.11,39.66,Calm,4.7,2025,10,3,4
2025-07-20,Suezmax,137102,Ras Tanura,Singapore,Crude Oil,3734.4,598.64,96.8,32.17,Moderate,0.5,2025,7,6,3
2024-08-13,Panamax,69839,Richards Bay,Rotterdam,Thermal Coal,7285.0,695.42,106.76,53.4,Calm,0.5,2024,8,1,3
2024-01-20,Container Post-Panamax,90220,Singapore,Dubai,Containerized Freight,3499.3,644.58,92.32,71.47,Calm,0.6,2024,1,5,1
2026-06-03,Panamax,68107,Richards Bay,Rotterdam,Thermal Coal,7140.7,658.01,107.67,57.51,Rough Sea,1.4,2026,6,2,2
2024-05-01,Capesize,166994,Tubarao,Qingdao,Iron Ore,11507.5,713.47,104.33,38.46,Calm,1.9,2024,5,2,2
2026-06-19,Suezmax,152858,Corpus Christi,Antwerp,Refined Petroleum,4983.9,713.9,102.39,56.44,Monsoon/Tropical Cyclone,4.3,2026,6,4,2
2025-01-06,Capesize,175448,Port Hedland,Qingdao,Iron Ore,3573.4,574.09,85.05,24.54,Moderate,10.5,2025,1,0,1
2026-04-22,VLCC,283348,Ras Tanura,Qingdao,Crude Oil,6203.4,740.56,90.85,36.57,Rough Sea,8.0,2026,4,2,2
2024-10-06,Panamax,66450,Santos,Qingdao,Iron Ore,11787.4,623.88,121.59,90.85,Stormy,3.8,2024,10,6,4
2024-08-01,Supramax,57221,Santos,Rotterdam,Grain,5388.4,678.83,97.79,59.51,Rough Sea,2.3,2024,8,3,3
2026-08-07,Container Post-Panamax,127099,Singapore,Dubai,Containerized Freight,3450.3,676.53,107.07,76.31,Calm,1.5,2026,8,4,3
2025-11-09,Capesize,174204,Dampier,Yokohama,LNG,3952.7,661.0,116.38,24.93,Moderate,2.2,2025,11,6,4
2024-02-29,VLCC,289453,Ras Tanura,Singapore,Crude Oil,3718.6,699.53,90.09,24.83,Moderate,2.4,2024,2,3,1
2026-05-31,Panamax,78295,Newcastle,Mumbai,Thermal Coal,5848.8,720.22,112.6,56.94,Calm,7.7,2026,5,6,2
2026-09-18,Capesize,187609,Tubarao,Qingdao,Iron Ore,10934.6,610.3,117.31,42.22,Moderate,6.0,2026,9,4,3
2025-04-28,Panamax,66218,Tubarao,Qingdao,Bauxite,11304.0,565.99,109.68,71.28,Moderate,5.4,2025,4,0,2
2025-07-09,Suezmax,131882,Houston,Rotterdam,Chemicals,4882.3,587.02,87.4,37.99,Rough Sea,2.5,2025,7,2,3
2026-02-22,Suezmax,150139,Houston,Rotterdam,Crude Oil,4870.8,728.41,99.01,45.2,Rough Sea,1.2,2026,2,6,1
2025-07-23,Capesize,185598,Richards Bay,Rotterdam,Thermal Coal,7122.4,598.89,95.41,25.46,Calm,0.5,2025,7,2,3
2026-07-12,Panamax,79091,Tubarao,Qingdao,Bauxite,11289.0,707.92,113.05,69.87,Calm,3.3,2026,7,6,3
2024-10-28,LNG Carrier,75450,Ras Laffan,Tokyo,LNG,6673.3,594.87,108.74,123.31,Stormy,2.3,2024,10,0,4
2024-10-31,Capesize,195339,Newcastle,Mumbai,Thermal Coal,6031.3,644.48,121.16,31.32,Moderate,3.8,2024,10,3,4
2025-03-16,Capesize,191376,Tubarao,Qingdao,Iron Ore,11352.7,559.68,92.43,29.47,Calm,0.5,2025,3,6,1
2024-07-05,Panamax,65540,Santos,Qingdao,Grain,12079.5,692.62,98.25,66.42,Calm,1.3,2024,7,4,3
2026-08-04,Capesize,164976,Dampier,Yokohama,Iron Ore,3900.7,678.35,83.52,19.57,Calm,2.1,2026,8,1,3
2025-10-01,Panamax,84818,Tubarao,Qingdao,Iron Ore,10967.1,649.3,112.43,62.98,Moderate,2.1,2025,10,2,4
2025-12-30,Container Post-Panamax,94587,Shanghai,Los Angeles,Containerized Freight,5681.1,685.48,108.48,97.04,Moderate,0.5,2025,12,1,4
2026-01-16,Container Post-Panamax,115002,Ningbo,Hamburg,Containerized Freight,10223.2,707.99,94.14,120.57,Calm,0.9,2026,1,4,1
2025-05-18,Capesize,199757,Dampier,Yokohama,Iron Ore,4024.7,615.3,105.42,24.6,Calm,9.3,2025,5,6,2
2026-09-17,Capesize,171032,Dampier,Yokohama,LNG,3989.2,648.5,107.51,27.19,Stormy,3.2,2026,9,3,3
2025-11-26,Container Post-Panamax,106965,Ningbo,Hamburg,Containerized Freight,10194.6,668.88,102.32,134.22,Rough Sea,1.8,2025,11,2,4
2024-05-02,Container Post-Panamax,111140,Shanghai,Los Angeles,Containerized Freight,5530.1,734.91,99.72,91.42,Moderate,1.0,2024,5,3,2
2026-04-22,LNG Carrier,84413,Ras Laffan,Tokyo,LNG,6489.7,707.02,103.69,109.39,Calm,0.7,2026,4,2,2
2025-05-11,LNG Carrier,79316,Ras Laffan,Tokyo,LNG,6712.4,572.54,106.22,108.6,Calm,5.1,2025,5,6,2
2025-04-21,Supramax,54882,Houston,Rotterdam,Chemicals,4805.9,533.91,109.0,46.32,Calm,3.1,2025,4,0,2
2024-08-26,Aframax,117199,Corpus Christi,Antwerp,Crude Oil,5031.2,678.78,103.72,58.64,Stormy,1.6,2024,8,0,3
2023-12-07,VLCC,309989,Ras Tanura,Singapore,Crude Oil,3777.7,738.9,117.95,34.78,Calm,4.5,2023,12,3,4
2024-03-14,Handysize,26478,Singapore,Dubai,Containerized Freight,3441.1,730.0,108.32,65.28,Moderate,2.4,2024,3,3,1
2025-07-24,Panamax,67798,Tubarao,Qingdao,Bauxite,10983.3,617.58,91.27,60.03,Calm,2.2,2025,7,3,3
2025-08-22,LNG Carrier,94368,Ras Laffan,Tokyo,LNG,6738.7,653.68,94.15,106.01,Calm,1.2,2025,8,4,3
2025-09-03,VLCC,311424,Ras Tanura,Singapore,Crude Oil,3718.4,625.12,108.2,27.91,Calm,1.8,2025,9,2,3
2026-02-15,LNG Carrier,93462,Ras Laffan,Tokyo,LNG,6546.5,690.82,112.42,109.68,Calm,1.2,2026,2,6,1
2026-09-11,Capesize,198732,Port Hedland,Qingdao,Iron Ore,3756.5,662.05,94.37,28.69,Calm,10.5,2026,9,4,3
2024-10-02,Capesize,196870,Port Hedland,Qingdao,Iron Ore,3599.3,646.43,81.75,16.25,Calm,0.5,2024,10,2,4
2026-09-03,Suezmax,147971,Ras Tanura,Qingdao,Crude Oil,6434.7,630.37,90.33,46.26,Rough Sea,5.5,2026,9,3,3
2024-12-23,Capesize,196304,Tubarao,Qingdao,Iron Ore,11474.5,613.41,90.0,52.98,Monsoon/Tropical Cyclone,10.9,2024,12,0,4
2025-02-05,Container Post-Panamax,134083,Ningbo,Hamburg,Containerized Freight,10743.1,570.33,111.59,126.72,Calm,5.2,2025,2,2,1
2026-02-13,Suezmax,152013,Ras Tanura,Singapore,Crude Oil,3688.7,709.29,84.3,45.26,Rough Sea,8.1,2026,2,4,1
2024-11-02,Handysize,36564,Singapore,Dubai,Steel Coils,3483.5,600.9,115.46,67.26,Moderate,6.8,2024,11,5,4
2025-06-22,Supramax,50356,Singapore,Dubai,Steel Coils,3357.9,596.82,85.44,41.84,Rough Sea,0.5,2025,6,6,2
2024-08-17,LNG Carrier,80597,Ras Laffan,Tokyo,LNG,6630.9,638.43,102.8,107.4,Calm,1.2,2024,8,5,3
2026-01-23,Aframax,99021,Houston,Rotterdam,Crude Oil,4809.2,707.15,88.22,46.46,Moderate,2.5,2026,1,4,1
2025-04-11,VLCC,289544,Ras Tanura,Qingdao,Crude Oil,6394.7,541.97,103.69,40.16,Rough Sea,10.7,2025,4,4,2
2024-03-03,LNG Carrier,86669,Dampier,Yokohama,LNG,4008.1,766.78,103.51,94.64,Moderate,5.7,2024,3,6,1
2024-10-06,Panamax,78441,Santos,Rotterdam,Bauxite,5379.1,641.81,116.03,59.27,Stormy,6.0,2024,10,6,4
2025-09-07,Supramax,64598,Houston,Rotterdam,Crude Oil,4804.7,608.7,113.86,52.09,Moderate,1.8,2025,9,6,3
2026-02-22,Container Post-Panamax,111957,Ningbo,Hamburg,Containerized Freight,10577.6,694.82,98.3,130.92,Moderate,4.7,2026,2,6,1
2023-12-16,Capesize,176061,Dampier,Yokohama,Iron Ore,3833.3,647.89,107.95,27.08,Moderate,1.3,2023,12,5,4
2024-08-25,VLCC,319342,Ras Tanura,Qingdao,Crude Oil,6413.5,671.2,112.38,41.25,Calm,11.7,2024,8,6,3
2024-06-12,Supramax,59395,Santos,Rotterdam,Grain,5549.8,690.02,94.64,59.23,Calm,6.0,2024,6,2,2
2025-12-29,Supramax,62211,Houston,Rotterdam,Refined Petroleum,4792.8,723.06,113.21,56.21,Calm,1.0,2025,12,0,4
2024-11-01,VLCC,301571,Ras Tanura,Singapore,Crude Oil,3734.8,639.2,104.15,24.88,Calm,1.6,2024,11,4,4
2024-08-05,Suezmax,133700,Corpus Christi,Antwerp,Crude Oil,5047.1,686.23,115.23,47.47,Moderate,10.1,2024,8,0,3
2025-06-03,Suezmax,153095,Ras Tanura,Qingdao,Crude Oil,6211.7,555.71,106.34,34.75,Calm,0.5,2025,6,1,2
2025-02-15,Supramax,50138,Santos,Rotterdam,Bauxite,5378.1,603.86,100.54,78.82,Monsoon/Tropical Cyclone,10.8,2025,2,5,1
2024-04-01,Capesize,196454,Newcastle,Mumbai,Thermal Coal,6038.5,700.05,105.37,27.84,Calm,0.5,2024,4,0,2
2025-11-21,Capesize,173502,Newcastle,Mumbai,Thermal Coal,6069.2,641.41,109.96,38.37,Rough Sea,10.7,2025,11,4,4
2024-07-18,Container Post-Panamax,129053,Shanghai,Los Angeles,Containerized Freight,5855.3,658.22,93.73,92.75,Calm,4.3,2024,7,3,3
2025-05-28,Capesize,189590,Tubarao,Qingdao,Iron Ore,11333.5,584.86,98.01,41.91,Moderate,6.8,2025,5,2,2
2024-09-29,Panamax,70412,Santos,Qingdao,Grain,11721.2,624.91,124.95,76.32,Calm,8.6,2024,9,6,3
2026-04-23,Container Post-Panamax,90150,Shanghai,Los Angeles,Containerized Freight,5695.2,684.54,94.32,93.45,Calm,6.9,2026,4,3,2
2026-01-26,Suezmax,148157,Corpus Christi,Antwerp,Crude Oil,5037.8,701.15,91.82,41.28,Moderate,1.4,2026,1,0,1
2025-05-21,Capesize,168921,Newcastle,Mumbai,Thermal Coal,5806.7,568.68,98.2,29.6,Rough Sea,1.9,2025,5,2,2
2024-02-22,Supramax,53593,Singapore,Dubai,Steel Coils,3413.7,680.6,99.07,56.1,Moderate,8.7,2024,2,3,1
2025-05-11,Panamax,73689,Newcastle,Mumbai,Thermal Coal,5844.4,578.38,106.37,42.61,Moderate,0.6,2025,5,6,2
2024-01-25,Capesize,167904,Tubarao,Qingdao,Iron Ore,11239.6,679.32,92.08,31.92,Calm,0.5,2024,1,3,1
2024-10-31,VLCC,298211,Ras Tanura,Qingdao,Crude Oil,6304.7,668.02,116.25,45.73,Stormy,4.1,2024,10,3,4
2023-10-15,VLCC,293093,Ras Tanura,Qingdao,Crude Oil,6121.0,642.08,101.23,28.5,Calm,0.5,2023,10,6,4
2024-01-18,Aframax,113073,Corpus Christi,Antwerp,Refined Petroleum,4784.2,684.53,83.51,44.7,Moderate,1.0,2024,1,3,1
2024-07-09,Container Post-Panamax,92795,Shanghai,Los Angeles,Containerized Freight,5570.7,689.93,108.04,95.34,Calm,2.5,2024,7,1,3
2026-07-28,Capesize,178559,Santos,Qingdao,Grain,11448.1,657.8,106.91,38.85,Calm,1.9,2026,7,1,3
2023-10-20,LNG Carrier,81673,Ras Laffan,Tokyo,LNG,6670.9,638.51,105.68,106.43,Calm,1.8,2023,10,4,4
2025-05-10,Capesize,173435,Port Hedland,Qingdao,Iron Ore,3754.0,525.41,100.88,24.21,Rough Sea,5.0,2025,5,5,2
2025-03-01,Container Post-Panamax,118277,Shanghai,Los Angeles,Containerized Freight,5808.8,558.22,84.72,85.46,Moderate,1.3,2025,3,5,1
2024-01-21,VLCC,282021,Ras Tanura,Singapore,Crude Oil,3801.5,681.03,109.91,27.71,Moderate,0.5,2024,1,6,1
2025-02-28,Container Post-Panamax,95730,Shanghai,Los Angeles,Containerized Freight,5835.4,566.49,80.98,85.97,Calm,1.8,2025,2,4,1
2025-06-27,Capesize,192616,Richards Bay,Rotterdam,Thermal Coal,7303.7,559.71,88.48,23.38,Moderate,0.5,2025,6,4,2
2024-11-30,Panamax,80391,Santos,Qingdao,Grain,12075.8,585.38,119.09,70.23,Calm,2.5,2024,11,5,4
2024-07-09,Container Post-Panamax,127049,Ningbo,Hamburg,Containerized Freight,10682.8,637.0,91.46,127.48,Moderate,4.3,2024,7,1,3
2025-04-22,Supramax,59394,Santos,Rotterdam,Bauxite,5579.2,544.95,109.71,53.56,Rough Sea,0.5,2025,4,1,2
2024-08-20,Suezmax,155491,Houston,Rotterdam,Refined Petroleum,4721.0,700.62,101.61,40.15,Moderate,3.3,2024,8,1,3
2025-09-17,LNG Carrier,78099,Ras Laffan,Tokyo,LNG,6709.6,652.33,99.24,110.08,Calm,5.2,2025,9,2,3
2025-05-20,Supramax,51451,Singapore,Dubai,Steel Coils,3453.0,553.89,98.83,42.83,Calm,0.9,2025,5,1,2
2026-01-01,Container Post-Panamax,93784,Ningbo,Hamburg,Containerized Freight,10546.6,713.46,98.72,125.59,Calm,1.7,2026,1,3,1
2025-02-12,Container Post-Panamax,102607,Singapore,Dubai,Chemicals,3302.4,547.65,98.72,87.97,Monsoon/Tropical Cyclone,4.9,2025,2,2,1
2025-02-13,Handysize,31422,Singapore,Dubai,Chemicals,3410.4,570.54,101.31,65.36,Stormy,3.1,2025,2,3,1
2026-08-07,Supramax,50999,Singapore,Dubai,Containerized Freight,3400.8,676.07,101.6,50.21,Moderate,1.2,2026,8,4,3
2024-07-09,Aframax,91310,Houston,Rotterdam,Refined Petroleum,4750.4,716.04,94.23,51.66,Moderate,3.5,2024,7,1,3
2024-02-07,LNG Carrier,72242,Ras Laffan,Tokyo,LNG,6578.4,688.85,85.15,106.31,Calm,1.5,2024,2,2,1
2026-04-09,Container Post-Panamax,97299,Ningbo,Hamburg,Containerized Freight,10467.1,729.86,97.97,139.95,Rough Sea,4.4,2026,4,3,2
2023-11-05,Panamax,82601,Santos,Qingdao,Iron Ore,11522.4,661.61,96.15,71.65,Calm,11.7,2023,11,6,4
2024-04-10,Suezmax,149542,Ras Tanura,Qingdao,Crude Oil,6233.4,732.87,109.45,56.09,Rough Sea,1.4,2024,4,2,2
2024-10-16,Capesize,178328,Newcastle,Mumbai,Thermal Coal,5990.5,621.62,109.99,29.25,Moderate,1.9,2024,10,2,4
2024-08-06,Capesize,177116,Dampier,Yokohama,LNG,3934.7,662.49,103.36,30.36,Stormy,3.8,2024,8,1,3
2026-02-09,Container Post-Panamax,118096,Ningbo,Hamburg,Containerized Freight,10479.0,704.2,111.48,132.06,Calm,2.7,2026,2,0,1
2025-04-10,Capesize,190606,Port Hedland,Qingdao,Iron Ore,3647.2,562.99,102.44,22.98,Moderate,3.4,2025,4,3,2
2026-09-19,Aframax,86285,Corpus Christi,Antwerp,Refined Petroleum,5063.9,612.64,102.68,52.79,Calm,5.2,2026,9,5,3
2025-07-08,Suezmax,151113,Ras Tanura,Singapore,Crude Oil,3648.5,617.41,94.91,39.28,Rough Sea,4.3,2025,7,1,3
2025-01-30,Container Post-Panamax,87891,Ningbo,Hamburg,Containerized Freight,10404.2,562.84,99.81,126.05,Moderate,7.0,2025,1,3,1
2025-10-12,Panamax,83659,Newcastle,Mumbai,Thermal Coal,5911.8,636.63,99.94,49.31,Moderate,4.4,2025,10,6,4
2026-05-20,Container Post-Panamax,132384,Ningbo,Hamburg,Containerized Freight,10292.6,695.84,95.77,118.43,Calm,0.5,2026,5,2,2
2025-02-23,Suezmax,133246,Corpus Christi,Antwerp,Crude Oil,4904.4,588.72,82.33,42.53,Stormy,6.3,2025,2,6,1
2026-04-28,Panamax,71979,Santos,Rotterdam,Grain,5288.2,724.92,101.52,45.03,Calm,0.5,2026,4,1,2
2026-02-12,Panamax,77242,Santos,Rotterdam,Grain,5551.3,744.08,94.94,45.03,Moderate,0.5,2026,2,3,1
2024-05-25,Capesize,206153,Richards Bay,Rotterdam,Thermal Coal,7300.1,715.04,104.89,39.66,Calm,6.5,2024,5,5,2
2025-07-08,Container Post-Panamax,115205,Ningbo,Hamburg,Containerized Freight,10358.4,564.23,118.07,127.73,Moderate,2.8,2025,7,1,3
2026-06-21,Aframax,101086,Corpus Christi,Antwerp,Crude Oil,4882.0,706.57,109.96,57.56,Calm,1.8,2026,6,6,2
2026-01-02,Capesize,184112,Santos,Qingdao,Iron Ore,11583.3,709.86,87.79,36.56,Moderate,3.2,2026,1,4,1
2024-04-29,Suezmax,133386,Corpus Christi,Antwerp,Crude Oil,4897.9,694.92,98.78,40.88,Moderate,1.9,2024,4,0,2
2026-02-18,Panamax,81003,Newcastle,Mumbai,Thermal Coal,5724.6,734.99,110.19,52.18,Calm,2.8,2026,2,2,1
2026-04-02,Suezmax,147058,Corpus Christi,Antwerp,Crude Oil,4829.3,713.29,122.81,50.4,Moderate,5.2,2026,4,3,2
2026-05-14,Container Post-Panamax,87595,Shanghai,Los Angeles,Containerized Freight,5625.7,689.49,103.69,92.61,Moderate,0.5,2026,5,3,2
2023-12-12,VLCC,294431,Ras Tanura,Singapore,Crude Oil,3677.2,685.5,103.55,29.91,Rough Sea,2.1,2023,12,1,4
2026-04-07,Container Post-Panamax,96134,Ningbo,Hamburg,Containerized Freight,10341.7,693.5,106.51,130.8,Calm,3.0,2026,4,1,2
2024-02-05,Container Post-Panamax,130440,Ningbo,Hamburg,Containerized Freight,10294.4,727.18,97.18,132.49,Moderate,3.9,2024,2,0,1
2025-09-07,Container Post-Panamax,129207,Shanghai,Los Angeles,Containerized Freight,5568.5,639.1,98.25,90.66,Calm,4.4,2025,9,6,3
2025-09-19,Panamax,72248,Santos,Qingdao,Grain,12136.6,620.06,108.45,74.21,Calm,4.7,2025,9,4,3
2026-06-09,VLCC,316538,Ras Tanura,Qingdao,Crude Oil,6163.8,711.79,90.41,27.72,Calm,0.7,2026,6,1,2
2025-02-15,Container Post-Panamax,95816,Ningbo,Hamburg,Containerized Freight,10273.1,508.71,69.18,117.78,Rough Sea,2.2,2025,2,5,1
2023-10-20,Aframax,96894,Houston,Rotterdam,Crude Oil,4819.2,627.12,83.84,48.09,Moderate,7.2,2023,10,4,4
2023-10-24,Supramax,59913,Houston,Rotterdam,Chemicals,4904.9,661.64,88.2,51.2,Moderate,0.5,2023,10,1,4
2025-11-18,Panamax,67057,Newcastle,Mumbai,Thermal Coal,5737.1,653.83,107.13,61.29,Monsoon/Tropical Cyclone,1.7,2025,11,1,4
2025-07-17,Panamax,83887,Newcastle,Mumbai,Thermal Coal,5973.5,598.82,101.84,40.43,Calm,0.5,2025,7,3,3
2025-04-05,Panamax,78728,Santos,Rotterdam,Bauxite,5389.1,587.08,97.95,49.46,Calm,13.9,2025,4,5,2
2024-08-29,Panamax,83819,Richards Bay,Rotterdam,Thermal Coal,7004.6,648.96,111.01,55.66,Calm,10.1,2024,8,3,3
2025-12-20,Suezmax,162885,Ras Tanura,Singapore,Crude Oil,3636.3,665.49,110.18,36.81,Moderate,1.0,2025,12,5,4
2024-07-01,Container Post-Panamax,113563,Shanghai,Los Angeles,Containerized Freight,5732.9,678.05,83.36,87.1,Calm,1.7,2024,7,0,3
2024-02-19,Aframax,95895,Corpus Christi,Antwerp,Refined Petroleum,4859.7,738.22,92.27,50.36,Calm,0.8,2024,2,0,1
2026-05-08,Capesize,193181,Richards Bay,Rotterdam,Thermal Coal,6905.4,706.8,94.39,30.87,Moderate,4.8,2026,5,4,2
2024-09-10,VLCC,287127,Ras Tanura,Qingdao,Crude Oil,6402.6,663.16,90.59,31.47,Calm,4.8,2024,9,1,3
2026-08-23,Panamax,82358,Santos,Rotterdam,Bauxite,5329.1,698.19,88.31,45.03,Calm,2.1,2026,8,6,3
2026-04-11,Container Post-Panamax,134739,Shanghai,Los Angeles,Containerized Freight,5583.0,714.39,107.37,101.53,Rough Sea,3.1,2026,4,5,2
2026-01-24,Supramax,53892,Houston,Rotterdam,Crude Oil,4756.5,694.17,113.96,55.8,Calm,0.5,2026,1,5,1
2025-09-09,Container Post-Panamax,88597,Shanghai,Los Angeles,Containerized Freight,5735.0,633.88,108.82,102.36,Moderate,7.3,2025,9,1,3
2025-01-22,LNG Carrier,78097,Ras Laffan,Tokyo,LNG,6582.3,567.15,80.81,102.17,Calm,2.6,2025,1,2,1
2025-06-11,LNG Carrier,79078,Ras Laffan,Tokyo,LNG,6650.3,616.89,91.06,102.75,Calm,0.7,2025,6,2,2
2024-10-10,Container Post-Panamax,110437,Ningbo,Hamburg,Containerized Freight,10729.6,605.25,97.67,127.43,Moderate,2.5,2024,10,3,4
2024-12-29,Aframax,81790,Houston,Rotterdam,Chemicals,4892.2,570.25,107.06,47.47,Calm,0.5,2024,12,6,4
2026-03-11,Capesize,179214,Newcastle,Mumbai,Thermal Coal,5776.0,721.0,106.68,30.59,Moderate,1.0,2026,3,2,1
2025-01-26,Panamax,82560,Richards Bay,Rotterdam,Thermal Coal,7260.5,566.41,81.78,38.82,Calm,0.5,2025,1,6,1
2025-02-01,VLCC,316108,Ras Tanura,Singapore,Crude Oil,3780.2,583.84,81.22,18.16,Moderate,2.4,2025,2,5,1
2025-07-21,Capesize,195535,Richards Bay,Rotterdam,Thermal Coal,7232.9,580.8,97.67,23.28,Calm,3.5,2025,7,0,3
2024-12-12,Panamax,84100,Richards Bay,Rotterdam,Thermal Coal,7175.7,591.65,103.07,44.31,Calm,1.2,2024,12,3,4
2025-05-27,Panamax,68136,Richards Bay,Rotterdam,Thermal Coal,7114.7,626.93,122.69,55.48,Calm,2.8,2025,5,1,2
2025-03-17,VLCC,314284,Ras Tanura,Qingdao,Crude Oil,6179.9,572.55,106.89,36.85,Rough Sea,5.3,2025,3,0,1
2025-03-30,LNG Carrier,86696,Dampier,Yokohama,LNG,3964.2,561.61,95.92,81.11,Moderate,0.6,2025,3,6,1
2024-01-10,Capesize,189296,Richards Bay,Rotterdam,Thermal Coal,7030.7,692.89,98.76,36.46,Calm,15.3,2024,1,2,1
2026-03-23,Panamax,68399,Santos,Qingdao,Grain,11999.3,751.02,100.29,70.33,Calm,0.5,2026,3,0,1
2026-04-07,Panamax,77478,Newcastle,Mumbai,Thermal Coal,6054.4,716.43,95.73,48.93,Moderate,2.2,2026,4,1,2
2024-07-15,Container Post-Panamax,86243,Ningbo,Hamburg,Containerized Freight,10644.6,679.48,98.34,132.33,Moderate,4.6,2024,7,0,3
2024-12-03,Suezmax,156685,Ras Tanura,Qingdao,Crude Oil,6385.5,602.59,80.18,37.42,Moderate,1.4,2024,12,1,4
2024-07-26,VLCC,299230,Ras Tanura,Singapore,Crude Oil,3673.4,698.73,93.65,19.87,Calm,1.3,2024,7,4,3
2026-08-25,Suezmax,163481,Corpus Christi,Antwerp,Crude Oil,4976.0,655.66,102.01,37.93,Moderate,0.9,2026,8,1,3
2025-02-16,Container Post-Panamax,104065,Shanghai,Los Angeles,Containerized Freight,5633.0,536.98,91.51,89.81,Moderate,2.4,2025,2,6,1
2024-06-22,Capesize,200151,Dampier,Yokohama,LNG,3895.5,703.35,95.38,34.72,Moderate,12.0,2024,6,5,2
2023-12-16,Supramax,59010,Santos,Rotterdam,Grain,5554.9,671.61,108.68,70.81,Rough Sea,8.0,2023,12,5,4
2024-08-11,VLCC,287512,Ras Tanura,Qingdao,Crude Oil,6401.2,662.4,108.68,32.88,Moderate,2.2,2024,8,6,3
2025-06-19,LNG Carrier,86487,Ras Laffan,Tokyo,LNG,6470.2,600.18,80.92,97.97,Calm,1.0,2025,6,3,2
2026-04-25,Suezmax,130313,Houston,Rotterdam,Refined Petroleum,4863.5,704.06,105.2,42.59,Calm,4.3,2026,4,5,2
2026-05-08,Suezmax,138038,Ras Tanura,Singapore,Crude Oil,3685.5,733.8,94.13,42.74,Moderate,2.5,2026,5,4,2
2025-09-12,Capesize,199288,Newcastle,Mumbai,Thermal Coal,5819.4,615.77,106.05,27.22,Rough Sea,0.5,2025,9,4,3
2023-12-13,Capesize,161713,Tubarao,Qingdao,Iron Ore,11268.2,625.38,91.06,35.89,Moderate,3.3,2023,12,2,4
2026-04-13,Suezmax,130570,Corpus Christi,Antwerp,Crude Oil,4849.4,714.72,103.88,42.41,Calm,4.4,2026,4,0,2
2024-07-17,Capesize,198899,Port Hedland,Qingdao,Iron Ore,3667.8,716.64,96.1,26.59,Calm,5.3,2024,7,2,3
2023-10-09,Capesize,192061,Port Hedland,Qingdao,Iron Ore,3546.6,632.62,100.9,23.72,Rough Sea,3.4,2023,10,0,4
2024-10-15,Container Post-Panamax,99610,Ningbo,Hamburg,Containerized Freight,10283.8,664.66,105.01,133.55,Calm,11.0,2024,10,1,4
2025-11-18,Suezmax,155312,Ras Tanura,Singapore,Crude Oil,3830.4,684.5,110.24,43.67,Rough Sea,3.0,2025,11,1,4
2024-04-13,Capesize,164221,Santos,Qingdao,Grain,11817.6,695.05,109.14,56.57,Calm,16.1,2024,4,5,2
2026-06-17,Capesize,162759,Dampier,Yokohama,LNG,4000.3,641.42,100.08,21.66,Moderate,1.6,2026,6,2,2
2026-07-21,Capesize,184046,Tubarao,Qingdao,Iron Ore,11154.0,710.26,98.89,48.41,Stormy,5.4,2026,7,1,3
2024-03-20,Panamax,68443,Santos,Qingdao,Grain,11858.9,704.89,104.38,71.93,Moderate,2.1,2024,3,2,1
2026-09-28,Supramax,59064,Singapore,Dubai,Steel Coils,3330.3,648.11,94.82,49.18,Moderate,5.0,2026,9,0,3
2025-06-16,Supramax,61398,Singapore,Dubai,Containerized Freight,3379.5,590.98,92.7,49.21,Rough Sea,2.8,2025,6,0,2
2024-01-04,Container Post-Panamax,91363,Shanghai,Los Angeles,Containerized Freight,5791.3,691.36,90.05,98.15,Rough Sea,2.2,2024,1,3,1
2025-04-07,LNG Carrier,89691,Ras Laffan,Tokyo,LNG,6723.4,584.85,112.52,108.88,Moderate,0.5,2025,4,0,2
2025-11-06,Capesize,196025,Richards Bay,Rotterdam,Thermal Coal,7295.2,663.61,115.05,39.49,Monsoon/Tropical Cyclone,6.2,2025,11,3,4
2025-11-24,Container Post-Panamax,96939,Ningbo,Hamburg,Containerized Freight,10736.7,704.9,107.17,129.83,Moderate,0.5,2025,11,0,4
2024-01-25,LNG Carrier,84074,Dampier,Yokohama,LNG,3990.7,710.74,106.33,88.39,Moderate,0.5,2024,1,3,1
2024-08-10,Container Post-Panamax,124308,Singapore,Dubai,Steel Coils,3334.1,670.5,117.77,78.78,Moderate,4.5,2024,8,5,3
2026-01-04,LNG Carrier,80719,Ras Laffan,Tokyo,LNG,6514.8,677.82,95.13,109.91,Moderate,2.0,2026,1,6,1
2025-09-10,Handysize,32408,Singapore,Dubai,Chemicals,3379.5,639.99,92.41,58.57,Moderate,0.5,2025,9,2,3
2024-10-31,Capesize,195797,Richards Bay,Rotterdam,Thermal Coal,7025.1,601.29,123.98,31.57,Moderate,2.6,2024,10,3,4
2025-06-01,Panamax,71941,Tubarao,Qingdao,Iron Ore,11099.8,541.34,102.62,67.15,Rough Sea,0.9,2025,6,6,2
2026-04-09,Aframax,106947,Corpus Christi,Antwerp,Refined Petroleum,4908.6,708.06,111.85,58.14,Moderate,0.7,2026,4,3,2
2023-10-26,Capesize,177918,Santos,Qingdao,Grain,11997.2,656.06,119.43,50.03,Rough Sea,6.7,2023,10,3,4
2025-11-09,Capesize,181134,Port Hedland,Qingdao,Iron Ore,3554.7,679.1,103.45,19.51,Calm,1.2,2025,11,6,4
2024-02-26,Capesize,195913,Port Hedland,Qingdao,Iron Ore,3603.8,709.47,87.8,15.99,Calm,0.9,2024,2,0,1
2024-09-25,VLCC,294996,Ras Tanura,Singapore,Crude Oil,3632.0,654.58,105.48,31.25,Moderate,4.6,2024,9,2,3
2025-03-08,Supramax,54874,Santos,Rotterdam,Grain,5426.5,553.7,99.09,54.24,Moderate,2.4,2025,3,5,1
2024-07-23,Supramax,60134,Houston,Rotterdam,Chemicals,4820.8,653.41,94.95,56.16,Moderate,5.0,2024,7,1,3
2024-11-11,Capesize,164075,Tubarao,Qingdao,Iron Ore,11181.3,611.79,108.68,41.45,Moderate,5.9,2024,11,0,4
2023-10-07,LNG Carrier,86017,Ras Laffan,Tokyo,LNG,6412.9,622.24,99.42,107.1,Moderate,0.5,2023,10,5,4
2026-03-10,Panamax,69270,Richards Bay,Rotterdam,Thermal Coal,6987.7,721.57,115.12,60.23,Rough Sea,3.2,2026,3,1,1
2026-04-07,Supramax,59198,Santos,Rotterdam,Grain,5553.1,661.75,103.8,59.58,Moderate,2.6,2026,4,1,2
2024-12-02,LNG Carrier,84438,Ras Laffan,Tokyo,LNG,6555.5,631.1,97.28,102.88,Calm,1.1,2024,12,0,4
2024-11-06,Container Post-Panamax,80695,Ningbo,Hamburg,Containerized Freight,10313.4,641.28,95.9,127.25,Moderate,0.8,2024,11,2,4
2026-09-29,Container Post-Panamax,134569,Shanghai,Los Angeles,Containerized Freight,5723.6,619.2,121.7,92.98,Moderate,2.1,2026,9,1,3
2024-03-21,VLCC,315503,Ras Tanura,Qingdao,Crude Oil,6133.8,724.2,95.43,33.69,Rough Sea,1.7,2024,3,3,1
2025-06-10,Capesize,203457,Port Hedland,Qingdao,Iron Ore,3693.0,583.73,86.21,19.94,Stormy,1.9,2025,6,1,2
2026-09-12,Capesize,180637,Port Hedland,Qingdao,Iron Ore,3701.3,643.09,124.39,31.97,Calm,12.0,2026,9,5,3
2024-10-23,LNG Carrier,87776,Dampier,Yokohama,LNG,4016.9,649.94,138.93,115.11,Stormy,5.3,2024,10,2,4
2024-05-04,Panamax,72972,Santos,Rotterdam,Bauxite,5389.4,709.37,95.33,46.71,Moderate,0.5,2024,5,5,2
2026-07-17,Aframax,117996,Corpus Christi,Antwerp,Crude Oil,5054.9,661.03,108.56,55.44,Rough Sea,3.7,2026,7,4,3
2025-05-09,Aframax,107676,Corpus Christi,Antwerp,Refined Petroleum,4881.1,595.51,127.34,64.21,Rough Sea,9.1,2025,5,4,2
2024-05-11,LNG Carrier,88583,Dampier,Yokohama,Iron Ore,4008.8,680.59,112.65,96.61,Calm,7.4,2024,5,5,2
2025-04-28,Supramax,54226,Singapore,Dubai,Chemicals,3450.0,579.28,107.43,43.81,Moderate,0.7,2025,4,0,2
2025-03-24,Container Post-Panamax,98440,Ningbo,Hamburg,Containerized Freight,10607.6,558.54,111.44,120.48,Calm,0.8,2025,3,0,1
2025-08-25,Panamax,73599,Tubarao,Qingdao,Iron Ore,10909.0,596.86,99.29,61.77,Moderate,2.7,2025,8,0,3
2024-03-21,Panamax,69494,Newcastle,Mumbai,Thermal Coal,5799.2,719.26,94.46,53.15,Moderate,5.7,2024,3,3,1
2023-12-19,Container Post-Panamax,133860,Shanghai,Los Angeles,Containerized Freight,5552.2,668.59,93.95,95.25,Calm,9.0,2023,12,1,4
2026-06-03,Capesize,176029,Santos,Qingdao,Grain,11785.4,707.04,101.01,47.15,Rough Sea,6.1,2026,6,2,2
2025-11-20,Suezmax,137803,Corpus Christi,Antwerp,Crude Oil,5030.3,647.67,108.68,43.13,Moderate,1.1,2025,11,3,4
2024-01-15,Supramax,64439,Santos,Rotterdam,Bauxite,5581.9,666.47,68.84,59.28,Monsoon/Tropical Cyclone,1.9,2024,1,0,1
2025-08-16,Container Post-Panamax,82447,Ningbo,Hamburg,Containerized Freight,10369.8,628.4,90.65,125.69,Moderate,3.0,2025,8,5,3
2024-07-29,Container Post-Panamax,115520,Ningbo,Hamburg,Containerized Freight,10658.0,725.24,85.13,125.76,Calm,0.5,2024,7,0,3
2024-09-29,Panamax,83614,Tubarao,Qingdao,Iron Ore,10865.0,659.98,97.56,61.26,Calm,2.6,2024,9,6,3
2024-08-24,Container Post-Panamax,92240,Singapore,Dubai,Chemicals,3475.7,678.05,103.16,71.3,Moderate,0.5,2024,8,5,3
2026-02-03,VLCC,299642,Ras Tanura,Qingdao,Crude Oil,6087.0,664.21,105.71,39.79,Moderate,7.0,2026,2,1,1
2024-07-23,LNG Carrier,86525,Dampier,Yokohama,LNG,4040.6,653.91,106.91,86.69,Calm,0.5,2024,7,1,3
2025-07-27,Container Post-Panamax,90069,Shanghai,Los Angeles,Containerized Freight,5835.2,611.83,83.63,85.32,Calm,3.7,2025,7,6,3
2025-07-23,Capesize,190703,Tubarao,Qingdao,Bauxite,11452.3,609.52,112.67,43.03,Moderate,7.6,2025,7,2,3
2023-10-02,Panamax,67948,Santos,Rotterdam,Grain,5338.2,621.06,103.99,48.36,Rough Sea,1.5,2023,10,0,4
2024-06-25,Capesize,165516,Newcastle,Mumbai,Thermal Coal,5923.6,687.41,101.55,26.81,Calm,0.7,2024,6,1,2
2026-02-19,Panamax,83308,Santos,Rotterdam,Grain,5395.1,704.78,88.43,47.06,Rough Sea,1.8,2026,2,3,1
2024-04-21,Suezmax,147315,Houston,Rotterdam,Chemicals,4891.8,712.83,79.11,32.81,Moderate,0.5,2024,4,6,2
2026-04-20,Panamax,71568,Tubarao,Qingdao,Iron Ore,11494.2,706.37,103.9,72.19,Rough Sea,0.5,2026,4,0,2
2025-07-29,Suezmax,132873,Ras Tanura,Singapore,Crude Oil,3815.2,574.88,118.59,40.32,Calm,3.3,2025,7,1,3
2023-12-02,Container Post-Panamax,116524,Singapore,Dubai,Steel Coils,3407.6,669.6,97.84,71.74,Calm,1.6,2023,12,5,4
2026-05-14,Supramax,56770,Santos,Rotterdam,Bauxite,5378.5,685.45,85.42,56.79,Calm,3.6,2026,5,3,2
2026-05-05,Container Post-Panamax,81462,Singapore,Dubai,Containerized Freight,3397.2,725.6,120.08,81.47,Calm,3.3,2026,5,1,2
2026-02-15,Panamax,73348,Newcastle,Mumbai,Thermal Coal,6068.7,724.76,104.16,48.62,Calm,1.1,2026,2,6,1
2026-06-01,Suezmax,162571,Houston,Rotterdam,Chemicals,4799.5,679.45,98.79,42.43,Calm,7.1,2026,6,0,2
2024-09-20,Supramax,58975,Houston,Rotterdam,Refined Petroleum,4899.3,669.44,108.16,58.98,Moderate,1.5,2024,9,4,3
2026-06-14,Panamax,84098,Newcastle,Mumbai,Thermal Coal,5756.9,684.74,98.81,59.69,Rough Sea,10.7,2026,6,6,2
2023-12-27,Supramax,53533,Santos,Rotterdam,Bauxite,5343.1,681.01,96.62,53.15,Calm,0.7,2023,12,2,4
2024-10-21,Suezmax,153490,Corpus Christi,Antwerp,Crude Oil,4975.7,612.17,116.27,47.76,Rough Sea,8.4,2024,10,0,4
2024-06-21,Supramax,60476,Houston,Rotterdam,Chemicals,4967.8,716.38,89.62,56.53,Calm,3.2,2024,6,4,2
2025-07-24,Suezmax,146155,Houston,Rotterdam,Crude Oil,4769.5,636.47,96.59,38.1,Calm,3.8,2025,7,3,3
2025-09-27,Suezmax,152491,Corpus Christi,Antwerp,Refined Petroleum,5011.9,648.0,110.71,38.82,Calm,0.5,2025,9,5,3
2024-07-16,Container Post-Panamax,118046,Ningbo,Hamburg,Containerized Freight,10485.3,660.32,104.1,123.17,Calm,0.5,2024,7,1,3
2026-01-29,Container Post-Panamax,105918,Shanghai,Los Angeles,Containerized Freight,5610.4,751.74,99.57,91.91,Calm,0.6,2026,1,3,1
2026-02-09,Container Post-Panamax,127233,Shanghai,Los Angeles,Containerized Freight,5789.3,672.74,89.68,88.66,Calm,1.8,2026,2,0,1
2025-10-12,Container Post-Panamax,112522,Ningbo,Hamburg,Containerized Freight,10623.0,614.59,104.66,138.41,Calm,15.6,2025,10,6,4
2025-11-13,Panamax,74204,Richards Bay,Rotterdam,Thermal Coal,7061.9,707.33,110.45,55.5,Calm,0.5,2025,11,3,4
2025-11-07,Capesize,170988,Port Hedland,Qingdao,Iron Ore,3742.6,636.19,109.4,21.79,Moderate,2.2,2025,11,4,4
2026-02-05,LNG Carrier,84852,Ras Laffan,Tokyo,LNG,6715.1,694.14,100.19,107.69,Calm,0.5,2026,2,3,1
2026-06-10,Panamax,80242,Santos,Rotterdam,Bauxite,5334.8,706.9,90.62,43.66,Moderate,3.4,2026,6,2,2
2024-02-22,Capesize,171323,Richards Bay,Rotterdam,Thermal Coal,7030.2,687.01,91.26,25.16,Calm,1.1,2024,2,3,1
2024-05-25,Supramax,56485,Houston,Rotterdam,Chemicals,4914.2,713.41,103.08,74.79,Rough Sea,10.3,2024,5,5,2
2025-10-14,Container Post-Panamax,97768,Shanghai,Los Angeles,Containerized Freight,5828.1,639.9,116.08,99.17,Calm,6.2,2025,10,1,4
2026-09-06,Capesize,170700,Port Hedland,Qingdao,Iron Ore,3588.4,682.74,108.37,22.75,Calm,3.0,2026,9,6,3
2025-08-21,LNG Carrier,87784,Ras Laffan,Tokyo,LNG,6583.8,599.87,96.49,100.54,Calm,0.8,2025,8,3,3
2026-06-26,Capesize,164453,Dampier,Yokohama,LNG,3873.1,722.91,87.3,22.49,Moderate,0.6,2026,6,4,2
2025-04-11,LNG Carrier,72887,Dampier,Yokohama,Iron Ore,3950.0,597.99,95.15,99.25,Monsoon/Tropical Cyclone,1.8,2025,4,4,2
2026-06-09,Aframax,104615,Corpus Christi,Antwerp,Refined Petroleum,5036.7,746.39,108.32,51.36,Calm,1.0,2026,6,1,2
2025-10-27,Capesize,160607,Tubarao,Qingdao,Iron Ore,10970.3,637.84,118.95,51.92,Moderate,13.0,2025,10,0,4
2025-04-16,Handysize,25633,Singapore,Dubai,Chemicals,3398.7,566.33,99.67,57.84,Moderate,1.5,2025,4,2,2
2025-07-11,VLCC,312423,Ras Tanura,Singapore,Crude Oil,3741.3,566.24,94.24,23.43,Stormy,1.6,2025,7,4,3
2025-02-11,LNG Carrier,90338,Ras Laffan,Tokyo,LNG,6548.5,566.63,87.03,121.57,Stormy,4.0,2025,2,1,1
2024-10-28,Capesize,180935,Port Hedland,Qingdao,Iron Ore,3663.8,619.41,116.85,27.58,Rough Sea,4.0,2024,10,0,4
2026-08-05,Panamax,81489,Santos,Qingdao,Grain,11510.6,715.16,103.99,73.17,Rough Sea,0.8,2026,8,2,3
2025-05-15,Capesize,203996,Newcastle,Mumbai,Thermal Coal,5896.3,593.04,104.08,27.56,Moderate,1.7,2025,5,3,2
2024-12-05,Aframax,119289,Corpus Christi,Antwerp,Refined Petroleum,5047.4,639.34,109.14,49.26,Calm,3.2,2024,12,3,4
2025-06-28,Container Post-Panamax,123724,Shanghai,Los Angeles,Containerized Freight,5808.2,553.48,103.62,88.63,Moderate,1.3,2025,6,5,2
2026-06-02,Capesize,163435,Dampier,Yokohama,LNG,3868.7,674.89,112.97,25.99,Moderate,0.5,2026,6,1,2
2026-02-12,Capesize,193619,Newcastle,Mumbai,Thermal Coal,5724.3,704.02,86.54,22.43,Moderate,0.5,2026,2,3,1
2026-09-18,Suezmax,161488,Houston,Rotterdam,Refined Petroleum,4894.8,631.67,115.24,46.33,Moderate,7.5,2026,9,4,3
2024-04-05,Capesize,207236,Richards Bay,Rotterdam,Thermal Coal,7294.1,717.33,94.01,40.98,Stormy,8.1,2024,4,4,2
2026-07-29,VLCC,280084,Ras Tanura,Singapore,Crude Oil,3720.4,654.95,107.87,28.35,Moderate,1.7,2026,7,2,3
2025-08-30,Panamax,65688,Santos,Rotterdam,Bauxite,5323.7,590.44,109.83,54.16,Calm,6.8,2025,8,5,3
2026-07-15,Capesize,196451,Tubarao,Qingdao,Bauxite,11358.6,658.93,102.43,38.97,Calm,4.3,2026,7,2,3
2026-06-02,Capesize,206108,Tubarao,Qingdao,Iron Ore,11174.4,710.57,93.31,38.25,Moderate,6.0,2026,6,1,2
2024-02-05,Panamax,83764,Santos,Rotterdam,Grain,5290.1,652.98,84.92,40.0,Calm,2.2,2024,2,0,1
2026-03-06,Panamax,72549,Newcastle,Mumbai,Thermal Coal,5755.1,713.69,104.24,48.43,Moderate,0.6,2026,3,4,1
2026-08-03,LNG Carrier,86071,Dampier,Yokohama,LNG,4038.5,692.16,116.44,107.53,Stormy,4.5,2026,8,0,3
2024-07-04,Suezmax,138998,Houston,Rotterdam,Chemicals,4870.9,684.08,122.79,53.63,Calm,12.9,2024,7,3,3
2026-03-30,Panamax,77044,Santos,Rotterdam,Grain,5322.5,722.32,102.75,52.85,Calm,8.3,2026,3,0,1
2024-04-23,Supramax,51330,Santos,Rotterdam,Bauxite,5320.1,728.39,100.33,59.68,Calm,4.8,2024,4,1,2
2023-10-29,Capesize,174933,Newcastle,Mumbai,Thermal Coal,6074.9,631.53,111.67,33.55,Moderate,4.5,2023,10,6,4
2026-09-24,LNG Carrier,76596,Ras Laffan,Tokyo,LNG,6533.6,610.42,118.26,118.43,Rough Sea,5.7,2026,9,3,3
2025-08-18,Container Post-Panamax,129934,Shanghai,Los Angeles,Containerized Freight,5561.1,609.6,109.28,84.8,Calm,0.8,2025,8,0,3
2026-08-23,Suezmax,152585,Ras Tanura,Qingdao,Crude Oil,6287.6,677.93,118.62,49.75,Calm,2.8,2026,8,6,3
2023-10-23,VLCC,306904,Ras Tanura,Singapore,Crude Oil,3718.5,668.16,101.16,26.54,Calm,1.8,2023,10,0,4
2024-01-06,Panamax,67786,Tubarao,Qingdao,Iron Ore,11316.0,700.51,88.99,66.37,Calm,2.9,2024,1,5,1
2026-08-19,Container Post-Panamax,131885,Shanghai,Los Angeles,Containerized Freight,5632.8,666.82,98.12,96.24,Rough Sea,1.6,2026,8,2,3
2025-06-26,Container Post-Panamax,101966,Shanghai,Los Angeles,Containerized Freight,5759.7,568.7,99.08,89.86,Rough Sea,1.0,2025,6,3,2
2025-12-06,VLCC,292817,Ras Tanura,Qingdao,Crude Oil,6063.8,726.72,108.8,36.53,Rough Sea,2.4,2025,12,5,4
2025-06-26,Panamax,67603,Tubarao,Qingdao,Iron Ore,11144.6,559.93,85.62,70.23,Moderate,11.7,2025,6,3,2
2025-02-07,Container Post-Panamax,128479,Shanghai,Los Angeles,Containerized Freight,5773.6,586.51,87.47,89.7,Calm,3.6,2025,2,4,1
2026-07-14,Supramax,51096,Houston,Rotterdam,Chemicals,4731.5,677.66,94.68,53.52,Moderate,1.6,2026,7,1,3
2025-05-22,LNG Carrier,92532,Ras Laffan,Tokyo,LNG,6546.5,549.31,87.67,100.14,Moderate,1.1,2025,5,3,2
2025-01-13,Capesize,166702,Port Hedland,Qingdao,Iron Ore,3677.9,569.89,103.48,21.82,Rough Sea,2.3,2025,1,0,1
2025-04-06,Capesize,183765,Newcastle,Mumbai,Thermal Coal,6008.4,590.55,106.1,33.23,Calm,9.1,2025,4,6,2
2024-08-01,LNG Carrier,74386,Ras Laffan,Tokyo,LNG,6457.4,694.56,87.94,106.16,Calm,3.7,2024,8,3,3
2025-02-06,Suezmax,135257,Ras Tanura,Singapore,Crude Oil,3641.9,588.65,89.82,40.28,Calm,12.2,2025,2,3,1
2025-07-13,Suezmax,137018,Ras Tanura,Qingdao,Crude Oil,6277.8,609.06,105.93,52.87,Calm,6.4,2025,7,6,3
2025-07-25,Panamax,74412,Richards Bay,Rotterdam,Thermal Coal,6983.4,602.67,79.72,44.83,Moderate,0.5,2025,7,4,3
2025-04-04,Container Post-Panamax,82527,Singapore,Dubai,Chemicals,3419.0,558.8,113.99,72.48,Calm,3.5,2025,4,4,2
2025-10-14,Capesize,172631,Dampier,Yokohama,Iron Ore,3929.4,695.29,109.12,25.18,Calm,3.5,2025,10,1,4
2024-07-21,Container Post-Panamax,128647,Singapore,Dubai,Steel Coils,3446.7,698.6,84.51,65.7,Calm,0.5,2024,7,6,3
2026-01-03,Suezmax,148446,Corpus Christi,Antwerp,Refined Petroleum,4992.8,683.77,79.08,38.6,Rough Sea,3.3,2026,1,5,1
2023-10-28,Container Post-Panamax,102744,Singapore,Dubai,Containerized Freight,3386.1,649.28,99.74,74.62,Calm,3.4,2023,10,5,4
2024-12-27,Aframax,102337,Corpus Christi,Antwerp,Crude Oil,5040.0,577.07,85.01,47.82,Rough Sea,4.0,2024,12,4,4
2026-07-11,Aframax,102905,Corpus Christi,Antwerp,Crude Oil,5056.9,711.36,118.16,55.79,Calm,4.2,2026,7,5,3
2024-09-03,Suezmax,164963,Houston,Rotterdam,Crude Oil,4846.8,648.56,112.58,40.46,Rough Sea,0.8,2024,9,1,3
2025-06-26,VLCC,298975,Ras Tanura,Qingdao,Crude Oil,6222.1,573.03,96.83,45.36,Calm,18.0,2025,6,3,2
2026-09-16,Container Post-Panamax,116920,Singapore,Dubai,Containerized Freight,3370.9,643.75,111.02,101.09,Monsoon/Tropical Cyclone,6.8,2026,9,2,3
2025-05-31,Capesize,201230,Port Hedland,Qingdao,Iron Ore,3699.9,571.01,101.19,23.0,Moderate,3.4,2025,5,5,2
2024-01-20,Supramax,51602,Santos,Rotterdam,Bauxite,5338.7,730.09,120.2,72.73,Moderate,8.8,2024,1,5,1
2026-03-25,Container Post-Panamax,128319,Shanghai,Los Angeles,Containerized Freight,5608.5,739.44,96.55,88.59,Calm,1.9,2026,3,2,1
2026-01-26,Container Post-Panamax,134939,Singapore,Dubai,Steel Coils,3464.6,677.51,107.18,75.0,Calm,3.4,2026,1,0,1
2025-04-21,LNG Carrier,73806,Ras Laffan,Tokyo,LNG,6629.0,536.12,93.08,105.04,Calm,1.5,2025,4,0,2
2025-10-23,Suezmax,133733,Ras Tanura,Qingdao,Crude Oil,6134.7,629.86,116.88,45.42,Calm,2.1,2025,10,3,4
2025-07-06,Capesize,180543,Santos,Qingdao,Iron Ore,11872.7,563.2,103.43,37.95,Moderate,4.9,2025,7,6,3
2024-11-04,VLCC,295735,Ras Tanura,Qingdao,Crude Oil,6187.1,623.42,95.54,32.96,Moderate,4.0,2024,11,0,4
2026-09-28,VLCC,317045,Ras Tanura,Singapore,Crude Oil,3633.7,621.62,118.37,35.59,Moderate,11.3,2026,9,0,3
2024-10-16,Capesize,175924,Port Hedland,Qingdao,Iron Ore,3729.0,648.56,105.07,44.2,Rough Sea,17.9,2024,10,2,4
2026-03-25,Supramax,61375,Santos,Rotterdam,Grain,5437.9,767.34,125.87,69.24,Moderate,6.1,2026,3,2,1
2024-06-28,Aframax,100884,Corpus Christi,Antwerp,Refined Petroleum,4882.8,712.97,96.44,51.72,Moderate,1.1,2024,6,4,2
2025-02-18,LNG Carrier,72639,Ras Laffan,Tokyo,LNG,6732.9,587.06,93.37,110.94,Calm,9.4,2025,2,1,1
2026-04-15,Capesize,198851,Richards Bay,Rotterdam,Thermal Coal,7034.3,721.15,106.41,28.83,Calm,0.5,2026,4,2,2
2024-12-23,Container Post-Panamax,126687,Ningbo,Hamburg,Containerized Freight,10650.4,586.46,102.43,129.3,Calm,4.4,2024,12,0,4
2023-10-18,Aframax,90366,Corpus Christi,Antwerp,Refined Petroleum,4879.5,646.56,96.05,54.6,Moderate,1.3,2023,10,2,4
2025-10-04,LNG Carrier,84056,Ras Laffan,Tokyo,LNG,6356.6,650.65,96.21,103.34,Moderate,1.1,2025,10,5,4
2024-06-16,VLCC,293880,Ras Tanura,Singapore,Crude Oil,3681.0,644.15,112.11,25.12,Calm,0.9,2024,6,6,2
2024-06-12,Container Post-Panamax,84369,Ningbo,Hamburg,Containerized Freight,10320.1,642.45,93.86,125.25,Calm,1.9,2024,6,2,2
2024-11-10,Suezmax,131971,Ras Tanura,Qingdao,Crude Oil,6313.3,607.61,104.08,46.97,Moderate,4.1,2024,11,6,4
2025-05-19,LNG Carrier,81310,Ras Laffan,Tokyo,LNG,6607.2,593.27,92.0,108.58,Moderate,4.4,2025,5,0,2
2024-04-17,Container Post-Panamax,92220,Ningbo,Hamburg,Containerized Freight,10258.0,712.59,90.43,124.0,Moderate,1.4,2024,4,2,2
2026-02-19,Container Post-Panamax,109021,Ningbo,Hamburg,Containerized Freight,10706.0,692.85,95.38,126.54,Calm,2.4,2026,2,3,1
2026-01-23,LNG Carrier,86579,Ras Laffan,Tokyo,LNG,6497.0,744.8,86.8,108.17,Moderate,1.2,2026,1,4,1
2023-10-15,Panamax,75792,Newcastle,Mumbai,Thermal Coal,5784.2,674.78,107.36,51.61,Rough Sea,1.8,2023,10,6,4
2026-05-29,Capesize,205330,Dampier,Yokohama,Iron Ore,3929.7,722.67,93.29,23.22,Calm,4.4,2026,5,4,2
2025-06-19,Suezmax,134993,Houston,Rotterdam,Chemicals,4984.1,639.49,114.46,47.62,Calm,2.3,2025,6,3,2
2026-09-15,Capesize,203628,Santos,Qingdao,Iron Ore,12044.1,683.48,116.79,48.02,Calm,10.2,2026,9,1,3
2023-11-29,Suezmax,132410,Ras Tanura,Qingdao,Crude Oil,6285.9,700.03,89.68,44.33,Moderate,2.7,2023,11,2,4
2026-02-09,Container Post-Panamax,82439,Shanghai,Los Angeles,Containerized Freight,5588.8,676.11,99.8,95.84,Moderate,2.2,2026,2,0,1
2023-12-26,Panamax,66991,Newcastle,Mumbai,Thermal Coal,6013.4,725.98,98.57,49.66,Moderate,0.5,2023,12,1,4
2025-12-12,Panamax,71080,Newcastle,Mumbai,Thermal Coal,5941.0,707.44,111.34,55.76,Calm,6.1,2025,12,4,4
2026-05-27,VLCC,290397,Ras Tanura,Qingdao,Crude Oil,6336.9,738.27,101.74,52.59,Stormy,13.0,2026,5,2,2
2025-06-29,Capesize,174974,Richards Bay,Rotterdam,Thermal Coal,7152.9,591.59,85.0,36.94,Stormy,11.2,2025,6,6,2
2024-09-15,Panamax,75080,Richards Bay,Rotterdam,Thermal Coal,7297.0,648.4,91.85,53.56,Moderate,2.4,2024,9,6,3
2025-12-09,Panamax,80268,Santos,Qingdao,Iron Ore,11970.6,689.11,100.25,75.48,Moderate,4.9,2025,12,1,4
2025-12-18,LNG Carrier,87888,Dampier,Yokohama,Iron Ore,3916.2,678.43,110.9,89.77,Moderate,2.8,2025,12,3,4
2025-09-19,Panamax,78846,Tubarao,Qingdao,Bauxite,11038.8,660.83,110.07,79.57,Calm,16.9,2025,9,4,3
2023-12-10,Container Post-Panamax,112295,Shanghai,Los Angeles,Containerized Freight,5563.3,651.88,105.9,92.95,Moderate,1.0,2023,12,6,4
2026-06-20,Capesize,185463,Port Hedland,Qingdao,Iron Ore,3563.2,703.1,100.26,27.52,Calm,3.8,2026,6,5,2
2025-08-06,Capesize,206747,Tubarao,Qingdao,Bauxite,11270.3,607.61,110.16,39.14,Moderate,0.5,2025,8,2,3
2025-08-01,Suezmax,145162,Ras Tanura,Qingdao,Crude Oil,6330.6,613.51,101.72,47.93,Moderate,5.8,2025,8,4,3
2025-04-28,Container Post-Panamax,126464,Ningbo,Hamburg,Containerized Freight,10545.3,563.65,111.12,122.82,Calm,1.4,2025,4,0,2
2024-04-07,LNG Carrier,89021,Ras Laffan,Tokyo,LNG,6545.1,695.41,104.7,108.93,Calm,1.7,2024,4,6,2
2026-03-17,Supramax,53400,Houston,Rotterdam,Chemicals,4738.3,751.61,114.87,64.74,Rough Sea,2.3,2026,3,1,1
2025-11-03,Container Post-Panamax,93023,Shanghai,Los Angeles,Containerized Freight,5556.0,646.68,115.35,96.09,Calm,6.8,2025,11,0,4
2024-08-02,Capesize,174525,Port Hedland,Qingdao,Iron Ore,3555.2,712.5,108.67,28.56,Moderate,2.0,2024,8,4,3
2026-03-19,Supramax,51543,Houston,Rotterdam,Crude Oil,4738.9,735.08,101.72,53.94,Calm,0.8,2026,3,3,1
2024-04-13,VLCC,307257,Ras Tanura,Qingdao,Crude Oil,6397.9,718.1,88.78,32.74,Rough Sea,0.5,2024,4,5,2
2026-06-07,Container Post-Panamax,119479,Shanghai,Los Angeles,Containerized Freight,5692.0,689.53,74.94,104.58,Rough Sea,18.0,2026,6,6,2
2025-05-24,LNG Carrier,70615,Dampier,Yokohama,LNG,4008.3,573.21,104.69,84.18,Moderate,2.4,2025,5,5,2
2025-12-08,Aframax,98119,Corpus Christi,Antwerp,Crude Oil,4943.8,672.9,109.86,49.97,Calm,1.2,2025,12,0,4
2026-01-08,LNG Carrier,72297,Dampier,Yokohama,Iron Ore,4024.0,703.07,100.74,91.09,Moderate,1.0,2026,1,3,1
2024-08-30,Supramax,54710,Santos,Rotterdam,Bauxite,5453.5,700.06,102.83,59.72,Calm,6.3,2024,8,4,3
2025-08-29,VLCC,310300,Ras Tanura,Qingdao,Crude Oil,6108.7,628.5,92.53,24.69,Moderate,0.6,2025,8,4,3
2023-10-13,Capesize,173549,Newcastle,Mumbai,Thermal Coal,5755.0,640.85,116.98,29.71,Moderate,2.3,2023,10,4,4
2024-06-17,Container Post-Panamax,123882,Ningbo,Hamburg,Containerized Freight,10401.7,693.63,89.07,126.98,Moderate,5.2,2024,6,0,2
2024-07-30,Capesize,196533,Dampier,Yokohama,LNG,4038.7,693.71,106.44,23.4,Calm,4.4,2024,7,1,3
2026-03-21,Container Post-Panamax,87931,Shanghai,Los Angeles,Containerized Freight,5626.0,742.2,92.76,103.12,Moderate,10.1,2026,3,5,1
2026-01-29,LNG Carrier,81609,Ras Laffan,Tokyo,LNG,6689.4,724.6,88.45,107.51,Calm,3.1,2026,1,3,1
2024-07-20,Capesize,184822,Santos,Qingdao,Grain,11686.6,715.1,90.17,38.54,Calm,5.5,2024,7,5,3
2025-07-16,Supramax,55944,Houston,Rotterdam,Chemicals,4964.0,618.94,111.4,54.16,Calm,2.0,2025,7,2,3
2024-01-29,Container Post-Panamax,96925,Shanghai,Los Angeles,Containerized Freight,5597.1,717.55,101.79,112.06,Stormy,4.3,2024,1,0,1
2023-10-17,Supramax,56067,Santos,Rotterdam,Bauxite,5400.7,643.08,97.89,60.76,Calm,9.7,2023,10,1,4
2025-10-26,VLCC,290403,Ras Tanura,Qingdao,Crude Oil,6119.6,640.91,100.41,34.67,Calm,8.8,2025,10,6,4
2026-02-08,Capesize,184474,Richards Bay,Rotterdam,Thermal Coal,6890.5,683.8,96.15,28.85,Moderate,1.8,2026,2,6,1
2024-08-20,Supramax,50111,Houston,Rotterdam,Chemicals,4949.5,684.01,109.87,65.45,Rough Sea,7.8,2024,8,1,3
2025-02-08,Capesize,202171,Port Hedland,Qingdao,Iron Ore,3570.6,608.65,99.05,19.11,Calm,0.8,2025,2,5,1
2024-02-16,Suezmax,133460,Corpus Christi,Antwerp,Crude Oil,4943.0,702.02,84.47,39.04,Moderate,0.5,2024,2,4,1
2025-03-13,Suezmax,131987,Ras Tanura,Singapore,Crude Oil,3827.8,583.2,98.5,32.52,Moderate,0.5,2025,3,3,1
2026-08-07,Container Post-Panamax,105473,Ningbo,Hamburg,Containerized Freight,10224.2,675.35,96.26,129.31,Calm,6.0,2026,8,4,3
2025-09-28,Container Post-Panamax,86526,Ningbo,Hamburg,Containerized Freight,10680.9,634.25,103.41,155.75,Monsoon/Tropical Cyclone,1.9,2025,9,6,3
2023-12-07,Capesize,186625,Tubarao,Qingdao,Bauxite,10930.8,668.32,99.76,36.29,Moderate,1.1,2023,12,3,4
2025-12-21,Capesize,190292,Santos,Qingdao,Iron Ore,11507.5,700.94,95.15,50.49,Stormy,8.7,2025,12,6,4
2025-05-27,Aframax,93106,Corpus Christi,Antwerp,Refined Petroleum,4951.2,566.32,103.7,47.02,Calm,1.8,2025,5,1,2
2024-12-18,Supramax,58334,Santos,Rotterdam,Bauxite,5556.2,600.7,104.55,57.82,Rough Sea,1.5,2024,12,2,4
2025-08-02,Supramax,61599,Santos,Rotterdam,Grain,5308.8,630.48,118.43,61.44,Moderate,3.3,2025,8,5,3
2026-01-16,Supramax,51787,Santos,Rotterdam,Bauxite,5418.3,683.22,85.14,52.83,Calm,2.5,2026,1,4,1
2025-11-27,Panamax,71453,Santos,Rotterdam,Bauxite,5393.5,695.67,104.91,66.3,Monsoon/Tropical Cyclone,8.7,2025,11,3,4
2025-09-26,Handysize,26658,Singapore,Dubai,Chemicals,3431.5,631.18,104.07,59.51,Calm,1.2,2025,9,4,3
2025-09-22,Suezmax,142030,Houston,Rotterdam,Crude Oil,4831.5,659.88,116.18,44.72,Calm,2.9,2025,9,0,3
2026-06-03,Panamax,84352,Santos,Rotterdam,Bauxite,5466.4,657.35,91.61,44.22,Moderate,1.5,2026,6,2,2
2026-03-29,Panamax,80932,Santos,Rotterdam,Bauxite,5598.3,706.07,96.12,45.3,Moderate,3.2,2026,3,6,1
2024-06-20,Capesize,189152,Richards Bay,Rotterdam,Thermal Coal,6945.0,696.02,92.66,28.14,Calm,0.9,2024,6,3,2
2024-10-31,Panamax,71074,Santos,Rotterdam,Grain,5314.8,590.59,104.02,46.3,Calm,8.3,2024,10,3,4
2024-06-04,Aframax,89353,Corpus Christi,Antwerp,Crude Oil,4867.6,741.41,106.5,59.24,Moderate,2.0,2024,6,1,2
2023-10-23,LNG Carrier,85407,Ras Laffan,Tokyo,LNG,6567.5,642.5,110.17,108.28,Moderate,0.6,2023,10,0,4
2025-12-12,LNG Carrier,92573,Ras Laffan,Tokyo,LNG,6593.7,705.54,96.75,119.18,Rough Sea,2.2,2025,12,4,4
2025-06-20,Panamax,78366,Santos,Rotterdam,Bauxite,5360.6,600.18,111.28,52.26,Moderate,10.7,2025,6,4,2
2025-04-16,Container Post-Panamax,100063,Ningbo,Hamburg,Containerized Freight,10206.0,545.93,110.8,118.6,Calm,2.1,2025,4,2,2
2024-01-04,Container Post-Panamax,95918,Shanghai,Los Angeles,Containerized Freight,5614.2,735.23,109.04,96.02,Moderate,1.2,2024,1,3,1
2026-05-28,Capesize,193715,Newcastle,Mumbai,Thermal Coal,5812.5,698.97,108.23,27.77,Calm,0.5,2026,5,3,2
2026-09-24,Container Post-Panamax,97597,Shanghai,Los Angeles,Containerized Freight,5814.0,640.38,113.42,95.87,Calm,1.0,2026,9,3,3
2024-05-22,Suezmax,151419,Ras Tanura,Singapore,Crude Oil,3706.7,690.22,117.99,46.53,Rough Sea,6.3,2024,5,2,2
2026-06-19,LNG Carrier,86000,Ras Laffan,Tokyo,LNG,6544.9,744.36,100.89,114.77,Calm,7.0,2026,6,4,2
2026-05-15,Panamax,71109,Santos,Qingdao,Iron Ore,12010.6,721.97,100.87,81.45,Calm,16.9,2026,5,4,2
2023-12-16,Capesize,196720,Santos,Qingdao,Iron Ore,11712.9,711.04,99.81,49.15,Moderate,15.2,2023,12,5,4
2026-07-23,Panamax,78038,Richards Bay,Rotterdam,Thermal Coal,6976.4,672.84,112.18,60.11,Calm,9.3,2026,7,3,3
2025-04-21,Capesize,188300,Newcastle,Mumbai,Thermal Coal,5770.8,572.41,90.26,21.15,Calm,2.8,2025,4,0,2
2025-05-30,Container Post-Panamax,114833,Ningbo,Hamburg,Containerized Freight,10474.6,575.03,97.04,120.53,Moderate,0.5,2025,5,4,2
2024-04-06,Panamax,81766,Santos,Qingdao,Grain,11881.4,731.92,97.87,68.17,Calm,6.1,2024,4,5,2
2023-10-15,Capesize,192210,Tubarao,Qingdao,Iron Ore,11127.9,609.03,126.52,39.98,Calm,2.6,2023,10,6,4
2024-09-03,Suezmax,150033,Ras Tanura,Singapore,Crude Oil,3746.6,646.9,96.28,36.46,Moderate,2.1,2024,9,1,3
2025-04-18,LNG Carrier,88302,Dampier,Yokohama,LNG,4063.0,549.9,95.59,93.13,Rough Sea,5.4,2025,4,4,2
2024-09-14,Supramax,56208,Singapore,Dubai,Steel Coils,3476.1,611.02,122.35,51.94,Calm,2.3,2024,9,5,3
2026-06-04,Suezmax,163914,Ras Tanura,Singapore,Crude Oil,3654.9,680.63,111.22,40.57,Moderate,1.2,2026,6,3,2
2024-10-08,Capesize,206483,Tubarao,Qingdao,Iron Ore,11236.4,657.78,99.13,32.6,Calm,1.1,2024,10,1,4
2024-05-30,VLCC,311907,Ras Tanura,Qingdao,Crude Oil,6254.5,691.99,111.46,39.98,Moderate,5.2,2024,5,3,2
2026-06-06,Suezmax,153618,Ras Tanura,Singapore,Crude Oil,3726.8,693.96,94.82,34.6,Moderate,1.4,2026,6,5,2
2025-04-09,Panamax,68156,Richards Bay,Rotterdam,Thermal Coal,7283.4,573.63,85.21,57.96,Stormy,5.8,2025,4,2,2
2025-08-18,VLCC,309520,Ras Tanura,Qingdao,Crude Oil,6339.6,594.87,104.74,35.05,Stormy,1.7,2025,8,0,3
2023-10-17,Capesize,197986,Port Hedland,Qingdao,Iron Ore,3681.0,670.22,107.0,31.09,Moderate,7.5,2023,10,1,4
2026-01-30,Suezmax,149278,Ras Tanura,Singapore,Crude Oil,3683.9,739.25,86.05,32.61,Moderate,0.7,2026,1,4,1
2025-05-16,Supramax,58996,Singapore,Dubai,Chemicals,3441.2,576.34,100.26,49.38,Calm,9.3,2025,5,4,2
2026-08-21,Capesize,191061,Port Hedland,Qingdao,Iron Ore,3586.0,605.25,98.33,21.69,Moderate,1.9,2026,8,4,3
2025-08-14,Panamax,65282,Tubarao,Qingdao,Iron Ore,11468.8,627.81,104.18,62.57,Calm,0.9,2025,8,3,3
2024-07-15,Container Post-Panamax,133131,Singapore,Dubai,Chemicals,3422.0,719.22,88.25,71.51,Calm,4.7,2024,7,0,3
2023-10-10,Suezmax,158567,Ras Tanura,Singapore,Crude Oil,3639.3,657.18,110.08,42.69,Moderate,6.4,2023,10,1,4
2024-03-04,Panamax,80308,Newcastle,Mumbai,Thermal Coal,6057.7,721.69,112.77,47.55,Calm,1.8,2024,3,0,1
2025-10-13,VLCC,292085,Ras Tanura,Singapore,Crude Oil,3753.6,645.06,105.52,31.97,Calm,4.5,2025,10,0,4
2024-07-04,Aframax,85530,Corpus Christi,Antwerp,Refined Petroleum,4927.1,690.87,88.46,60.13,Moderate,7.1,2024,7,3,3
2023-12-21,VLCC,280312,Ras Tanura,Qingdao,Crude Oil,6383.1,692.57,95.76,29.36,Calm,0.9,2023,12,3,4
2025-10-22,Panamax,78318,Richards Bay,Rotterdam,Thermal Coal,6948.9,672.82,72.5,48.55,Calm,8.5,2025,10,2,4
2023-12-28,VLCC,317834,Ras Tanura,Singapore,Crude Oil,3764.9,701.52,117.34,31.22,Calm,2.5,2023,12,3,4
2025-05-14,Capesize,174696,Port Hedland,Qingdao,Iron Ore,3552.6,556.38,103.63,18.37,Moderate,0.5,2025,5,2,2
2026-01-20,Suezmax,134346,Ras Tanura,Singapore,Crude Oil,3787.9,720.9,105.94,39.43,Moderate,1.6,2026,1,1,1
2024-11-14,Container Post-Panamax,133450,Ningbo,Hamburg,Containerized Freight,10439.3,648.39,110.24,121.62,Calm,0.5,2024,11,3,4
2023-11-23,Capesize,192001,Santos,Qingdao,Iron Ore,12084.6,702.58,106.37,41.08,Moderate,1.6,2023,11,3,4
2026-03-14,Capesize,199582,Santos,Qingdao,Iron Ore,12014.7,707.17,94.07,40.73,Calm,4.3,2026,3,5,1
2024-10-06,Suezmax,158897,Ras Tanura,Singapore,Crude Oil,3734.7,643.29,106.28,38.09,Calm,2.5,2024,10,6,4
2025-03-06,VLCC,303875,Ras Tanura,Qingdao,Crude Oil,6105.8,597.6,89.63,36.5,Rough Sea,7.8,2025,3,3,1
2024-05-02,VLCC,284646,Ras Tanura,Singapore,Crude Oil,3828.4,719.04,105.67,32.28,Calm,6.8,2024,5,3,2
2025-09-04,Panamax,77540,Santos,Qingdao,Iron Ore,11953.6,619.84,123.34,72.5,Calm,6.6,2025,9,3,3
2024-07-20,Capesize,184340,Santos,Qingdao,Iron Ore,11735.2,684.52,101.93,34.18,Calm,0.5,2024,7,5,3
2024-04-14,Container Post-Panamax,119110,Ningbo,Hamburg,Containerized Freight,10556.0,710.13,96.85,134.9,Rough Sea,0.5,2024,4,6,2
2024-08-26,Supramax,51024,Houston,Rotterdam,Chemicals,4891.2,653.35,108.81,63.47,Rough Sea,3.6,2024,8,0,3
2024-08-19,Handysize,26147,Singapore,Dubai,Steel Coils,3389.3,719.48,109.2,75.38,Rough Sea,5.9,2024,8,0,3
2024-12-29,Handysize,35364,Singapore,Dubai,Containerized Freight,3327.0,585.15,132.16,68.87,Calm,4.8,2024,12,6,4
2025-06-02,Suezmax,141612,Ras Tanura,Singapore,Crude Oil,3640.2,581.86,89.78,28.99,Calm,0.8,2025,6,0,2
2026-05-04,Suezmax,130011,Corpus Christi,Antwerp,Refined Petroleum,4902.3,712.19,104.75,44.11,Moderate,0.8,2026,5,0,2
2026-03-04,Capesize,161262,Port Hedland,Qingdao,Iron Ore,3589.9,688.07,116.18,36.51,Moderate,7.2,2026,3,2,1
2026-07-07,Aframax,82049,Corpus Christi,Antwerp,Crude Oil,4973.5,694.64,107.25,68.97,Moderate,14.3,2026,7,1,3
2023-11-28,Panamax,72419,Newcastle,Mumbai,Thermal Coal,5861.5,686.26,111.63,46.69,Calm,3.0,2023,11,1,4
2023-11-28,Panamax,73724,Santos,Rotterdam,Grain,5485.3,717.27,123.11,62.82,Stormy,3.9,2023,11,1,4
2023-12-22,Suezmax,156796,Ras Tanura,Singapore,Crude Oil,3829.3,746.98,112.46,41.9,Calm,1.1,2023,12,4,4
2024-12-06,Capesize,185860,Newcastle,Mumbai,Thermal Coal,5794.0,615.46,86.65,23.0,Calm,0.5,2024,12,4,4
2023-12-11,Capesize,169784,Tubarao,Qingdao,Bauxite,11381.6,664.87,99.57,32.96,Calm,0.6,2023,12,0,4
2024-05-05,Suezmax,163371,Ras Tanura,Singapore,Crude Oil,3616.8,683.81,98.08,36.84,Moderate,0.5,2024,5,6,2
2024-01-27,Capesize,191864,Newcastle,Mumbai,Thermal Coal,6043.2,719.72,99.86,27.47,Moderate,3.2,2024,1,5,1
2025-08-14,Aframax,97080,Houston,Rotterdam,Chemicals,4871.4,582.29,105.61,59.21,Moderate,5.8,2025,8,3,3
2024-05-15,Capesize,172426,Port Hedland,Qingdao,Iron Ore,3608.0,730.77,97.49,20.9,Calm,0.5,2024,5,2,2
2025-07-02,LNG Carrier,80980,Dampier,Yokohama,LNG,4018.5,577.4,106.74,85.2,Moderate,2.7,2025,7,2,3
2024-11-27,Capesize,190290,Port Hedland,Qingdao,Iron Ore,3691.9,630.83,116.13,20.16,Calm,2.3,2024,11,2,4
2024-06-24,Capesize,167071,Port Hedland,Qingdao,Iron Ore,3694.2,676.62,105.72,23.29,Rough Sea,1.0,2024,6,0,2
2025-05-12,Panamax,68106,Richards Bay,Rotterdam,Thermal Coal,7067.4,606.7,101.53,53.54,Calm,2.9,2025,5,0,2
2025-02-04,Suezmax,156240,Ras Tanura,Qingdao,Crude Oil,6419.7,556.8,80.43,32.5,Calm,1.0,2025,2,1,1
2025-11-01,Capesize,183004,Richards Bay,Rotterdam,Thermal Coal,7170.8,640.72,103.59,32.9,Rough Sea,1.9,2025,11,5,4
2025-11-15,LNG Carrier,94519,Dampier,Yokohama,Iron Ore,4016.1,643.98,103.0,84.75,Calm,0.5,2025,11,5,4
2024-03-05,Suezmax,162614,Ras Tanura,Singapore,Crude Oil,3732.8,731.85,100.23,42.05,Calm,4.7,2024,3,1,1
2026-04-14,Capesize,183527,Richards Bay,Rotterdam,Thermal Coal,7207.1,710.63,114.09,36.43,Calm,4.7,2026,4,1,2
2024-03-24,Container Post-Panamax,112270,Ningbo,Hamburg,Containerized Freight,10311.3,739.35,98.4,125.47,Calm,4.3,2024,3,6,1
2024-03-01,Panamax,68641,Tubarao,Qingdao,Bauxite,11202.1,726.78,97.98,73.79,Rough Sea,3.3,2024,3,4,1
2026-04-20,Suezmax,140066,Houston,Rotterdam,Refined Petroleum,4810.8,761.49,94.9,52.37,Stormy,5.3,2026,4,0,2
2026-06-15,VLCC,318750,Ras Tanura,Qingdao,Crude Oil,6369.7,679.44,130.71,38.08,Calm,7.7,2026,6,0,2
2024-03-26,Panamax,66177,Santos,Rotterdam,Grain,5533.0,748.66,99.38,48.09,Rough Sea,0.7,2024,3,1,1
2026-02-03,VLCC,312802,Ras Tanura,Qingdao,Crude Oil,6216.3,723.15,76.95,27.01,Calm,1.4,2026,2,1,1
2026-09-22,VLCC,310192,Ras Tanura,Qingdao,Crude Oil,6076.8,652.64,117.93,33.19,Calm,2.7,2026,9,1,3
2024-03-03,Panamax,79250,Santos,Qingdao,Iron Ore,12132.5,703.53,117.75,87.25,Moderate,8.1,2024,3,6,1
2024-12-16,Container Post-Panamax,108479,Ningbo,Hamburg,Containerized Freight,10469.5,566.12,109.56,125.52,Moderate,0.5,2024,12,0,4
2024-09-06,Capesize,203465,Dampier,Yokohama,Iron Ore,3842.7,660.09,116.36,29.12,Rough Sea,5.2,2024,9,4,3
2025-04-14,Capesize,199203,Dampier,Yokohama,LNG,3998.9,602.45,96.58,18.76,Moderate,2.6,2025,4,0,2
2026-05-25,Capesize,182559,Newcastle,Mumbai,Thermal Coal,5745.1,706.13,87.01,23.98,Moderate,1.1,2026,5,0,2
2024-06-11,Supramax,58383,Houston,Rotterdam,Refined Petroleum,4914.7,710.46,97.63,57.9,Calm,11.3,2024,6,1,2
2025-09-22,Aframax,115521,Houston,Rotterdam,Chemicals,4740.4,633.04,113.8,50.78,Calm,4.5,2025,9,0,3
2025-04-14,Aframax,85296,Corpus Christi,Antwerp,Crude Oil,5043.1,582.8,92.15,48.1,Moderate,0.5,2025,4,0,2
2024-06-22,Capesize,181752,Richards Bay,Rotterdam,Thermal Coal,7186.0,691.56,114.82,41.03,Monsoon/Tropical Cyclone,2.8,2024,6,5,2
2026-07-13,Panamax,74441,Tubarao,Qingdao,Bauxite,11227.2,709.12,97.69,64.07,Calm,1.5,2026,7,0,3
2025-06-02,Aframax,118298,Houston,Rotterdam,Chemicals,4784.6,592.5,109.7,48.8,Moderate,0.8,2025,6,0,2
2024-08-12,Capesize,199968,Santos,Qingdao,Iron Ore,11805.5,677.32,105.39,42.92,Calm,6.7,2024,8,0,3
2025-04-23,Suezmax,153497,Corpus Christi,Antwerp,Crude Oil,4971.8,576.67,90.79,30.77,Calm,0.5,2025,4,2,2
2026-01-12,VLCC,281869,Ras Tanura,Singapore,Crude Oil,3635.3,657.41,105.35,27.16,Calm,2.6,2026,1,0,1
2025-06-09,Capesize,196868,Port Hedland,Qingdao,Iron Ore,3569.7,553.17,106.77,24.03,Moderate,4.6,2025,6,0,2
2025-06-13,Aframax,92652,Corpus Christi,Antwerp,Refined Petroleum,4867.3,575.01,95.07,55.85,Stormy,3.3,2025,6,4,2
2026-01-20,Container Post-Panamax,134799,Shanghai,Los Angeles,Containerized Freight,5772.9,738.0,93.62,97.14,Rough Sea,0.6,2026,1,1,1
2023-10-19,Container Post-Panamax,123681,Ningbo,Hamburg,Containerized Freight,10551.9,629.84,95.34,119.06,Calm,2.1,2023,10,3,4
2024-08-14,Container Post-Panamax,104144,Shanghai,Los Angeles,Containerized Freight,5639.9,689.04,110.58,95.98,Moderate,2.7,2024,8,2,3
2025-07-15,Panamax,79684,Santos,Qingdao,Grain,11707.3,571.57,104.99,61.94,Calm,0.5,2025,7,1,3
2024-05-24,Container Post-Panamax,85656,Shanghai,Los Angeles,Containerized Freight,5720.4,718.95,93.84,91.48,Moderate,0.5,2024,5,4,2
2024-11-26,Suezmax,135909,Ras Tanura,Qingdao,Crude Oil,6349.6,608.0,112.61,47.42,Moderate,1.5,2024,11,1,4
2025-06-14,Container Post-Panamax,86461,Shanghai,Los Angeles,Containerized Freight,5605.4,506.73,93.83,85.28,Rough Sea,0.5,2025,6,5,2
2024-06-12,Capesize,194694,Dampier,Yokohama,LNG,3904.9,678.87,90.2,23.49,Monsoon/Tropical Cyclone,1.9,2024,6,2,2
2024-12-27,Container Post-Panamax,133839,Shanghai,Los Angeles,Containerized Freight,5573.0,591.15,121.6,90.7,Calm,2.7,2024,12,4,4
2025-08-09,LNG Carrier,77015,Ras Laffan,Tokyo,LNG,6721.9,609.91,113.75,110.95,Calm,0.7,2025,8,5,3
2025-08-03,Capesize,194282,Port Hedland,Qingdao,Iron Ore,3649.1,596.35,106.18,16.22,Calm,1.3,2025,8,6,3
2024-06-30,Capesize,179699,Richards Bay,Rotterdam,Thermal Coal,6956.1,702.3,102.76,32.89,Calm,3.7,2024,6,6,2
2026-03-03,Panamax,66711,Newcastle,Mumbai,Thermal Coal,5962.0,696.59,105.49,54.97,Rough Sea,2.2,2026,3,1,1
2024-12-09,Supramax,58377,Houston,Rotterdam,Crude Oil,4717.2,607.73,101.46,61.19,Rough Sea,5.7,2024,12,0,4
2024-01-11,Panamax,73416,Santos,Rotterdam,Bauxite,5485.7,653.01,107.78,48.45,Rough Sea,0.9,2024,1,3,1
2026-03-17,Container Post-Panamax,86807,Singapore,Dubai,Containerized Freight,3325.6,780.14,100.03,87.74,Rough Sea,3.7,2026,3,1,1
2026-01-16,Aframax,119606,Corpus Christi,Antwerp,Refined Petroleum,5056.6,704.5,95.66,63.68,Monsoon/Tropical Cyclone,3.3,2026,1,4,1
2026-03-10,Capesize,185378,Richards Bay,Rotterdam,Thermal Coal,7054.5,703.73,106.26,30.44,Calm,1.2,2026,3,1,1
2025-12-19,Capesize,188555,Santos,Qingdao,Grain,12025.9,655.1,102.34,41.24,Moderate,0.8,2025,12,4,4
2026-04-27,Capesize,182417,Dampier,Yokohama,Iron Ore,3855.7,700.16,107.18,26.71,Rough Sea,2.2,2026,4,0,2
2025-03-15,Panamax,72889,Newcastle,Mumbai,Thermal Coal,5945.7,584.2,88.96,51.86,Moderate,9.8,2025,3,5,1
2026-04-30,Capesize,183954,Santos,Qingdao,Iron Ore,11746.8,730.88,93.59,38.05,Moderate,1.5,2026,4,3,2
2025-02-14,Supramax,50756,Singapore,Dubai,Chemicals,3330.1,553.12,96.07,44.83,Moderate,2.2,2025,2,4,1
2025-06-07,Suezmax,156690,Corpus Christi,Antwerp,Refined Petroleum,4867.2,609.39,100.45,44.37,Calm,9.5,2025,6,5,2
2024-03-05,Suezmax,138279,Ras Tanura,Qingdao,Crude Oil,6284.0,723.3,97.47,57.39,Stormy,5.8,2024,3,1,1
2024-04-22,Capesize,166488,Tubarao,Qingdao,Iron Ore,11131.2,691.15,112.29,45.11,Calm,4.8,2024,4,0,2
2026-07-06,Capesize,168753,Tubarao,Qingdao,Iron Ore,11512.6,691.7,86.4,31.59,Calm,3.5,2026,7,0,3
2025-03-20,Suezmax,160923,Corpus Christi,Antwerp,Refined Petroleum,4954.7,541.73,92.61,28.57,Calm,0.7,2025,3,3,1
2025-09-01,Capesize,171163,Dampier,Yokohama,Iron Ore,3831.7,585.14,103.85,23.28,Rough Sea,0.7,2025,9,0,3
2024-04-27,Panamax,71355,Richards Bay,Rotterdam,Thermal Coal,7249.1,678.27,106.98,51.44,Moderate,0.5,2024,4,5,2
2026-02-06,Suezmax,139882,Houston,Rotterdam,Crude Oil,4744.3,726.95,78.29,39.49,Calm,4.8,2026,2,4,1
2025-04-05,LNG Carrier,72992,Dampier,Yokohama,Iron Ore,3900.7,577.17,93.45,80.39,Calm,1.1,2025,4,5,2
2024-08-03,Container Post-Panamax,126721,Ningbo,Hamburg,Containerized Freight,10691.7,647.75,87.52,127.5,Moderate,4.9,2024,8,5,3
2025-05-12,Suezmax,152871,Ras Tanura,Qingdao,Crude Oil,6116.5,596.35,96.51,62.83,Monsoon/Tropical Cyclone,14.3,2025,5,0,2
2023-10-21,Capesize,176668,Port Hedland,Qingdao,Iron Ore,3716.6,668.91,112.48,27.44,Moderate,0.5,2023,10,5,4
2026-01-05,Container Post-Panamax,112476,Ningbo,Hamburg,Containerized Freight,10782.9,686.36,88.56,133.33,Moderate,8.5,2026,1,0,1
2024-05-24,Supramax,51930,Santos,Rotterdam,Grain,5458.3,664.76,108.38,69.51,Calm,10.6,2024,5,4,2
2026-05-16,Capesize,181005,Tubarao,Qingdao,Iron Ore,11116.9,681.56,112.23,41.26,Calm,4.4,2026,5,5,2
2024-10-30,Capesize,182725,Richards Bay,Rotterdam,Thermal Coal,7082.1,571.89,120.71,38.93,Rough Sea,4.1,2024,10,2,4
2024-05-06,VLCC,299081,Ras Tanura,Qingdao,Crude Oil,6245.6,680.42,97.18,35.24,Calm,6.0,2024,5,0,2
2023-10-12,Capesize,204697,Tubarao,Qingdao,Iron Ore,11208.6,639.17,127.36,46.36,Calm,7.9,2023,10,3,4
2024-01-05,Suezmax,145915,Houston,Rotterdam,Refined Petroleum,4914.9,701.14,120.51,48.13,Moderate,3.7,2024,1,4,1
2026-04-30,Aframax,102244,Houston,Rotterdam,Crude Oil,4729.5,705.78,103.21,53.7,Calm,3.6,2026,4,3,2
2025-12-24,Container Post-Panamax,106472,Ningbo,Hamburg,Containerized Freight,10265.7,696.91,98.49,125.87,Calm,4.9,2025,12,2,4
2025-02-06,Container Post-Panamax,80924,Shanghai,Los Angeles,Containerized Freight,5665.9,564.83,107.22,87.62,Moderate,0.5,2025,2,3,1
2026-07-01,Supramax,53333,Santos,Rotterdam,Grain,5542.9,686.71,104.06,67.06,Moderate,6.0,2026,7,2,3
2025-06-10,Container Post-Panamax,83950,Shanghai,Los Angeles,Containerized Freight,5793.6,560.05,106.95,102.08,Calm,12.2,2025,6,1,2
2023-11-02,Container Post-Panamax,113904,Ningbo,Hamburg,Containerized Freight,10427.3,636.14,125.7,164.76,Monsoon/Tropical Cyclone,4.0,2023,11,3,4
2025-01-07,Container Post-Panamax,101706,Singapore,Dubai,Chemicals,3402.7,580.19,113.46,81.71,Moderate,7.5,2025,1,1,1
2026-01-05,Aframax,97506,Corpus Christi,Antwerp,Refined Petroleum,5055.4,691.91,91.78,52.37,Moderate,0.5,2026,1,0,1
2023-12-12,Suezmax,150897,Ras Tanura,Singapore,Crude Oil,3776.6,676.97,97.17,34.31,Calm,1.1,2023,12,1,4
2024-08-27,Capesize,168507,Port Hedland,Qingdao,Iron Ore,3547.1,679.33,95.16,24.31,Calm,6.4,2024,8,1,3
2024-04-26,Handysize,35985,Singapore,Dubai,Chemicals,3300.4,735.37,92.5,62.92,Calm,4.9,2024,4,4,2
2024-02-24,Suezmax,145336,Houston,Rotterdam,Chemicals,4853.4,690.89,88.17,36.86,Moderate,0.5,2024,2,5,1
2025-07-20,LNG Carrier,76482,Ras Laffan,Tokyo,LNG,6609.0,580.16,105.65,106.4,Moderate,0.5,2025,7,6,3
2026-08-15,VLCC,309151,Ras Tanura,Qingdao,Crude Oil,6197.7,674.0,104.62,39.29,Stormy,2.9,2026,8,5,3
2024-09-04,Supramax,54625,Singapore,Dubai,Containerized Freight,3457.2,646.74,94.98,46.51,Moderate,0.5,2024,9,2,3
2025-11-26,Container Post-Panamax,82584,Ningbo,Hamburg,Containerized Freight,10209.4,682.81,91.89,122.27,Calm,1.1,2025,11,2,4
2026-05-01,Capesize,177135,Port Hedland,Qingdao,Iron Ore,3545.4,721.9,85.76,25.14,Rough Sea,2.6,2026,5,4,2
2025-12-25,Supramax,53848,Houston,Rotterdam,Refined Petroleum,4886.1,653.42,99.15,51.52,Calm,0.9,2025,12,3,4
2024-07-26,Suezmax,134391,Ras Tanura,Singapore,Crude Oil,3722.1,692.92,91.65,32.96,Moderate,2.1,2024,7,4,3
2025-09-25,Supramax,62727,Singapore,Dubai,Steel Coils,3411.9,618.66,102.01,49.1,Calm,6.8,2025,9,3,3
2025-02-18,Suezmax,150654,Corpus Christi,Antwerp,Refined Petroleum,4963.6,556.51,87.33,33.72,Calm,4.2,2025,2,1,1
2024-06-17,LNG Carrier,92742,Dampier,Yokohama,LNG,4052.9,701.31,110.54,99.45,Rough Sea,3.5,2024,6,0,2
2025-09-18,Container Post-Panamax,130446,Shanghai,Los Angeles,Containerized Freight,5760.1,631.48,119.29,92.82,Calm,2.4,2025,9,3,3
2025-08-24,VLCC,315461,Ras Tanura,Qingdao,Crude Oil,6237.1,645.77,117.45,39.48,Calm,6.0,2025,8,6,3
2025-01-16,Panamax,81496,Santos,Qingdao,Grain,11717.6,582.31,118.02,87.99,Monsoon/Tropical Cyclone,4.6,2025,1,3,1
2025-06-10,Handysize,30646,Singapore,Dubai,Chemicals,3324.9,563.22,94.55,56.4,Moderate,3.4,2025,6,1,2
2025-03-26,Container Post-Panamax,117674,Shanghai,Los Angeles,Containerized Freight,5673.5,522.29,99.89,88.06,Moderate,2.3,2025,3,2,1
2025-03-06,Capesize,181998,Port Hedland,Qingdao,Iron Ore,3606.9,599.9,100.24,20.81,Calm,0.5,2025,3,3,1
2026-03-15,Suezmax,150520,Ras Tanura,Singapore,Crude Oil,3650.9,746.37,109.14,42.19,Stormy,1.5,2026,3,6,1
2025-01-13,Capesize,196593,Newcastle,Mumbai,Thermal Coal,5807.9,579.54,97.48,21.33,Calm,1.5,2025,1,0,1
2024-12-08,Container Post-Panamax,81097,Shanghai,Los Angeles,Containerized Freight,5712.9,605.75,88.47,102.62,Rough Sea,5.4,2024,12,6,4
2026-09-15,Panamax,72919,Santos,Rotterdam,Grain,5558.2,652.31,121.81,58.7,Calm,11.6,2026,9,1,3
2026-04-09,Handysize,31625,Singapore,Dubai,Containerized Freight,3422.6,705.52,103.52,60.19,Calm,2.8,2026,4,3,2
2025-05-08,Panamax,74330,Richards Bay,Rotterdam,Thermal Coal,7170.8,541.47,81.97,44.02,Moderate,0.8,2025,5,3,2
2026-02-16,Suezmax,145139,Corpus Christi,Antwerp,Crude Oil,4910.0,682.24,96.78,35.32,Calm,0.5,2026,2,0,1
2025-06-07,Panamax,78165,Newcastle,Mumbai,Thermal Coal,5891.1,569.36,113.74,54.08,Monsoon/Tropical Cyclone,1.9,2025,6,5,2
2024-06-29,Suezmax,143560,Ras Tanura,Qingdao,Crude Oil,6097.0,682.86,99.2,55.58,Calm,9.7,2024,6,5,2
2024-11-05,LNG Carrier,93263,Dampier,Yokohama,Iron Ore,3983.5,625.16,118.47,94.96,Moderate,5.9,2024,11,1,4
2025-03-10,Panamax,68474,Santos,Rotterdam,Bauxite,5464.2,535.62,97.87,38.89,Calm,0.5,2025,3,0,1
2025-02-17,Capesize,187423,Port Hedland,Qingdao,Iron Ore,3726.7,599.83,106.29,22.12,Moderate,0.6,2025,2,0,1
2024-06-05,Panamax,70988,Santos,Qingdao,Iron Ore,11929.7,706.52,101.9,72.58,Moderate,3.6,2024,6,2,2
2025-04-14,Capesize,185191,Richards Bay,Rotterdam,Thermal Coal,7167.6,561.36,111.41,26.01,Calm,2.2,2025,4,0,2
2024-07-20,Suezmax,144465,Ras Tanura,Singapore,Crude Oil,3753.2,682.74,106.4,37.37,Moderate,2.3,2024,7,5,3
2024-03-22,Container Post-Panamax,130341,Shanghai,Los Angeles,Containerized Freight,5794.9,729.36,106.33,101.81,Moderate,5.0,2024,3,4,1
2025-03-18,Capesize,165962,Santos,Qingdao,Grain,11891.1,607.42,98.92,53.22,Monsoon/Tropical Cyclone,3.6,2025,3,1,1
2025-01-29,Aframax,103479,Houston,Rotterdam,Chemicals,4714.6,591.8,93.3,58.27,Calm,17.1,2025,1,2,1
2024-10-17,Panamax,82291,Tubarao,Qingdao,Iron Ore,11260.1,649.29,120.93,70.32,Moderate,2.6,2024,10,3,4
2025-08-03,Container Post-Panamax,85565,Shanghai,Los Angeles,Containerized Freight,5739.7,611.14,98.73,89.54,Calm,3.7,2025,8,6,3
2025-09-27,Container Post-Panamax,107302,Ningbo,Hamburg,Containerized Freight,10199.7,656.99,121.71,131.54,Moderate,3.5,2025,9,5,3
2024-07-25,Container Post-Panamax,133551,Shanghai,Los Angeles,Containerized Freight,5789.3,705.09,104.51,98.5,Rough Sea,0.5,2024,7,3,3
2025-12-23,Container Post-Panamax,85281,Ningbo,Hamburg,Containerized Freight,10387.7,696.55,90.9,129.2,Moderate,5.3,2025,12,1,4
2025-06-16,VLCC,289613,Ras Tanura,Singapore,Crude Oil,3753.7,584.22,102.81,25.02,Calm,0.5,2025,6,0,2
2026-06-29,Suezmax,152000,Corpus Christi,Antwerp,Crude Oil,5009.3,693.74,106.8,45.25,Moderate,6.4,2026,6,0,2
2026-05-21,Container Post-Panamax,90615,Shanghai,Los Angeles,Containerized Freight,5555.4,701.53,104.73,88.35,Calm,1.3,2026,5,3,2
2024-07-01,Capesize,205552,Newcastle,Mumbai,Thermal Coal,6041.3,654.26,98.07,27.0,Calm,4.7,2024,7,0,3
2026-03-29,VLCC,282559,Ras Tanura,Singapore,Crude Oil,3714.1,717.44,101.34,22.37,Calm,1.3,2026,3,6,1
2025-10-17,Suezmax,133439,Corpus Christi,Antwerp,Refined Petroleum,4956.2,661.99,109.83,38.09,Calm,0.5,2025,10,4,4
2025-09-30,Panamax,77575,Santos,Qingdao,Iron Ore,12099.0,675.8,104.48,66.99,Calm,0.5,2025,9,1,3
2025-02-20,LNG Carrier,75105,Ras Laffan,Tokyo,LNG,6646.3,562.45,98.72,103.95,Moderate,0.5,2025,2,3,1
2025-06-12,Aframax,83661,Corpus Christi,Antwerp,Refined Petroleum,4959.2,582.56,100.24,52.14,Moderate,2.0,2025,6,3,2
2024-11-03,Panamax,82722,Tubarao,Qingdao,Iron Ore,11098.4,630.1,98.52,63.42,Calm,3.9,2024,11,6,4
2025-07-24,Container Post-Panamax,133036,Shanghai,Los Angeles,Containerized Freight,5542.6,609.67,83.68,84.11,Moderate,3.1,2025,7,3,3
2025-07-26,Capesize,181781,Richards Bay,Rotterdam,Thermal Coal,6956.1,619.12,117.42,30.98,Calm,2.8,2025,7,5,3
2026-05-23,Aframax,80629,Corpus Christi,Antwerp,Crude Oil,4924.8,708.47,101.37,55.8,Calm,0.5,2026,5,5,2
2025-06-07,Suezmax,135339,Corpus Christi,Antwerp,Refined Petroleum,4922.8,582.03,102.9,59.38,Monsoon/Tropical Cyclone,10.1,2025,6,5,2
2025-05-28,Capesize,179153,Port Hedland,Qingdao,Iron Ore,3611.5,582.65,91.67,24.28,Rough Sea,9.7,2025,5,2,2
2023-12-01,Aframax,103070,Corpus Christi,Antwerp,Crude Oil,5025.8,682.31,102.04,65.02,Monsoon/Tropical Cyclone,5.5,2023,12,4,4
2025-08-08,LNG Carrier,70264,Ras Laffan,Tokyo,LNG,6631.3,616.21,84.38,104.75,Moderate,3.6,2025,8,4,3
2025-10-29,Panamax,65310,Richards Bay,Rotterdam,Thermal Coal,7110.8,661.93,119.43,63.53,Calm,9.0,2025,10,2,4
2026-02-23,Capesize,194141,Port Hedland,Qingdao,Iron Ore,3543.3,717.41,114.24,37.21,Stormy,8.4,2026,2,0,1
2024-03-11,VLCC,303580,Ras Tanura,Singapore,Crude Oil,3726.8,751.13,94.33,33.15,Moderate,9.1,2024,3,0,1
2025-03-07,Capesize,170584,Tubarao,Qingdao,Iron Ore,11153.3,551.63,101.89,40.74,Calm,6.7,2025,3,4,1
2025-02-13,Suezmax,157256,Houston,Rotterdam,Refined Petroleum,4995.3,549.41,116.21,45.0,Moderate,7.5,2025,2,3,1
2024-08-09,Capesize,170525,Port Hedland,Qingdao,Iron Ore,3645.9,711.48,101.6,27.09,Stormy,4.1,2024,8,4,3
2025-03-27,Container Post-Panamax,124892,Singapore,Dubai,Containerized Freight,3350.7,566.86,106.26,70.37,Calm,3.7,2025,3,3,1
2023-10-17,LNG Carrier,91087,Ras Laffan,Tokyo,LNG,6376.0,715.71,98.24,108.95,Moderate,2.6,2023,10,1,4
2024-10-28,Handysize,39270,Singapore,Dubai,Containerized Freight,3478.6,629.66,114.06,62.78,Moderate,1.7,2024,10,0,4
2026-02-24,Panamax,72577,Santos,Rotterdam,Bauxite,5597.7,689.45,100.93,48.83,Calm,5.2,2026,2,1,1
2025-01-28,Container Post-Panamax,127633,Ningbo,Hamburg,Containerized Freight,10409.9,583.07,100.69,123.61,Calm,1.6,2025,1,1,1
2024-07-01,Capesize,167990,Richards Bay,Rotterdam,Thermal Coal,7140.5,697.69,82.8,22.76,Calm,0.5,2024,7,0,3
2024-11-29,Panamax,82887,Richards Bay,Rotterdam,Thermal Coal,6961.5,612.6,131.97,61.5,Moderate,3.4,2024,11,4,4
2025-10-31,Capesize,191739,Tubarao,Qingdao,Iron Ore,11423.3,650.9,92.59,49.98,Moderate,15.5,2025,10,4,4
2025-07-17,Handysize,29204,Singapore,Dubai,Chemicals,3391.2,570.7,96.44,66.32,Monsoon/Tropical Cyclone,1.9,2025,7,3,3
2025-07-11,Panamax,69310,Santos,Qingdao,Grain,11867.8,566.33,92.78,70.7,Rough Sea,3.8,2025,7,4,3
2026-05-27,Capesize,197709,Newcastle,Mumbai,Thermal Coal,5886.1,698.16,105.21,31.16,Calm,4.9,2026,5,2,2
2026-09-06,Container Post-Panamax,89186,Shanghai,Los Angeles,Containerized Freight,5642.9,645.02,107.38,99.5,Moderate,5.0,2026,9,6,3
2024-03-17,Handysize,33949,Singapore,Dubai,Steel Coils,3453.0,704.54,101.44,67.32,Moderate,6.9,2024,3,6,1
2025-03-24,Panamax,80661,Richards Bay,Rotterdam,Thermal Coal,6925.9,540.97,111.57,48.96,Moderate,0.5,2025,3,0,1
2025-11-03,Container Post-Panamax,118300,Shanghai,Los Angeles,Containerized Freight,5700.2,661.63,88.35,99.6,Stormy,1.7,2025,11,0,4
2024-11-05,Capesize,168371,Dampier,Yokohama,LNG,4020.8,598.84,109.32,21.57,Calm,0.5,2024,11,1,4
2024-12-20,Capesize,189994,Richards Bay,Rotterdam,Thermal Coal,7081.6,603.41,97.12,33.29,Rough Sea,8.2,2024,12,4,4
2023-10-08,Suezmax,140397,Houston,Rotterdam,Refined Petroleum,4767.2,674.72,112.21,48.16,Moderate,5.5,2023,10,6,4
2025-05-28,Container Post-Panamax,121020,Singapore,Dubai,Steel Coils,3363.7,579.33,124.17,78.74,Moderate,5.0,2025,5,2,2
2026-09-19,Suezmax,152776,Ras Tanura,Singapore,Crude Oil,3630.8,675.68,103.12,34.56,Moderate,2.6,2026,9,5,3
2024-01-14,Suezmax,141944,Ras Tanura,Qingdao,Crude Oil,6090.8,705.43,86.72,49.45,Rough Sea,2.7,2024,1,6,1
2024-07-22,Suezmax,131382,Ras Tanura,Qingdao,Crude Oil,6096.0,679.83,95.38,39.38,Calm,0.5,2024,7,0,3
2023-12-01,Suezmax,151977,Ras Tanura,Singapore,Crude Oil,3826.4,668.94,107.66,35.84,Moderate,0.5,2023,12,4,4
2024-09-26,LNG Carrier,81802,Ras Laffan,Tokyo,LNG,6383.5,659.28,106.21,106.14,Calm,3.5,2024,9,3,3
2024-08-30,Container Post-Panamax,88264,Shanghai,Los Angeles,Containerized Freight,5797.5,640.44,115.55,96.76,Calm,8.2,2024,8,4,3
2024-03-12,Aframax,93616,Corpus Christi,Antwerp,Crude Oil,4832.9,727.47,114.47,58.86,Moderate,7.1,2024,3,1,1
2023-10-18,Capesize,170496,Port Hedland,Qingdao,Iron Ore,3572.0,665.07,111.56,23.56,Rough Sea,0.7,2023,10,2,4
2024-05-07,Panamax,79031,Richards Bay,Rotterdam,Thermal Coal,7055.1,714.87,106.94,53.14,Moderate,1.0,2024,5,1,2
2024-06-26,LNG Carrier,81515,Ras Laffan,Tokyo,LNG,6481.3,710.1,99.65,103.36,Calm,0.5,2024,6,2,2
2024-09-29,Supramax,56266,Houston,Rotterdam,Chemicals,4746.0,629.36,102.53,55.32,Rough Sea,0.7,2024,9,6,3
2025-04-25,Capesize,181181,Port Hedland,Qingdao,Iron Ore,3758.3,547.11,94.37,16.45,Calm,0.9,2025,4,4,2
2023-10-15,Suezmax,162812,Corpus Christi,Antwerp,Refined Petroleum,4992.3,677.11,95.73,38.75,Moderate,3.8,2023,10,6,4
2025-02-24,Panamax,72588,Santos,Qingdao,Grain,11994.2,561.58,103.02,66.31,Moderate,2.1,2025,2,0,1
2025-02-28,LNG Carrier,91747,Dampier,Yokohama,LNG,3831.8,598.98,74.41,81.04,Calm,5.9,2025,2,4,1
2026-02-28,Capesize,169803,Port Hedland,Qingdao,Iron Ore,3594.3,726.28,72.51,16.48,Calm,0.6,2026,2,5,1
2024-10-05,Panamax,84498,Tubarao,Qingdao,Iron Ore,11371.1,647.85,100.82,60.46,Moderate,0.5,2024,10,5,4
2025-03-10,Aframax,108019,Corpus Christi,Antwerp,Crude Oil,4934.7,559.57,123.61,55.38,Moderate,2.9,2025,3,0,1
2026-03-11,Panamax,84650,Tubarao,Qingdao,Bauxite,11210.9,720.42,95.13,67.0,Moderate,0.5,2026,3,2,1
2026-02-03,Container Post-Panamax,85952,Shanghai,Los Angeles,Containerized Freight,5663.9,698.9,93.41,87.63,Calm,0.6,2026,2,1,1
2025-02-22,VLCC,313014,Ras Tanura,Qingdao,Crude Oil,6419.0,527.04,105.84,32.73,Rough Sea,3.2,2025,2,5,1
2025-11-23,VLCC,298782,Ras Tanura,Singapore,Crude Oil,3724.3,643.16,114.89,28.39,Calm,5.1,2025,11,6,4
2024-10-08,Capesize,179615,Dampier,Yokohama,Iron Ore,3872.5,673.86,95.87,22.92,Rough Sea,2.9,2024,10,1,4
2026-01-11,Suezmax,157068,Houston,Rotterdam,Crude Oil,4977.2,701.57,95.98,42.52,Moderate,3.5,2026,1,6,1
2025-09-28,Supramax,50211,Santos,Rotterdam,Grain,5519.5,632.91,126.69,89.5,Stormy,13.1,2025,9,6,3
2025-01-02,Capesize,178251,Richards Bay,Rotterdam,Thermal Coal,7095.3,580.23,80.48,20.37,Calm,2.3,2025,1,3,1
2025-02-07,Capesize,181947,Tubarao,Qingdao,Bauxite,11375.8,582.18,95.65,39.34,Rough Sea,2.1,2025,2,4,1
2026-05-05,Aframax,90069,Corpus Christi,Antwerp,Refined Petroleum,4924.3,725.84,101.57,55.09,Calm,2.8,2026,5,1,2
2026-04-29,LNG Carrier,87495,Ras Laffan,Tokyo,LNG,6497.7,724.56,104.8,112.09,Calm,5.3,2026,4,2,2
2025-12-27,LNG Carrier,77832,Dampier,Yokohama,LNG,3916.4,718.41,72.12,98.8,Stormy,2.4,2025,12,5,4
2024-10-01,Panamax,77646,Richards Bay,Rotterdam,Thermal Coal,7062.9,661.09,84.29,44.95,Calm,0.5,2024,10,1,4
2026-03-21,Capesize,164097,Newcastle,Mumbai,Thermal Coal,5841.5,698.97,93.36,25.47,Rough Sea,1.0,2026,3,5,1
2023-11-24,LNG Carrier,88371,Dampier,Yokohama,Iron Ore,4045.8,653.42,122.47,90.14,Calm,3.5,2023,11,4,4
2024-11-25,Aframax,118701,Corpus Christi,Antwerp,Refined Petroleum,4782.4,621.7,112.2,61.22,Calm,11.6,2024,11,0,4
2026-06-08,Capesize,207672,Richards Bay,Rotterdam,Thermal Coal,7160.0,703.72,88.24,27.01,Rough Sea,0.5,2026,6,0,2
2025-04-10,Suezmax,147389,Ras Tanura,Qingdao,Crude Oil,6325.7,580.77,99.82,37.01,Calm,1.7,2025,4,3,2
2024-11-17,Suezmax,156109,Ras Tanura,Singapore,Crude Oil,3763.3,606.28,103.41,35.21,Rough Sea,3.4,2024,11,6,4
2024-08-09,LNG Carrier,70503,Ras Laffan,Tokyo,LNG,6709.2,698.08,65.2,115.08,Rough Sea,4.6,2024,8,4,3
2023-12-17,Supramax,52749,Singapore,Dubai,Steel Coils,3313.4,690.85,118.21,53.08,Calm,3.3,2023,12,6,4
2026-01-25,Container Post-Panamax,95518,Shanghai,Los Angeles,Containerized Freight,5597.9,701.05,110.57,91.55,Moderate,1.1,2026,1,6,1
2026-01-25,Aframax,96468,Corpus Christi,Antwerp,Refined Petroleum,4965.6,688.6,108.94,58.6,Rough Sea,0.5,2026,1,6,1
2025-03-03,Handysize,28155,Singapore,Dubai,Steel Coils,3410.9,551.36,97.43,51.26,Calm,0.9,2025,3,0,1
2024-01-25,Panamax,69215,Richards Bay,Rotterdam,Thermal Coal,7187.0,706.62,81.25,50.74,Calm,3.3,2024,1,3,1
2023-11-16,Panamax,84244,Newcastle,Mumbai,Thermal Coal,5880.5,680.03,125.28,65.01,Stormy,6.0,2023,11,3,4
2024-10-21,Capesize,199781,Port Hedland,Qingdao,Iron Ore,3683.2,636.85,127.44,31.28,Calm,7.0,2024,10,0,4
2024-03-18,Panamax,79234,Tubarao,Qingdao,Iron Ore,11087.2,745.75,99.67,66.5,Calm,3.0,2024,3,0,1
2024-06-10,Suezmax,155190,Houston,Rotterdam,Refined Petroleum,4782.0,712.35,89.86,37.47,Moderate,0.5,2024,6,0,2
2024-06-27,Aframax,112543,Corpus Christi,Antwerp,Refined Petroleum,4915.9,696.49,79.1,51.56,Rough Sea,1.0,2024,6,3,2
2026-06-26,LNG Carrier,88740,Dampier,Yokohama,LNG,3905.1,679.16,114.53,96.55,Calm,9.1,2026,6,4,2
2024-01-25,Panamax,82121,Tubarao,Qingdao,Bauxite,11123.4,704.18,86.19,65.28,Moderate,0.7,2024,1,3,1
2025-04-11,Aframax,117249,Corpus Christi,Antwerp,Crude Oil,4945.7,584.29,106.32,49.94,Calm,0.5,2025,4,4,2
2024-12-17,LNG Carrier,93659,Ras Laffan,Tokyo,LNG,6476.7,550.38,86.09,101.63,Moderate,1.8,2024,12,1,4
2024-09-02,Capesize,207846,Port Hedland,Qingdao,Iron Ore,3576.4,653.9,113.4,23.43,Calm,1.5,2024,9,0,3
2024-10-19,Container Post-Panamax,131826,Ningbo,Hamburg,Containerized Freight,10462.3,629.04,122.52,127.04,Calm,2.5,2024,10,5,4
2026-02-16,Panamax,74649,Santos,Rotterdam,Grain,5577.1,717.46,94.74,45.03,Calm,2.6,2026,2,0,1
2026-05-23,Panamax,80593,Tubarao,Qingdao,Iron Ore,11165.7,723.63,109.56,66.1,Calm,2.7,2026,5,5,2
2025-03-18,Aframax,109280,Corpus Christi,Antwerp,Crude Oil,5029.4,585.37,94.03,42.41,Calm,0.6,2025,3,1,1
2024-02-26,Suezmax,138038,Corpus Christi,Antwerp,Refined Petroleum,5055.2,698.88,114.88,43.13,Calm,0.5,2024,2,0,1
2024-04-27,Capesize,180554,Tubarao,Qingdao,Iron Ore,10924.6,704.5,104.05,35.67,Calm,1.4,2024,4,5,2
2024-08-22,Capesize,208736,Richards Bay,Rotterdam,Thermal Coal,7141.2,652.48,98.13,25.75,Moderate,0.5,2024,8,3,3
2025-01-14,Suezmax,135440,Corpus Christi,Antwerp,Crude Oil,4784.9,571.12,73.14,29.33,Moderate,1.0,2025,1,1,1
2024-07-12,Panamax,72440,Newcastle,Mumbai,Thermal Coal,6023.2,679.62,110.69,56.96,Calm,4.8,2024,7,4,3
2026-06-25,Capesize,201258,Dampier,Yokohama,LNG,4046.9,677.03,109.56,30.58,Rough Sea,2.7,2026,6,3,2
2024-05-05,Container Post-Panamax,93260,Shanghai,Los Angeles,Containerized Freight,5831.0,727.56,91.44,104.72,Rough Sea,5.7,2024,5,6,2
2023-10-07,Aframax,99049,Corpus Christi,Antwerp,Crude Oil,4855.7,622.64,114.4,50.11,Calm,0.5,2023,10,5,4
2026-08-04,Suezmax,143307,Ras Tanura,Qingdao,Crude Oil,6276.2,687.49,112.77,44.37,Moderate,0.5,2026,8,1,3
2023-11-13,Capesize,169838,Richards Bay,Rotterdam,Thermal Coal,7095.0,663.95,96.97,28.67,Moderate,0.5,2023,11,0,4
2024-02-11,Aframax,83922,Corpus Christi,Antwerp,Crude Oil,5065.6,736.16,84.87,48.82,Calm,0.5,2024,2,6,1
2026-02-01,LNG Carrier,73911,Dampier,Yokohama,LNG,4044.7,749.25,108.69,93.39,Moderate,0.9,2026,2,6,1
2025-09-03,Capesize,182517,Newcastle,Mumbai,Thermal Coal,5729.2,645.68,102.22,25.48,Calm,4.0,2025,9,2,3
2025-07-19,Suezmax,151505,Ras Tanura,Qingdao,Crude Oil,6240.0,572.33,101.41,42.55,Moderate,5.6,2025,7,5,3
2025-09-19,Panamax,83957,Santos,Qingdao,Grain,11472.2,624.59,88.26,63.17,Moderate,2.8,2025,9,4,3
2026-01-10,Panamax,83022,Newcastle,Mumbai,Thermal Coal,6041.4,679.52,81.61,40.52,Moderate,1.1,2026,1,5,1
2025-01-11,Panamax,83531,Santos,Qingdao,Iron Ore,11544.7,577.95,84.88,61.47,Calm,3.8,2025,1,5,1
2025-01-26,Capesize,206363,Santos,Qingdao,Grain,11862.0,573.48,87.65,32.18,Calm,0.7,2025,1,6,1
2026-02-03,Capesize,176557,Tubarao,Qingdao,Bauxite,10958.8,726.53,88.85,37.75,Moderate,3.8,2026,2,1,1
2025-10-12,Panamax,77791,Newcastle,Mumbai,Thermal Coal,5839.1,653.67,119.15,50.32,Calm,3.7,2025,10,6,4
2023-10-21,Suezmax,161304,Corpus Christi,Antwerp,Refined Petroleum,4954.5,661.46,98.8,36.43,Calm,0.5,2023,10,5,4
2024-05-05,Suezmax,140485,Corpus Christi,Antwerp,Refined Petroleum,4773.0,699.82,108.51,44.88,Calm,3.2,2024,5,6,2
2024-02-06,Capesize,188456,Port Hedland,Qingdao,Iron Ore,3692.9,728.63,102.55,22.66,Rough Sea,1.9,2024,2,1,1
2026-03-11,Capesize,160572,Richards Bay,Rotterdam,Thermal Coal,7279.0,694.37,88.62,23.5,Calm,0.5,2026,3,2,1
2024-10-21,Capesize,192801,Dampier,Yokohama,Iron Ore,3954.5,634.26,95.26,17.05,Calm,0.5,2024,10,0,4
2024-03-25,Capesize,175421,Santos,Qingdao,Iron Ore,11685.2,711.28,108.29,40.04,Moderate,2.7,2024,3,0,1
2024-06-16,VLCC,313112,Ras Tanura,Qingdao,Crude Oil,6260.3,699.77,101.16,35.52,Moderate,6.0,2024,6,6,2
2026-07-14,LNG Carrier,86161,Ras Laffan,Tokyo,LNG,6568.9,724.74,100.5,133.15,Monsoon/Tropical Cyclone,1.6,2026,7,1,3
2024-03-05,Handysize,30884,Singapore,Dubai,Chemicals,3430.5,718.63,89.39,61.42,Calm,4.9,2024,3,1,1
2025-12-05,Supramax,55952,Santos,Rotterdam,Bauxite,5605.6,693.92,88.35,53.18,Calm,1.3,2025,12,4,4
2025-10-02,Aframax,85436,Houston,Rotterdam,Crude Oil,4762.2,673.24,113.28,69.82,Moderate,13.7,2025,10,3,4
2025-05-09,Supramax,60315,Santos,Rotterdam,Grain,5417.4,559.87,97.01,55.33,Rough Sea,3.1,2025,5,4,2
2025-10-24,Capesize,197026,Richards Bay,Rotterdam,Thermal Coal,6971.2,650.74,110.77,37.81,Rough Sea,11.3,2025,10,4,4
2026-08-02,Container Post-Panamax,97490,Ningbo,Hamburg,Containerized Freight,10743.7,677.74,110.88,134.19,Moderate,2.3,2026,8,6,3
2023-12-21,Aframax,95115,Corpus Christi,Antwerp,Crude Oil,4936.5,682.8,105.02,52.04,Moderate,0.8,2023,12,3,4
2026-07-16,VLCC,318868,Ras Tanura,Singapore,Crude Oil,3765.3,659.94,104.38,23.78,Calm,2.8,2026,7,3,3
2026-07-14,Capesize,178157,Santos,Qingdao,Grain,11743.8,683.5,100.46,43.5,Stormy,3.1,2026,7,1,3
2024-11-17,Panamax,76537,Santos,Rotterdam,Bauxite,5397.9,587.36,100.97,43.75,Moderate,3.1,2024,11,6,4
2024-04-09,Container Post-Panamax,96698,Shanghai,Los Angeles,Containerized Freight,5557.6,723.24,85.6,97.71,Rough Sea,2.4,2024,4,1,2
2023-11-30,Panamax,82908,Santos,Rotterdam,Grain,5314.8,647.19,118.54,52.69,Rough Sea,2.5,2023,11,3,4
2023-10-20,Supramax,52754,Houston,Rotterdam,Chemicals,4766.7,639.29,125.98,58.29,Moderate,3.1,2023,10,4,4
2025-06-03,Panamax,65745,Newcastle,Mumbai,Thermal Coal,6002.3,554.6,96.32,49.68,Calm,6.9,2025,6,1,2
2026-03-31,Container Post-Panamax,87922,Ningbo,Hamburg,Containerized Freight,10389.6,714.97,114.04,155.19,Stormy,6.1,2026,3,1,1
2024-01-26,Panamax,83015,Santos,Qingdao,Grain,11639.0,694.02,100.47,68.1,Calm,2.1,2024,1,4,1
2026-09-03,Capesize,195725,Santos,Qingdao,Iron Ore,12013.7,662.76,105.47,44.73,Moderate,5.3,2026,9,3,3
2024-05-06,LNG Carrier,76898,Dampier,Yokohama,LNG,3973.5,712.45,112.78,98.4,Calm,6.3,2024,5,0,2
2024-10-30,Suezmax,132363,Corpus Christi,Antwerp,Refined Petroleum,4874.4,629.08,113.94,56.86,Monsoon/Tropical Cyclone,6.6,2024,10,2,4
2026-08-20,LNG Carrier,90982,Dampier,Yokohama,Iron Ore,3917.1,649.53,98.41,83.31,Calm,2.9,2026,8,3,3
2026-09-04,Capesize,163649,Tubarao,Qingdao,Iron Ore,10892.6,635.22,103.9,35.62,Moderate,0.5,2026,9,4,3
2025-09-13,Capesize,169974,Port Hedland,Qingdao,Iron Ore,3555.6,630.87,115.51,34.53,Moderate,9.2,2025,9,5,3
2025-04-10,Aframax,88302,Houston,Rotterdam,Refined Petroleum,4906.5,568.74,92.76,53.47,Moderate,12.6,2025,4,3,2
2024-07-12,VLCC,315660,Ras Tanura,Qingdao,Crude Oil,6200.8,652.1,103.48,33.03,Calm,6.2,2024,7,4,3
2024-02-06,VLCC,289118,Ras Tanura,Qingdao,Crude Oil,6202.1,702.82,90.54,24.91,Calm,1.2,2024,2,1,1
2024-12-12,Panamax,71283,Tubarao,Qingdao,Bauxite,11504.5,594.15,110.16,80.71,Stormy,4.2,2024,12,3,4
2026-01-10,Capesize,192378,Richards Bay,Rotterdam,Thermal Coal,7019.9,698.52,75.3,28.66,Calm,6.0,2026,1,5,1
2024-04-19,Supramax,61426,Singapore,Dubai,Steel Coils,3376.0,711.71,98.66,47.9,Calm,2.3,2024,4,4,2
2025-05-15,Suezmax,139629,Ras Tanura,Singapore,Crude Oil,3665.4,593.59,102.16,32.26,Calm,3.1,2025,5,3,2
2025-12-16,Panamax,66467,Tubarao,Qingdao,Bauxite,11253.6,689.87,117.61,73.0,Moderate,4.1,2025,12,1,4
2024-08-27,Suezmax,151988,Ras Tanura,Singapore,Crude Oil,3798.9,648.7,110.3,37.63,Moderate,3.8,2024,8,1,3
2026-06-10,Capesize,175148,Port Hedland,Qingdao,Iron Ore,3621.8,726.56,105.02,24.38,Calm,3.3,2026,6,2,2
2025-07-01,Panamax,80206,Richards Bay,Rotterdam,Thermal Coal,7272.2,610.52,116.94,53.29,Calm,2.8,2025,7,1,3
2023-10-19,Capesize,181258,Port Hedland,Qingdao,Iron Ore,3598.6,633.59,95.39,21.45,Calm,2.8,2023,10,3,4
2026-01-26,Capesize,200184,Newcastle,Mumbai,Thermal Coal,5885.7,720.8,85.04,23.18,Calm,1.2,2026,1,0,1
2025-06-22,LNG Carrier,87644,Dampier,Yokohama,Iron Ore,3908.2,575.3,107.65,82.85,Moderate,1.8,2025,6,6,2
2024-12-16,Panamax,78112,Newcastle,Mumbai,Thermal Coal,6030.1,603.68,88.47,40.15,Moderate,1.7,2024,12,0,4
2026-06-25,Capesize,184160,Santos,Qingdao,Grain,11782.5,694.29,102.25,40.18,Calm,4.0,2026,6,3,2
2024-07-14,Container Post-Panamax,108968,Shanghai,Los Angeles,Containerized Freight,5606.8,699.4,98.69,103.98,Moderate,6.9,2024,7,6,3
2024-08-10,Capesize,175907,Dampier,Yokohama,LNG,3860.9,626.24,104.17,32.33,Monsoon/Tropical Cyclone,6.3,2024,8,5,3
2025-08-07,Panamax,76411,Santos,Qingdao,Iron Ore,11480.7,599.71,99.57,63.48,Calm,1.7,2025,8,3,3
2024-11-04,Aframax,89496,Corpus Christi,Antwerp,Refined Petroleum,4981.4,622.2,109.87,52.03,Moderate,1.7,2024,11,0,4
2024-11-24,Suezmax,131287,Ras Tanura,Singapore,Crude Oil,3695.5,633.46,101.91,33.74,Moderate,1.6,2024,11,6,4
2026-09-17,Capesize,196701,Port Hedland,Qingdao,Iron Ore,3609.6,629.64,114.23,30.61,Moderate,7.2,2026,9,3,3
2023-12-01,Supramax,61371,Santos,Rotterdam,Grain,5447.0,651.9,103.82,58.21,Rough Sea,0.8,2023,12,4,4
2026-03-03,Panamax,70653,Santos,Qingdao,Iron Ore,11931.5,700.39,97.97,69.47,Calm,2.0,2026,3,1,1
2025-02-21,Panamax,79285,Richards Bay,Rotterdam,Thermal Coal,7014.8,537.16,93.74,45.02,Calm,1.9,2025,2,4,1
2025-10-20,Handysize,27855,Singapore,Dubai,Containerized Freight,3398.5,640.36,108.12,60.05,Calm,3.0,2025,10,0,4
2024-04-27,LNG Carrier,93489,Ras Laffan,Tokyo,LNG,6545.0,705.85,102.81,114.69,Calm,9.7,2024,4,5,2
2025-01-03,Suezmax,144256,Houston,Rotterdam,Crude Oil,4768.5,590.47,87.72,33.63,Calm,1.3,2025,1,4,1
2025-08-13,VLCC,280433,Ras Tanura,Singapore,Crude Oil,3707.1,606.42,93.08,20.98,Calm,0.9,2025,8,2,3
2026-05-15,Aframax,119276,Houston,Rotterdam,Crude Oil,4730.1,729.38,94.0,62.67,Rough Sea,11.0,2026,5,4,2
2026-08-03,Suezmax,154324,Ras Tanura,Singapore,Crude Oil,3796.4,645.43,92.57,42.84,Stormy,2.5,2026,8,0,3
2026-01-31,Panamax,80260,Richards Bay,Rotterdam,Thermal Coal,7280.6,702.0,95.26,53.49,Calm,5.7,2026,1,5,1
2023-11-06,Container Post-Panamax,94695,Shanghai,Los Angeles,Containerized Freight,5699.9,653.26,108.73,93.64,Calm,3.5,2023,11,0,4
2026-01-28,Suezmax,143311,Ras Tanura,Qingdao,Crude Oil,6243.2,725.81,98.96,45.99,Moderate,1.5,2026,1,2,1
2026-03-21,Container Post-Panamax,107486,Ningbo,Hamburg,Containerized Freight,10723.5,708.57,96.61,127.08,Moderate,0.6,2026,3,5,1
2026-05-06,Panamax,81521,Newcastle,Mumbai,Thermal Coal,5909.4,740.09,109.38,54.36,Calm,0.5,2026,5,2,2
2024-11-09,Suezmax,155209,Ras Tanura,Singapore,Crude Oil,3709.7,591.26,115.21,34.65,Calm,3.3,2024,11,5,4
2024-11-12,Capesize,165773,Port Hedland,Qingdao,Iron Ore,3571.1,603.77,111.78,25.35,Moderate,1.3,2024,11,1,4
2024-12-04,Capesize,175491,Tubarao,Qingdao,Bauxite,11256.0,627.65,98.6,34.76,Moderate,1.6,2024,12,2,4
2024-10-25,Panamax,80077,Richards Bay,Rotterdam,Thermal Coal,6957.0,591.3,117.96,63.8,Rough Sea,5.0,2024,10,4,4
2025-02-28,Container Post-Panamax,110739,Ningbo,Hamburg,Containerized Freight,10803.5,585.75,114.79,131.88,Moderate,2.9,2025,2,4,1
2023-10-24,Capesize,197531,Santos,Qingdao,Grain,12093.2,683.15,107.97,44.89,Calm,7.3,2023,10,1,4
2026-09-13,Capesize,186104,Tubarao,Qingdao,Bauxite,10947.1,630.62,101.52,39.9,Moderate,4.9,2026,9,6,3
2024-02-09,Suezmax,133891,Ras Tanura,Singapore,Crude Oil,3662.7,668.07,99.73,35.9,Moderate,0.5,2024,2,4,1
2026-07-25,Capesize,171820,Port Hedland,Qingdao,Iron Ore,3679.4,685.77,108.28,39.88,Monsoon/Tropical Cyclone,10.1,2026,7,5,3
2024-08-07,Suezmax,132701,Corpus Christi,Antwerp,Refined Petroleum,4780.8,641.39,96.0,38.66,Calm,1.6,2024,8,2,3
2024-11-11,Container Post-Panamax,108264,Singapore,Dubai,Containerized Freight,3459.4,634.47,115.77,90.48,Calm,16.2,2024,11,0,4
2023-11-06,Supramax,53991,Santos,Rotterdam,Bauxite,5318.2,655.01,107.84,60.08,Calm,3.9,2023,11,0,4
2024-04-30,Aframax,115256,Corpus Christi,Antwerp,Refined Petroleum,4879.2,765.16,91.35,63.83,Stormy,3.3,2024,4,1,2
2026-01-24,Panamax,81396,Santos,Qingdao,Grain,11574.0,716.58,100.11,69.35,Calm,3.1,2026,1,5,1
2024-05-14,Container Post-Panamax,118448,Ningbo,Hamburg,Containerized Freight,10199.4,737.21,94.84,127.5,Calm,3.7,2024,5,1,2
2024-10-03,Aframax,100751,Houston,Rotterdam,Crude Oil,4938.0,664.47,113.56,57.1,Moderate,1.1,2024,10,3,4
2024-08-14,Capesize,207240,Newcastle,Mumbai,Thermal Coal,5936.7,661.79,86.13,18.59,Moderate,1.4,2024,8,2,3
2025-02-18,Suezmax,135921,Houston,Rotterdam,Crude Oil,4774.7,609.83,98.78,49.14,Rough Sea,9.3,2025,2,1,1
2025-06-16,Supramax,52395,Singapore,Dubai,Steel Coils,3428.2,604.22,88.57,46.94,Calm,6.2,2025,6,0,2
2026-07-23,Supramax,50322,Santos,Rotterdam,Grain,5433.5,685.33,82.64,55.07,Calm,2.4,2026,7,3,3
2024-09-18,VLCC,301248,Ras Tanura,Qingdao,Crude Oil,6152.4,630.3,83.32,25.12,Calm,4.7,2024,9,2,3
2025-04-05,Panamax,76028,Newcastle,Mumbai,Thermal Coal,5813.0,571.52,102.82,51.0,Moderate,10.1,2025,4,5,2
2024-12-31,Container Post-Panamax,81127,Singapore,Dubai,Containerized Freight,3412.5,571.9,80.81,66.29,Moderate,0.5,2024,12,1,4
2024-05-14,Capesize,166547,Tubarao,Qingdao,Bauxite,11159.5,707.93,103.67,37.85,Moderate,0.6,2024,5,1,2
2025-12-01,Container Post-Panamax,100547,Ningbo,Hamburg,Containerized Freight,10617.4,677.7,106.56,153.39,Stormy,2.1,2025,12,0,4
2026-05-31,Suezmax,137323,Ras Tanura,Singapore,Crude Oil,3715.8,711.91,88.95,37.47,Moderate,3.6,2026,5,6,2
2025-09-30,Panamax,72937,Santos,Rotterdam,Grain,5302.2,649.49,114.13,50.13,Calm,1.2,2025,9,1,3
2023-11-15,Supramax,61763,Singapore,Dubai,Chemicals,3491.8,647.53,119.21,46.14,Calm,2.2,2023,11,2,4
2025-06-16,Suezmax,149359,Corpus Christi,Antwerp,Crude Oil,4825.9,573.36,93.13,40.0,Calm,4.4,2025,6,0,2
2025-01-28,Panamax,81614,Santos,Rotterdam,Grain,5301.7,540.71,105.17,59.66,Calm,18.0,2025,1,1,1
2024-10-19,Container Post-Panamax,86801,Singapore,Dubai,Chemicals,3490.4,601.75,96.14,81.63,Moderate,9.3,2024,10,5,4
2024-09-24,Capesize,191803,Dampier,Yokohama,LNG,4029.7,651.01,113.88,22.91,Moderate,0.9,2024,9,1,3
2026-09-30,Supramax,51587,Santos,Rotterdam,Bauxite,5594.4,676.51,114.3,66.67,Calm,2.4,2026,9,2,3
2024-08-05,Capesize,198911,Richards Bay,Rotterdam,Thermal Coal,7151.2,660.41,107.31,28.65,Moderate,0.5,2024,8,0,3
2025-09-01,Suezmax,139871,Corpus Christi,Antwerp,Refined Petroleum,4846.5,597.61,127.18,41.53,Calm,5.4,2025,9,0,3
2026-09-20,Capesize,184999,Tubarao,Qingdao,Bauxite,10872.5,617.18,106.14,41.28,Calm,9.6,2026,9,6,3
2026-05-16,Panamax,83406,Tubarao,Qingdao,Iron Ore,10983.1,704.36,98.11,79.73,Monsoon/Tropical Cyclone,2.3,2026,5,5,2
2026-03-31,VLCC,315076,Ras Tanura,Singapore,Crude Oil,3623.4,715.71,86.81,24.41,Moderate,1.0,2026,3,1,1
2025-07-30,Aframax,98429,Corpus Christi,Antwerp,Refined Petroleum,4912.1,613.56,75.39,47.82,Calm,6.4,2025,7,2,3
2024-12-07,Panamax,71700,Newcastle,Mumbai,Thermal Coal,5758.1,609.95,93.21,50.85,Rough Sea,6.6,2024,12,5,4
2026-06-04,Container Post-Panamax,107776,Shanghai,Los Angeles,Containerized Freight,5657.4,683.6,92.35,87.35,Calm,0.5,2026,6,3,2
2025-03-20,VLCC,302903,Ras Tanura,Singapore,Crude Oil,3736.4,557.39,97.74,23.56,Moderate,0.5,2025,3,3,1
2025-01-24,Panamax,84371,Santos,Qingdao,Grain,11887.9,592.14,106.11,82.35,Calm,18.0,2025,1,4,1
2023-10-30,Suezmax,161871,Ras Tanura,Qingdao,Crude Oil,6091.4,673.28,109.56,54.5,Calm,14.9,2023,10,0,4
2026-02-17,Container Post-Panamax,83589,Singapore,Dubai,Steel Coils,3470.2,709.81,85.26,94.25,Rough Sea,16.9,2026,2,1,1
2026-08-15,LNG Carrier,80038,Ras Laffan,Tokyo,LNG,6363.1,683.81,101.23,116.01,Rough Sea,1.8,2026,8,5,3
2025-12-15,LNG Carrier,93481,Dampier,Yokohama,Iron Ore,3972.9,695.97,107.52,92.14,Moderate,5.1,2025,12,0,4
2023-11-02,VLCC,283442,Ras Tanura,Singapore,Crude Oil,3625.8,700.93,127.72,38.7,Moderate,3.1,2023,11,3,4
2024-10-05,Capesize,203998,Port Hedland,Qingdao,Iron Ore,3549.9,637.97,109.07,22.98,Calm,1.6,2024,10,5,4
2024-07-05,Capesize,163971,Richards Bay,Rotterdam,Thermal Coal,7182.0,678.71,90.61,30.81,Stormy,1.7,2024,7,4,3
2023-11-03,Panamax,72781,Richards Bay,Rotterdam,Thermal Coal,7126.2,708.67,102.3,56.54,Calm,6.2,2023,11,4,4
2025-08-05,Panamax,83499,Santos,Rotterdam,Bauxite,5600.2,613.12,111.01,46.09,Calm,6.0,2025,8,1,3
2024-09-14,VLCC,293331,Ras Tanura,Singapore,Crude Oil,3654.8,674.77,116.42,31.33,Rough Sea,4.0,2024,9,5,3
2026-03-12,Panamax,70044,Richards Bay,Rotterdam,Thermal Coal,7263.9,703.23,100.02,60.84,Moderate,8.3,2026,3,3,1
2026-01-17,LNG Carrier,77115,Ras Laffan,Tokyo,LNG,6739.5,677.68,96.09,111.92,Moderate,4.8,2026,1,5,1
2025-09-09,Supramax,62769,Singapore,Dubai,Steel Coils,3325.2,635.81,96.42,42.87,Rough Sea,0.5,2025,9,1,3
2025-04-20,Capesize,201103,Port Hedland,Qingdao,Iron Ore,3759.4,543.07,91.07,15.98,Calm,1.0,2025,4,6,2
2025-12-14,Supramax,53877,Santos,Rotterdam,Grain,5454.7,687.54,88.53,54.48,Moderate,2.4,2025,12,6,4
2026-09-01,Container Post-Panamax,98777,Singapore,Dubai,Containerized Freight,3365.0,632.12,109.14,79.72,Rough Sea,1.0,2026,9,1,3
2026-04-09,Panamax,78248,Richards Bay,Rotterdam,Thermal Coal,7255.8,696.54,105.52,59.61,Moderate,8.2,2026,4,3,2
2025-08-10,Container Post-Panamax,85336,Singapore,Dubai,Chemicals,3355.3,600.91,96.66,75.75,Rough Sea,2.6,2025,8,6,3
2026-02-01,LNG Carrier,71891,Ras Laffan,Tokyo,LNG,6583.3,712.26,97.38,129.56,Stormy,3.1,2026,2,6,1
2023-10-31,Suezmax,139706,Ras Tanura,Qingdao,Crude Oil,6155.2,657.91,109.79,45.83,Calm,4.4,2023,10,1,4
2025-07-27,Capesize,162398,Richards Bay,Rotterdam,Thermal Coal,7096.0,607.87,96.36,25.51,Rough Sea,1.0,2025,7,6,3
2025-02-25,Panamax,81278,Richards Bay,Rotterdam,Thermal Coal,6913.9,564.81,88.18,44.57,Calm,3.8,2025,2,1,1
2026-06-23,Panamax,76317,Santos,Rotterdam,Bauxite,5539.9,693.31,93.38,47.45,Rough Sea,0.5,2026,6,1,2
2026-09-10,Container Post-Panamax,121434,Ningbo,Hamburg,Containerized Freight,10471.8,701.38,94.89,138.8,Rough Sea,0.6,2026,9,3,3
2024-09-02,Panamax,75903,Richards Bay,Rotterdam,Thermal Coal,7244.8,666.44,116.49,53.53,Calm,2.8,2024,9,0,3
2025-08-18,Container Post-Panamax,88065,Shanghai,Los Angeles,Containerized Freight,5641.6,618.74,101.86,86.95,Calm,2.1,2025,8,0,3
2026-05-18,Panamax,68673,Santos,Rotterdam,Grain,5566.5,707.02,87.56,52.8,Rough Sea,2.1,2026,5,0,2
2025-01-17,Capesize,179728,Port Hedland,Qingdao,Iron Ore,3668.9,580.87,92.99,19.03,Moderate,3.0,2025,1,4,1
2024-10-01,Panamax,76148,Richards Bay,Rotterdam,Thermal Coal,7289.6,623.59,116.44,55.9,Moderate,2.2,2024,10,1,4
2024-03-08,Capesize,178547,Santos,Qingdao,Iron Ore,11767.4,714.09,111.09,39.41,Calm,0.7,2024,3,4,1
2024-12-22,Panamax,67178,Richards Bay,Rotterdam,Thermal Coal,7115.1,597.87,90.84,49.89,Moderate,1.1,2024,12,6,4
2025-01-29,VLCC,289779,Ras Tanura,Singapore,Crude Oil,3810.8,627.24,101.14,28.19,Rough Sea,5.2,2025,1,2,1
2026-02-23,Capesize,162671,Dampier,Yokohama,LNG,4001.0,742.28,86.64,25.48,Moderate,5.8,2026,2,0,1
2025-12-23,Capesize,183540,Port Hedland,Qingdao,Iron Ore,3693.2,660.7,95.86,23.4,Rough Sea,4.4,2025,12,1,4
2026-01-02,Supramax,51505,Houston,Rotterdam,Crude Oil,4856.2,751.07,99.24,63.61,Calm,5.6,2026,1,4,1
2023-10-12,Container Post-Panamax,92218,Ningbo,Hamburg,Containerized Freight,10314.5,635.82,107.63,122.44,Calm,3.4,2023,10,3,4
2024-01-13,Capesize,204199,Port Hedland,Qingdao,Iron Ore,3689.9,709.21,74.42,14.32,Moderate,1.3,2024,1,5,1
2026-08-16,VLCC,295852,Ras Tanura,Qingdao,Crude Oil,6347.7,684.12,104.6,33.22,Calm,0.5,2026,8,6,3
2026-01-21,Container Post-Panamax,81428,Singapore,Dubai,Chemicals,3391.0,700.88,104.02,77.22,Moderate,0.7,2026,1,2,1
2025-02-23,Aframax,80344,Corpus Christi,Antwerp,Crude Oil,4966.9,566.82,99.91,49.08,Moderate,0.5,2025,2,6,1
2025-02-17,VLCC,313439,Ras Tanura,Qingdao,Crude Oil,6249.1,518.35,106.48,30.89,Calm,4.5,2025,2,0,1
2025-03-05,Suezmax,161606,Ras Tanura,Singapore,Crude Oil,3625.5,535.85,103.62,35.61,Stormy,1.8,2025,3,2,1
2024-05-19,Container Post-Panamax,99904,Shanghai,Los Angeles,Containerized Freight,5769.9,702.93,97.94,91.36,Calm,3.1,2024,5,6,2
2026-08-29,Panamax,77430,Santos,Qingdao,Iron Ore,12040.4,643.89,89.27,72.81,Moderate,8.4,2026,8,5,3
2025-11-02,Capesize,161300,Richards Bay,Rotterdam,Thermal Coal,6958.0,678.7,84.02,28.46,Calm,6.5,2025,11,6,4
2024-07-02,Supramax,64315,Santos,Rotterdam,Grain,5501.1,704.66,89.96,59.84,Moderate,5.4,2024,7,1,3
2024-12-20,Container Post-Panamax,109994,Shanghai,Los Angeles,Containerized Freight,5622.5,581.49,83.91,83.88,Calm,3.6,2024,12,4,4
2024-06-20,Suezmax,135008,Corpus Christi,Antwerp,Crude Oil,4856.5,677.71,89.14,38.76,Moderate,1.2,2024,6,3,2
2026-06-24,Capesize,160214,Santos,Qingdao,Grain,12081.1,684.01,92.84,41.51,Moderate,5.6,2026,6,2,2
2025-11-19,Suezmax,149004,Houston,Rotterdam,Chemicals,4785.2,645.29,101.19,43.27,Rough Sea,0.5,2025,11,2,4
2025-04-14,Handysize,26774,Singapore,Dubai,Chemicals,3359.5,570.51,96.7,52.49,Calm,0.5,2025,4,0,2
2026-07-22,Capesize,171349,Tubarao,Qingdao,Iron Ore,11517.3,698.35,109.86,42.6,Moderate,0.5,2026,7,2,3
2025-03-16,Capesize,180835,Richards Bay,Rotterdam,Thermal Coal,7126.7,601.41,96.11,26.66,Moderate,1.1,2025,3,6,1
2026-07-23,Suezmax,146827,Ras Tanura,Singapore,Crude Oil,3753.9,684.21,92.99,32.12,Moderate,1.5,2026,7,3,3
2026-07-27,Supramax,50808,Houston,Rotterdam,Crude Oil,4916.0,667.98,86.73,55.1,Moderate,1.9,2026,7,0,3
2025-09-17,Panamax,84207,Richards Bay,Rotterdam,Thermal Coal,7040.5,621.57,110.42,48.47,Calm,2.0,2025,9,2,3
2025-10-03,Supramax,57110,Santos,Rotterdam,Grain,5317.5,704.6,103.59,54.31,Calm,0.5,2025,10,4,4
2025-12-09,Panamax,84594,Richards Bay,Rotterdam,Thermal Coal,6961.5,686.18,124.44,55.87,Calm,4.1,2025,12,1,4
2024-06-28,Panamax,66505,Santos,Rotterdam,Bauxite,5307.7,689.69,96.13,45.63,Moderate,0.5,2024,6,4,2
2025-06-05,Aframax,116651,Corpus Christi,Antwerp,Crude Oil,4826.7,569.78,90.84,37.83,Calm,1.3,2025,6,3,2
2024-02-17,Capesize,207826,Santos,Qingdao,Iron Ore,11641.7,698.57,98.59,37.29,Calm,7.4,2024,2,5,1
2026-05-10,Supramax,59332,Houston,Rotterdam,Chemicals,4977.3,737.3,91.6,58.11,Rough Sea,1.0,2026,5,6,2
2025-07-28,Container Post-Panamax,117873,Singapore,Dubai,Chemicals,3314.4,584.99,101.3,93.41,Monsoon/Tropical Cyclone,8.3,2025,7,0,3
2025-10-29,Supramax,62673,Santos,Rotterdam,Bauxite,5462.0,664.39,108.59,61.57,Calm,3.9,2025,10,2,4
2024-02-01,Container Post-Panamax,104914,Shanghai,Los Angeles,Containerized Freight,5698.1,700.1,83.11,92.42,Calm,3.1,2024,2,3,1
2024-12-02,Aframax,114468,Houston,Rotterdam,Crude Oil,4729.5,584.72,112.66,51.11,Rough Sea,2.0,2024,12,0,4
2025-02-08,LNG Carrier,92124,Dampier,Yokohama,Iron Ore,3941.7,592.5,93.5,79.47,Calm,3.3,2025,2,5,1
2025-10-29,Capesize,205939,Richards Bay,Rotterdam,Thermal Coal,7102.0,668.0,104.43,24.7,Calm,0.5,2025,10,2,4
2025-10-17,Panamax,74789,Newcastle,Mumbai,Thermal Coal,6045.7,657.29,112.57,49.93,Moderate,2.0,2025,10,4,4
2025-06-06,Supramax,63143,Singapore,Dubai,Chemicals,3311.3,562.19,106.39,45.46,Moderate,0.5,2025,6,4,2
2025-07-26,Capesize,176035,Port Hedland,Qingdao,Iron Ore,3557.0,597.24,105.03,21.09,Moderate,0.5,2025,7,5,3
2026-05-26,Panamax,70573,Santos,Qingdao,Grain,11996.0,689.08,96.87,60.97,Calm,0.5,2026,5,1,2
2025-07-16,Capesize,205263,Tubarao,Qingdao,Iron Ore,11148.9,598.14,110.74,45.44,Moderate,6.7,2025,7,2,3
2024-06-01,Suezmax,150317,Corpus Christi,Antwerp,Crude Oil,4829.9,702.38,96.64,49.86,Calm,12.9,2024,6,5,2
2024-09-06,Suezmax,151195,Corpus Christi,Antwerp,Crude Oil,5040.8,659.84,96.9,36.87,Rough Sea,0.9,2024,9,4,3
2024-02-06,Capesize,196469,Dampier,Yokohama,Iron Ore,3949.9,719.98,97.0,20.13,Rough Sea,0.5,2024,2,1,1
2025-10-05,Container Post-Panamax,81620,Ningbo,Hamburg,Containerized Freight,10345.5,669.06,104.87,139.43,Rough Sea,1.8,2025,10,6,4
2023-12-23,Panamax,81536,Santos,Rotterdam,Bauxite,5504.8,676.05,86.7,44.34,Moderate,0.5,2023,12,5,4
2026-09-27,Container Post-Panamax,90735,Ningbo,Hamburg,Containerized Freight,10508.6,641.75,105.76,125.1,Calm,2.1,2026,9,6,3
2025-04-07,Suezmax,151413,Ras Tanura,Qingdao,Crude Oil,6433.0,583.46,113.28,49.03,Calm,3.6,2025,4,0,2
2025-09-29,Capesize,200763,Dampier,Yokohama,LNG,3945.5,625.37,112.18,27.96,Rough Sea,2.5,2025,9,0,3
2026-04-17,Suezmax,161740,Ras Tanura,Singapore,Crude Oil,3735.9,742.33,86.81,31.41,Moderate,0.8,2026,4,4,2
2025-02-04,Panamax,78005,Santos,Qingdao,Iron Ore,11482.5,582.27,94.86,60.01,Calm,4.2,2025,2,1,1
2024-08-09,Capesize,171462,Tubarao,Qingdao,Bauxite,11193.4,674.94,109.9,49.93,Moderate,9.3,2024,8,4,3
2024-12-18,Aframax,113621,Houston,Rotterdam,Crude Oil,4955.9,614.76,100.04,44.78,Moderate,0.5,2024,12,2,4
2025-11-29,Container Post-Panamax,129031,Shanghai,Los Angeles,Containerized Freight,5627.2,688.83,113.9,103.03,Calm,9.0,2025,11,5,4
2026-05-14,Aframax,112039,Houston,Rotterdam,Refined Petroleum,4911.6,733.44,101.8,53.59,Calm,0.6,2026,5,3,2
2026-01-11,Container Post-Panamax,133008,Shanghai,Los Angeles,Containerized Freight,5694.7,693.5,106.59,90.91,Calm,0.5,2026,1,6,1
2026-01-11,Capesize,182842,Port Hedland,Qingdao,Iron Ore,3605.0,711.72,83.15,20.69,Calm,2.8,2026,1,6,1
2023-12-14,Capesize,171361,Santos,Qingdao,Iron Ore,11725.5,686.48,94.96,38.05,Calm,3.7,2023,12,3,4
2024-07-02,Aframax,99207,Corpus Christi,Antwerp,Refined Petroleum,4953.8,713.89,89.96,47.49,Calm,0.5,2024,7,1,3
2025-08-22,VLCC,287385,Ras Tanura,Singapore,Crude Oil,3823.3,570.53,98.4,25.36,Moderate,1.9,2025,8,4,3
2025-11-15,Aframax,80303,Corpus Christi,Antwerp,Crude Oil,5000.5,675.87,95.78,55.48,Moderate,4.2,2025,11,5,4
2024-12-06,Capesize,195870,Richards Bay,Rotterdam,Thermal Coal,6927.9,611.08,83.38,31.47,Moderate,6.6,2024,12,4,4
2026-06-10,VLCC,306681,Ras Tanura,Singapore,Crude Oil,3752.7,695.37,93.21,23.67,Moderate,0.5,2026,6,2,2
2024-07-27,LNG Carrier,71678,Ras Laffan,Tokyo,LNG,6570.9,690.56,101.2,109.73,Moderate,1.7,2024,7,5,3
2026-06-21,LNG Carrier,80671,Ras Laffan,Tokyo,LNG,6536.5,694.25,96.81,107.79,Calm,3.0,2026,6,6,2
2024-11-26,Panamax,81284,Newcastle,Mumbai,Thermal Coal,5768.0,628.03,94.29,46.84,Moderate,2.7,2024,11,1,4
2024-06-03,LNG Carrier,76171,Ras Laffan,Tokyo,LNG,6633.0,705.65,101.86,106.94,Moderate,0.5,2024,6,0,2
2026-09-21,VLCC,284005,Ras Tanura,Singapore,Crude Oil,3809.5,625.28,123.92,30.25,Moderate,3.0,2026,9,0,3
2026-07-11,Panamax,80052,Santos,Rotterdam,Grain,5432.1,664.19,111.28,49.43,Moderate,3.7,2026,7,5,3
2024-10-12,Container Post-Panamax,115120,Ningbo,Hamburg,Containerized Freight,10632.6,617.85,95.32,134.56,Rough Sea,0.9,2024,10,5,4
2025-09-02,LNG Carrier,83443,Dampier,Yokohama,LNG,3870.8,642.75,106.81,92.97,Calm,9.6,2025,9,1,3
2024-08-13,VLCC,286280,Ras Tanura,Qingdao,Crude Oil,6287.8,732.63,101.66,39.97,Rough Sea,4.8,2024,8,1,3
2025-01-06,Panamax,70623,Richards Bay,Rotterdam,Thermal Coal,7153.2,545.4,95.29,45.73,Calm,2.4,2025,1,0,1
2025-09-03,Container Post-Panamax,122381,Ningbo,Hamburg,Containerized Freight,10509.1,665.32,92.54,126.86,Calm,3.3,2025,9,2,3
2024-04-10,Capesize,204527,Dampier,Yokohama,Iron Ore,3946.6,710.43,110.03,27.73,Moderate,7.0,2024,4,2,2
2024-12-20,Container Post-Panamax,104964,Shanghai,Los Angeles,Containerized Freight,5839.7,576.62,93.22,101.58,Stormy,3.6,2024,12,4,4
2025-02-12,Capesize,192740,Port Hedland,Qingdao,Iron Ore,3598.5,550.92,105.98,22.76,Moderate,4.5,2025,2,2,1
2024-08-29,Panamax,70649,Richards Bay,Rotterdam,Thermal Coal,7176.4,654.9,100.34,50.79,Moderate,1.1,2024,8,3,3
2026-06-13,VLCC,300637,Ras Tanura,Qingdao,Crude Oil,6417.5,712.68,104.88,29.93,Calm,0.9,2026,6,5,2
2026-02-02,Aframax,112417,Corpus Christi,Antwerp,Refined Petroleum,5004.6,700.95,102.9,57.02,Moderate,6.5,2026,2,0,1
2025-06-27,Container Post-Panamax,83324,Shanghai,Los Angeles,Containerized Freight,5670.0,554.84,105.61,89.95,Moderate,2.6,2025,6,4,2
2026-01-01,Suezmax,160598,Houston,Rotterdam,Refined Petroleum,4920.2,690.69,94.15,47.12,Moderate,6.6,2026,1,3,1
2024-07-09,Container Post-Panamax,82934,Ningbo,Hamburg,Containerized Freight,10596.0,669.7,113.7,142.89,Rough Sea,5.5,2024,7,1,3
2026-04-17,Panamax,83518,Tubarao,Qingdao,Iron Ore,11420.2,723.67,100.39,65.41,Calm,0.8,2026,4,4,2
2024-06-25,LNG Carrier,91816,Ras Laffan,Tokyo,LNG,6445.0,702.44,91.82,102.87,Calm,2.2,2024,6,1,2
2025-04-08,Supramax,54855,Houston,Rotterdam,Crude Oil,4986.7,566.73,86.67,53.43,Moderate,6.0,2025,4,1,2
2025-07-15,Capesize,168671,Santos,Qingdao,Grain,11953.4,574.75,95.91,46.87,Stormy,5.6,2025,7,1,3
2024-06-08,Capesize,174944,Port Hedland,Qingdao,Iron Ore,3724.0,689.26,90.33,23.46,Rough Sea,1.8,2024,6,5,2
2025-07-11,Suezmax,132010,Corpus Christi,Antwerp,Crude Oil,4813.8,572.8,83.15,34.87,Calm,0.5,2025,7,4,3
2024-06-08,Capesize,209918,Port Hedland,Qingdao,Iron Ore,3700.9,697.81,99.13,19.54,Calm,1.1,2024,6,5,2
2024-10-13,Container Post-Panamax,114139,Shanghai,Los Angeles,Containerized Freight,5537.3,629.73,108.94,90.83,Calm,4.2,2024,10,6,4
2025-10-14,Capesize,197815,Port Hedland,Qingdao,Iron Ore,3543.1,680.08,115.48,24.03,Calm,4.1,2025,10,1,4
2024-11-07,Capesize,160991,Richards Bay,Rotterdam,Thermal Coal,7029.9,617.95,113.64,27.6,Calm,1.1,2024,11,3,4
2026-09-12,Aframax,91344,Houston,Rotterdam,Refined Petroleum,4882.9,654.41,113.45,60.78,Calm,12.7,2026,9,5,3
2024-11-11,Capesize,167502,Port Hedland,Qingdao,Iron Ore,3663.1,638.11,90.89,22.37,Moderate,3.6,2024,11,0,4
2026-01-27,LNG Carrier,75762,Ras Laffan,Tokyo,LNG,6504.6,709.57,103.94,113.38,Calm,5.2,2026,1,1,1
2025-09-11,Aframax,96467,Houston,Rotterdam,Crude Oil,4785.9,613.09,99.26,50.28,Calm,2.4,2025,9,3,3
2024-09-19,LNG Carrier,81060,Dampier,Yokohama,LNG,4019.0,668.2,108.13,92.39,Moderate,1.7,2024,9,3,3
2023-10-13,LNG Carrier,86415,Ras Laffan,Tokyo,LNG,6391.2,690.65,109.86,125.05,Stormy,3.7,2023,10,4,4
2025-07-24,Suezmax,162291,Ras Tanura,Qingdao,Crude Oil,6436.5,635.51,95.97,56.55,Rough Sea,12.8,2025,7,3,3
2024-08-14,VLCC,288276,Ras Tanura,Qingdao,Crude Oil,6375.8,674.02,101.46,35.38,Calm,5.4,2024,8,2,3
2024-11-18,Capesize,177650,Richards Bay,Rotterdam,Thermal Coal,6925.3,602.69,98.17,26.17,Moderate,4.2,2024,11,0,4
2024-11-18,Aframax,114762,Corpus Christi,Antwerp,Crude Oil,5029.5,599.68,112.05,56.29,Calm,10.7,2024,11,0,4
2026-09-09,Container Post-Panamax,86507,Ningbo,Hamburg,Containerized Freight,10610.1,610.98,105.98,150.14,Stormy,2.4,2026,9,2,3
2025-04-28,Panamax,68390,Richards Bay,Rotterdam,Thermal Coal,7031.4,504.22,98.49,58.94,Calm,16.4,2025,4,0,2
2025-06-27,Panamax,82931,Newcastle,Mumbai,Thermal Coal,5844.3,597.38,96.52,48.7,Calm,4.2,2025,6,4,2
2025-02-27,Capesize,166328,Port Hedland,Qingdao,Iron Ore,3668.1,558.98,111.85,41.08,Calm,17.5,2025,2,3,1
2024-05-17,Container Post-Panamax,86542,Ningbo,Hamburg,Containerized Freight,10382.6,694.46,115.55,165.57,Monsoon/Tropical Cyclone,4.2,2024,5,4,2
2026-02-10,Capesize,184960,Tubarao,Qingdao,Iron Ore,11182.2,713.76,104.5,38.96,Moderate,2.6,2026,2,1,1
2024-07-11,LNG Carrier,90626,Ras Laffan,Tokyo,LNG,6687.7,671.29,104.41,108.95,Calm,3.1,2024,7,3,3
2026-03-30,Panamax,69106,Richards Bay,Rotterdam,Thermal Coal,7034.6,690.32,99.62,50.46,Calm,1.9,2026,3,0,1
2026-07-04,Aframax,93687,Corpus Christi,Antwerp,Crude Oil,5061.4,710.78,101.86,68.73,Monsoon/Tropical Cyclone,4.1,2026,7,5,3
2024-09-30,Capesize,179179,Port Hedland,Qingdao,Iron Ore,3715.4,683.33,113.31,33.54,Moderate,8.3,2024,9,0,3
2023-12-01,Container Post-Panamax,95364,Shanghai,Los Angeles,Containerized Freight,5718.2,678.46,120.41,102.65,Moderate,3.9,2023,12,4,4
2025-05-20,Capesize,171224,Richards Bay,Rotterdam,Thermal Coal,7212.1,577.29,98.07,28.15,Moderate,2.8,2025,5,1,2
2025-10-18,Panamax,78182,Santos,Qingdao,Grain,11671.7,664.39,113.02,85.4,Stormy,2.1,2025,10,5,4
2024-08-25,LNG Carrier,77501,Ras Laffan,Tokyo,LNG,6608.4,632.91,90.89,113.56,Calm,10.5,2024,8,6,3
2023-10-28,Container Post-Panamax,104289,Ningbo,Hamburg,Containerized Freight,10372.5,644.26,97.58,123.96,Calm,2.6,2023,10,5,4
2025-07-21,Panamax,69490,Tubarao,Qingdao,Bauxite,11137.1,588.45,87.53,62.27,Calm,5.0,2025,7,0,3
2025-03-12,Suezmax,161558,Ras Tanura,Qingdao,Crude Oil,6420.9,551.81,98.35,39.16,Calm,0.5,2025,3,2,1
2026-08-12,Capesize,175516,Dampier,Yokohama,LNG,3901.7,701.07,91.03,23.95,Rough Sea,1.9,2026,8,2,3
2024-10-22,Aframax,109425,Corpus Christi,Antwerp,Refined Petroleum,4785.2,647.01,113.88,51.6,Calm,0.8,2024,10,1,4
2025-11-05,VLCC,297879,Ras Tanura,Singapore,Crude Oil,3741.9,662.84,103.25,23.0,Rough Sea,0.5,2025,11,2,4
2025-10-12,Aframax,88651,Corpus Christi,Antwerp,Refined Petroleum,4973.0,622.94,88.98,50.85,Stormy,2.6,2025,10,6,4
2025-12-30,Capesize,189143,Port Hedland,Qingdao,Iron Ore,3545.0,678.82,93.74,21.57,Calm,2.4,2025,12,1,4
2025-08-16,LNG Carrier,82217,Dampier,Yokohama,LNG,4040.7,624.88,100.62,92.08,Moderate,4.8,2025,8,5,3
2025-12-11,Capesize,161914,Newcastle,Mumbai,Thermal Coal,5998.9,691.54,110.19,32.18,Calm,0.5,2025,12,3,4
2025-06-04,Panamax,77272,Newcastle,Mumbai,Thermal Coal,5963.8,593.19,101.01,42.12,Calm,1.3,2025,6,2,2
2024-05-16,Capesize,163378,Santos,Qingdao,Grain,11637.0,699.9,106.14,42.31,Rough Sea,2.4,2024,5,3,2
2024-01-14,Capesize,173531,Port Hedland,Qingdao,Iron Ore,3564.0,674.29,92.48,20.86,Rough Sea,1.0,2024,1,6,1
2024-01-13,Aframax,117111,Houston,Rotterdam,Refined Petroleum,4913.0,710.87,115.25,76.88,Monsoon/Tropical Cyclone,11.5,2024,1,5,1
2026-08-29,Supramax,61905,Singapore,Dubai,Chemicals,3313.7,649.3,109.45,51.37,Calm,6.8,2026,8,5,3
2025-06-27,Handysize,31721,Singapore,Dubai,Containerized Freight,3299.6,570.35,114.9,62.42,Calm,2.6,2025,6,4,2
2023-11-12,Capesize,175432,Dampier,Yokohama,Iron Ore,3972.8,705.52,102.51,24.76,Moderate,0.5,2023,11,6,4
2026-09-21,VLCC,293697,Ras Tanura,Qingdao,Crude Oil,6297.1,617.85,103.74,33.5,Calm,2.3,2026,9,0,3
2025-05-29,LNG Carrier,85593,Ras Laffan,Tokyo,LNG,6627.9,577.81,109.18,108.85,Moderate,1.3,2025,5,3,2
2026-03-19,Container Post-Panamax,113158,Ningbo,Hamburg,Containerized Freight,10270.3,698.26,101.21,128.06,Moderate,0.5,2026,3,3,1
2025-09-12,Capesize,170871,Santos,Qingdao,Iron Ore,11657.5,619.1,107.24,36.86,Calm,2.1,2025,9,4,3
2026-01-27,Panamax,71587,Newcastle,Mumbai,Thermal Coal,5797.6,688.65,89.09,57.46,Monsoon/Tropical Cyclone,2.4,2026,1,1,1
2024-02-24,Capesize,163962,Dampier,Yokohama,Iron Ore,3994.4,701.1,85.48,34.99,Stormy,10.7,2024,2,5,1
2024-05-04,Container Post-Panamax,106273,Ningbo,Hamburg,Containerized Freight,10797.9,690.25,79.2,127.68,Moderate,2.1,2024,5,5,2
2026-05-09,Container Post-Panamax,95106,Shanghai,Los Angeles,Containerized Freight,5784.4,710.24,99.68,96.53,Calm,2.9,2026,5,5,2
2025-09-26,Capesize,187254,Tubarao,Qingdao,Bauxite,11415.6,675.24,104.31,42.9,Rough Sea,5.5,2025,9,4,3
2026-08-19,Container Post-Panamax,86643,Ningbo,Hamburg,Containerized Freight,10205.5,637.4,99.78,139.26,Calm,18.0,2026,8,2,3
2024-11-05,Panamax,84252,Tubarao,Qingdao,Iron Ore,11472.9,621.68,87.9,66.17,Moderate,2.0,2024,11,1,4
2025-07-04,Capesize,162077,Port Hedland,Qingdao,Iron Ore,3632.3,571.01,100.74,24.42,Stormy,2.1,2025,7,4,3
2025-04-07,Container Post-Panamax,112736,Shanghai,Los Angeles,Containerized Freight,5646.3,562.41,96.72,87.28,Calm,5.5,2025,4,0,2
2024-03-26,Panamax,81450,Santos,Qingdao,Iron Ore,12007.8,758.08,103.35,70.82,Calm,2.1,2024,3,1,1
2024-06-26,Container Post-Panamax,132092,Ningbo,Hamburg,Containerized Freight,10485.4,669.55,96.15,123.34,Calm,1.3,2024,6,2,2
2024-12-06,Suezmax,144088,Ras Tanura,Qingdao,Crude Oil,6292.1,627.51,106.24,45.6,Calm,4.9,2024,12,4,4
2024-10-02,Capesize,191721,Dampier,Yokohama,Iron Ore,3880.3,667.05,114.09,34.5,Monsoon/Tropical Cyclone,5.6,2024,10,2,4
2026-04-09,Suezmax,157546,Ras Tanura,Qingdao,Crude Oil,6242.3,697.73,97.96,42.65,Moderate,1.7,2026,4,3,2
2024-10-11,Container Post-Panamax,107640,Shanghai,Los Angeles,Containerized Freight,5835.2,646.09,90.99,87.05,Calm,2.2,2024,10,4,4
2023-11-28,Supramax,51109,Houston,Rotterdam,Crude Oil,4953.9,666.29,109.25,64.71,Rough Sea,2.3,2023,11,1,4
2024-10-31,Supramax,61784,Singapore,Dubai,Containerized Freight,3496.7,628.8,110.22,42.5,Calm,2.7,2024,10,3,4
2025-10-06,Container Post-Panamax,96401,Ningbo,Hamburg,Containerized Freight,10617.2,643.54,108.49,126.02,Calm,2.8,2025,10,0,4
2024-02-07,Suezmax,143843,Corpus Christi,Antwerp,Crude Oil,4995.7,708.76,91.37,42.09,Calm,1.7,2024,2,2,1
2025-06-17,LNG Carrier,91132,Ras Laffan,Tokyo,LNG,6516.8,594.13,86.62,100.33,Calm,1.8,2025,6,1,2
2026-05-18,Aframax,114572,Corpus Christi,Antwerp,Crude Oil,4911.4,701.68,97.65,52.49,Moderate,0.5,2026,5,0,2
2025-08-13,Capesize,167087,Port Hedland,Qingdao,Iron Ore,3559.4,595.21,78.76,16.93,Moderate,4.0,2025,8,2,3
2026-09-17,VLCC,302316,Ras Tanura,Qingdao,Crude Oil,6099.4,680.95,97.07,35.49,Calm,1.5,2026,9,3,3
2026-05-19,Suezmax,144239,Ras Tanura,Singapore,Crude Oil,3624.3,729.5,101.02,43.28,Rough Sea,1.4,2026,5,1,2
2025-10-10,Panamax,79025,Tubarao,Qingdao,Bauxite,11080.1,661.73,119.11,73.27,Moderate,6.9,2025,10,4,4
2026-09-26,Suezmax,163694,Corpus Christi,Antwerp,Refined Petroleum,5050.2,636.69,105.96,42.68,Moderate,5.8,2026,9,5,3
2026-02-23,Panamax,71187,Richards Bay,Rotterdam,Thermal Coal,6895.9,714.51,110.25,59.96,Calm,4.7,2026,2,0,1
2024-11-15,Supramax,56537,Houston,Rotterdam,Crude Oil,4960.7,592.19,108.89,62.69,Rough Sea,5.7,2024,11,4,4
2024-07-08,Supramax,60219,Santos,Rotterdam,Grain,5513.4,661.02,104.49,58.32,Moderate,2.6,2024,7,0,3
2025-06-22,Suezmax,151231,Ras Tanura,Qingdao,Crude Oil,6088.5,585.33,105.36,39.41,Calm,1.0,2025,6,6,2
2025-05-07,VLCC,319204,Ras Tanura,Singapore,Crude Oil,3736.0,577.06,93.88,38.29,Monsoon/Tropical Cyclone,9.8,2025,5,2,2
2025-09-20,Supramax,59649,Santos,Rotterdam,Bauxite,5395.6,631.07,104.78,67.28,Monsoon/Tropical Cyclone,2.1,2025,9,5,3
2024-08-12,LNG Carrier,71692,Ras Laffan,Tokyo,LNG,6456.8,679.31,94.46,111.36,Calm,7.9,2024,8,0,3
2025-08-14,Suezmax,146874,Ras Tanura,Qingdao,Crude Oil,6129.3,619.32,90.34,43.01,Calm,6.3,2025,8,3,3
2024-12-04,Capesize,188173,Santos,Qingdao,Grain,11916.2,622.21,76.75,38.62,Rough Sea,7.3,2024,12,2,4
2026-07-29,Capesize,199553,Port Hedland,Qingdao,Iron Ore,3641.8,668.07,87.43,15.3,Calm,0.5,2026,7,2,3
2026-08-08,Supramax,53539,Singapore,Dubai,Steel Coils,3321.5,745.78,106.14,49.81,Moderate,4.2,2026,8,5,3
2026-04-30,Handysize,38408,Singapore,Dubai,Steel Coils,3325.0,767.43,93.65,77.01,Rough Sea,6.6,2026,4,3,2
2024-04-12,Capesize,207447,Newcastle,Mumbai,Thermal Coal,5999.6,762.39,101.32,23.74,Calm,1.1,2024,4,4,2
2025-06-22,Capesize,169752,Port Hedland,Qingdao,Iron Ore,3652.6,567.33,101.99,22.25,Moderate,2.7,2025,6,6,2
2026-04-06,VLCC,312863,Ras Tanura,Qingdao,Crude Oil,6280.3,717.1,99.36,35.45,Moderate,3.5,2026,4,0,2
2025-07-22,Suezmax,141432,Ras Tanura,Singapore,Crude Oil,3776.9,609.1,93.68,33.41,Calm,1.9,2025,7,1,3
2024-05-21,Container Post-Panamax,128255,Ningbo,Hamburg,Containerized Freight,10484.2,739.51,93.34,132.54,Calm,2.9,2024,5,1,2
2024-04-22,Container Post-Panamax,94886,Shanghai,Los Angeles,Containerized Freight,5814.7,733.51,91.88,97.35,Moderate,1.1,2024,4,0,2
2025-09-26,Supramax,56380,Houston,Rotterdam,Chemicals,4854.2,621.69,116.22,64.6,Calm,11.1,2025,9,4,3
2024-10-12,Capesize,203120,Newcastle,Mumbai,Thermal Coal,6071.9,618.46,127.49,39.43,Monsoon/Tropical Cyclone,4.6,2024,10,5,4
2025-03-20,LNG Carrier,78472,Ras Laffan,Tokyo,LNG,6507.2,590.03,96.76,103.0,Calm,1.5,2025,3,3,1
2026-04-24,Suezmax,151353,Ras Tanura,Qingdao,Crude Oil,6185.8,707.97,107.16,50.02,Moderate,2.3,2026,4,4,2
2025-10-20,Container Post-Panamax,92836,Singapore,Dubai,Chemicals,3346.9,665.37,105.64,78.64,Moderate,0.9,2025,10,0,4
2024-04-01,Handysize,28946,Singapore,Dubai,Steel Coils,3379.0,732.86,91.92,79.18,Rough Sea,9.4,2024,4,0,2
2024-04-15,Capesize,189744,Port Hedland,Qingdao,Iron Ore,3546.0,705.04,102.95,42.37,Stormy,11.9,2024,4,0,2
2023-10-26,Panamax,67463,Santos,Rotterdam,Grain,5592.5,647.61,97.66,44.4,Calm,0.6,2023,10,3,4
2025-08-31,Supramax,62291,Houston,Rotterdam,Refined Petroleum,4754.9,638.4,97.42,50.18,Calm,4.0,2025,8,6,3
2026-03-26,Container Post-Panamax,98732,Ningbo,Hamburg,Containerized Freight,10682.2,704.05,102.9,128.98,Calm,3.7,2026,3,3,1
2023-11-28,Panamax,73106,Newcastle,Mumbai,Thermal Coal,6024.7,650.52,101.06,52.59,Rough Sea,0.5,2023,11,1,4
2026-06-25,Panamax,79224,Santos,Qingdao,Iron Ore,11597.1,696.03,96.5,77.0,Stormy,2.5,2026,6,3,2
2024-10-28,Container Post-Panamax,117833,Shanghai,Los Angeles,Containerized Freight,5665.7,623.9,105.85,93.93,Calm,7.9,2024,10,0,4
2025-04-21,Panamax,75681,Santos,Rotterdam,Grain,5449.5,522.6,103.61,36.08,Calm,0.7,2025,4,0,2
2025-05-01,LNG Carrier,87361,Ras Laffan,Tokyo,LNG,6542.7,534.81,98.81,136.54,Monsoon/Tropical Cyclone,8.4,2025,5,3,2
2024-10-22,Container Post-Panamax,114321,Ningbo,Hamburg,Containerized Freight,10336.2,625.65,100.98,119.16,Calm,1.4,2024,10,1,4
2026-07-03,Capesize,185703,Tubarao,Qingdao,Bauxite,11293.7,706.26,105.12,45.4,Moderate,8.7,2026,7,4,3
2026-01-28,Handysize,29582,Singapore,Dubai,Chemicals,3496.7,718.67,92.88,60.58,Moderate,2.2,2026,1,2,1
2025-06-05,LNG Carrier,88405,Ras Laffan,Tokyo,LNG,6494.2,544.86,82.7,106.65,Rough Sea,0.7,2025,6,3,2
2023-10-04,Supramax,61315,Singapore,Dubai,Steel Coils,3459.9,650.85,99.55,59.33,Stormy,4.6,2023,10,2,4
2024-10-31,Capesize,161767,Port Hedland,Qingdao,Iron Ore,3574.2,657.96,116.98,28.68,Moderate,4.6,2024,10,3,4
2024-06-28,Capesize,200799,Tubarao,Qingdao,Iron Ore,11274.5,696.39,89.52,35.56,Moderate,2.3,2024,6,4,2
2024-10-07,Panamax,69441,Newcastle,Mumbai,Thermal Coal,5974.3,639.66,119.54,59.37,Calm,10.3,2024,10,0,4
2025-05-04,Capesize,167923,Richards Bay,Rotterdam,Thermal Coal,6920.7,586.44,92.6,33.6,Calm,7.6,2025,5,6,2
2026-05-12,Container Post-Panamax,91628,Singapore,Dubai,Steel Coils,3371.3,717.84,104.89,91.06,Stormy,3.0,2026,5,1,2
2024-03-26,Capesize,190616,Dampier,Yokohama,Iron Ore,3877.7,715.85,106.01,22.74,Moderate,2.0,2024,3,1,1
2026-07-02,Capesize,175078,Richards Bay,Rotterdam,Thermal Coal,6962.2,692.14,112.41,34.11,Rough Sea,1.3,2026,7,3,3
2026-05-02,Panamax,81820,Richards Bay,Rotterdam,Thermal Coal,6945.1,709.31,102.56,50.07,Calm,1.4,2026,5,5,2
2024-12-12,Panamax,74344,Newcastle,Mumbai,Thermal Coal,5822.1,580.7,97.23,45.67,Moderate,4.1,2024,12,3,4
2024-10-20,Suezmax,160493,Corpus Christi,Antwerp,Crude Oil,5034.9,635.25,114.04,45.91,Calm,7.9,2024,10,6,4
2025-02-20,Capesize,205741,Port Hedland,Qingdao,Iron Ore,3694.9,576.77,104.88,21.92,Calm,1.4,2025,2,3,1
2024-01-24,Supramax,59472,Houston,Rotterdam,Crude Oil,4987.4,703.98,108.58,79.92,Rough Sea,17.7,2024,1,2,1
2024-07-28,Panamax,81858,Richards Bay,Rotterdam,Thermal Coal,7211.8,653.22,85.1,53.9,Rough Sea,2.6,2024,7,6,3
2024-04-29,LNG Carrier,90704,Ras Laffan,Tokyo,LNG,6442.7,757.96,118.84,118.49,Calm,7.9,2024,4,0,2
2026-02-23,Container Post-Panamax,82142,Ningbo,Hamburg,Containerized Freight,10795.9,714.33,91.39,146.52,Rough Sea,10.0,2026,2,0,1
2026-03-24,Suezmax,154071,Corpus Christi,Antwerp,Crude Oil,4992.6,743.6,89.05,37.06,Calm,0.5,2026,3,1,1
2025-11-30,Capesize,198539,Port Hedland,Qingdao,Iron Ore,3728.2,702.47,118.49,21.7,Calm,2.1,2025,11,6,4
2025-12-16,Supramax,55004,Houston,Rotterdam,Chemicals,4947.3,678.38,98.52,54.43,Moderate,1.4,2025,12,1,4
2025-06-27,Supramax,59162,Santos,Rotterdam,Bauxite,5301.0,576.4,121.38,58.2,Calm,3.6,2025,6,4,2
2023-12-01,Suezmax,147249,Ras Tanura,Qingdao,Crude Oil,6300.6,697.2,106.92,61.89,Calm,17.5,2023,12,4,4
2026-05-15,Suezmax,133834,Ras Tanura,Qingdao,Crude Oil,6359.4,692.23,110.75,46.42,Calm,1.8,2026,5,4,2
2026-03-31,Panamax,70506,Tubarao,Qingdao,Iron Ore,11523.2,736.79,92.89,64.57,Calm,0.6,2026,3,1,1
2024-02-06,Capesize,163770,Port Hedland,Qingdao,Iron Ore,3735.3,695.9,114.24,27.13,Moderate,2.2,2024,2,1,1
2024-10-08,LNG Carrier,92991,Ras Laffan,Tokyo,LNG,6689.5,623.8,115.1,128.22,Moderate,18.0,2024,10,1,4
2025-12-08,VLCC,293734,Ras Tanura,Singapore,Crude Oil,3781.8,661.81,109.27,29.34,Moderate,0.9,2025,12,0,4
2025-12-28,Capesize,170232,Richards Bay,Rotterdam,Thermal Coal,7149.5,707.08,97.47,27.94,Calm,0.5,2025,12,6,4
2026-06-19,Capesize,195941,Dampier,Yokohama,Iron Ore,3929.4,706.9,86.22,25.34,Stormy,2.4,2026,6,4,2
2026-04-04,Container Post-Panamax,112030,Ningbo,Hamburg,Containerized Freight,10348.4,710.12,108.92,132.01,Calm,6.9,2026,4,5,2
2024-12-24,Supramax,54615,Singapore,Dubai,Containerized Freight,3402.1,633.97,110.1,46.55,Calm,1.0,2024,12,1,4
2023-10-23,Panamax,81503,Newcastle,Mumbai,Thermal Coal,5942.1,655.26,104.83,46.91,Calm,6.2,2023,10,0,4
2025-03-12,Capesize,191637,Santos,Qingdao,Iron Ore,11498.6,522.8,109.13,32.51,Calm,0.5,2025,3,2,1
2023-12-15,VLCC,304223,Ras Tanura,Singapore,Crude Oil,3776.8,689.64,103.66,26.59,Calm,3.6,2023,12,4,4
2026-06-20,Container Post-Panamax,119914,Shanghai,Los Angeles,Containerized Freight,5542.7,703.01,112.74,111.88,Stormy,4.8,2026,6,5,2
2024-10-09,VLCC,288219,Ras Tanura,Singapore,Crude Oil,3748.1,633.92,91.18,22.97,Moderate,0.5,2024,10,2,4
2024-09-19,Capesize,172104,Richards Bay,Rotterdam,Thermal Coal,7311.1,645.49,100.98,29.37,Rough Sea,2.6,2024,9,3,3
2025-09-16,Capesize,177410,Port Hedland,Qingdao,Iron Ore,3580.8,644.1,109.43,39.23,Calm,18.0,2025,9,1,3
2024-11-06,Container Post-Panamax,118890,Singapore,Dubai,Chemicals,3463.9,601.45,105.98,70.44,Calm,0.5,2024,11,2,4
2026-06-15,Suezmax,147371,Corpus Christi,Antwerp,Refined Petroleum,4830.9,683.82,102.55,41.74,Moderate,2.0,2026,6,0,2
2025-01-29,Capesize,188867,Richards Bay,Rotterdam,Thermal Coal,7135.0,514.03,103.91,25.63,Calm,4.0,2025,1,2,1
2026-09-30,Container Post-Panamax,109910,Ningbo,Hamburg,Containerized Freight,10746.2,642.33,98.34,121.79,Calm,0.8,2026,9,2,3
2024-06-07,Aframax,115076,Houston,Rotterdam,Chemicals,4784.9,740.65,92.66,51.07,Calm,1.1,2024,6,4,2
2025-02-23,Panamax,69409,Richards Bay,Rotterdam,Thermal Coal,7222.0,529.57,98.42,49.92,Calm,1.5,2025,2,6,1
2025-12-19,Aframax,109746,Corpus Christi,Antwerp,Refined Petroleum,4940.9,685.37,108.78,54.42,Rough Sea,0.5,2025,12,4,4
2024-11-24,Capesize,204878,Richards Bay,Rotterdam,Thermal Coal,7232.0,583.68,116.62,35.18,Calm,4.3,2024,11,6,4
2024-01-23,Panamax,74900,Richards Bay,Rotterdam,Thermal Coal,7302.1,743.54,88.62,48.05,Moderate,1.2,2024,1,1,1
2025-02-26,Capesize,205977,Tubarao,Qingdao,Iron Ore,10928.2,545.69,100.12,41.23,Stormy,3.6,2025,2,2,1
2023-12-26,Capesize,195827,Port Hedland,Qingdao,Iron Ore,3597.9,708.62,98.32,15.73,Calm,1.3,2023,12,1,4
2026-06-14,Container Post-Panamax,115200,Shanghai,Los Angeles,Containerized Freight,5576.7,716.02,99.13,99.45,Rough Sea,2.6,2026,6,6,2
2025-08-14,LNG Carrier,78567,Ras Laffan,Tokyo,LNG,6431.6,612.08,112.17,109.25,Calm,0.8,2025,8,3,3
2026-07-29,Supramax,61224,Houston,Rotterdam,Refined Petroleum,4751.7,669.12,78.09,50.41,Calm,2.9,2026,7,2,3
2024-12-15,Panamax,80488,Newcastle,Mumbai,Thermal Coal,5728.4,610.39,107.32,43.64,Calm,0.7,2024,12,6,4
2024-08-14,LNG Carrier,91077,Dampier,Yokohama,LNG,3866.8,668.52,94.11,86.56,Calm,4.5,2024,8,2,3
2024-07-16,Capesize,175804,Newcastle,Mumbai,Thermal Coal,5870.2,704.98,97.11,32.06,Moderate,1.3,2024,7,1,3
2024-12-28,Container Post-Panamax,114843,Shanghai,Los Angeles,Containerized Freight,5778.7,566.79,97.29,95.18,Rough Sea,1.0,2024,12,5,4
2025-08-18,Capesize,204673,Tubarao,Qingdao,Iron Ore,11490.6,610.61,117.24,47.14,Calm,10.4,2025,8,0,3
2023-10-06,Container Post-Panamax,126883,Ningbo,Hamburg,Containerized Freight,10631.0,670.02,96.92,124.49,Calm,1.6,2023,10,4,4
2026-04-01,Capesize,183140,Port Hedland,Qingdao,Iron Ore,3748.6,719.09,90.46,19.86,Moderate,1.2,2026,4,2,2
2026-05-26,Panamax,65915,Santos,Rotterdam,Grain,5392.2,757.87,105.87,51.88,Rough Sea,4.1,2026,5,1,2
2026-09-11,Capesize,186464,Santos,Qingdao,Grain,11630.9,676.77,94.43,41.87,Calm,7.4,2026,9,4,3
2024-12-31,Capesize,186693,Santos,Qingdao,Grain,11519.9,604.57,120.06,46.28,Moderate,5.5,2024,12,1,4
2026-06-08,Container Post-Panamax,83771,Shanghai,Los Angeles,Containerized Freight,5752.0,700.35,98.05,91.26,Calm,1.6,2026,6,0,2
2025-06-08,Capesize,164909,Richards Bay,Rotterdam,Thermal Coal,7156.2,595.15,101.04,33.6,Rough Sea,3.6,2025,6,6,2
2024-04-13,Panamax,83336,Santos,Qingdao,Iron Ore,12070.8,682.58,101.75,66.95,Calm,0.8,2024,4,5,2
2024-08-13,Panamax,67890,Richards Bay,Rotterdam,Thermal Coal,7049.6,675.25,122.47,57.3,Moderate,2.8,2024,8,1,3
2024-06-08,Capesize,186798,Tubarao,Qingdao,Bauxite,11533.4,724.2,80.05,34.8,Calm,1.3,2024,6,5,2
2025-07-08,Panamax,65925,Newcastle,Mumbai,Thermal Coal,6040.1,572.35,100.65,41.18,Calm,0.5,2025,7,1,3
2026-08-25,Handysize,32152,Singapore,Dubai,Containerized Freight,3353.7,645.56,98.76,54.07,Moderate,0.8,2026,8,1,3
2024-11-29,Panamax,76452,Santos,Qingdao,Grain,11711.2,614.59,109.42,73.06,Rough Sea,0.7,2024,11,4,4
2024-12-11,Supramax,55769,Singapore,Dubai,Chemicals,3448.4,591.74,104.59,44.59,Calm,1.1,2024,12,2,4
2025-09-10,Panamax,83926,Santos,Rotterdam,Bauxite,5427.7,618.31,92.75,37.51,Calm,0.5,2025,9,2,3
2026-07-27,Capesize,197447,Richards Bay,Rotterdam,Thermal Coal,7211.3,715.89,98.46,35.73,Rough Sea,5.2,2026,7,0,3
2026-06-06,Container Post-Panamax,128674,Shanghai,Los Angeles,Containerized Freight,5742.6,707.94,86.44,95.86,Calm,12.5,2026,6,5,2
2025-10-07,Suezmax,147640,Ras Tanura,Qingdao,Crude Oil,6233.7,651.84,99.27,44.85,Calm,5.2,2025,10,1,4
2026-02-25,Suezmax,151731,Houston,Rotterdam,Refined Petroleum,4908.9,734.69,84.31,48.43,Moderate,8.3,2026,2,2,1
2024-11-28,LNG Carrier,88967,Ras Laffan,Tokyo,LNG,6728.2,599.4,103.72,125.33,Stormy,2.0,2024,11,3,4
2026-09-06,Panamax,81532,Newcastle,Mumbai,Thermal Coal,5917.6,599.63,93.25,39.99,Calm,1.9,2026,9,6,3
2024-10-02,Container Post-Panamax,95690,Singapore,Dubai,Containerized Freight,3409.9,622.94,117.67,90.33,Rough Sea,4.1,2024,10,2,4
2026-02-06,VLCC,310701,Ras Tanura,Qingdao,Crude Oil,6309.6,707.19,91.12,40.97,Rough Sea,7.5,2026,2,4,1
2024-12-17,Container Post-Panamax,117312,Ningbo,Hamburg,Containerized Freight,10685.0,613.94,98.97,127.55,Moderate,1.6,2024,12,1,4
2024-12-16,Capesize,165250,Santos,Qingdao,Grain,11594.0,589.97,100.63,33.52,Calm,0.5,2024,12,0,4
2024-06-14,Capesize,198959,Port Hedland,Qingdao,Iron Ore,3640.9,685.67,81.01,14.55,Rough Sea,0.5,2024,6,4,2
2025-10-24,Supramax,53702,Houston,Rotterdam,Crude Oil,4753.4,670.21,127.52,62.63,Calm,2.9,2025,10,4,4
2024-03-09,LNG Carrier,94512,Ras Laffan,Tokyo,LNG,6635.3,705.73,113.89,117.67,Rough Sea,0.5,2024,3,5,1
2023-12-28,Container Post-Panamax,106529,Ningbo,Hamburg,Containerized Freight,10467.4,650.29,120.69,130.07,Calm,4.3,2023,12,3,4
2025-01-24,Capesize,177754,Dampier,Yokohama,Iron Ore,3895.7,587.03,104.54,16.46,Calm,1.0,2025,1,4,1
2026-09-16,Suezmax,161111,Ras Tanura,Singapore,Crude Oil,3765.8,687.76,116.79,44.62,Calm,4.9,2026,9,2,3
2025-12-24,Capesize,190125,Tubarao,Qingdao,Iron Ore,11201.5,649.91,91.61,44.21,Moderate,9.0,2025,12,2,4
2026-01-09,Panamax,76841,Santos,Rotterdam,Grain,5554.0,716.5,93.45,45.96,Calm,0.5,2026,1,4,1
2024-12-09,Capesize,185191,Tubarao,Qingdao,Iron Ore,11253.9,600.24,101.16,35.65,Calm,3.0,2024,12,0,4
2026-05-03,LNG Carrier,82727,Ras Laffan,Tokyo,LNG,6704.0,741.4,104.87,109.78,Calm,0.5,2026,5,6,2
2024-07-29,Capesize,169702,Tubarao,Qingdao,Iron Ore,11187.7,675.74,105.99,37.5,Calm,2.6,2024,7,0,3
2025-09-18,Capesize,172372,Santos,Qingdao,Grain,11555.8,617.49,115.2,43.56,Moderate,6.0,2025,9,3,3
2026-09-10,Aframax,105644,Corpus Christi,Antwerp,Refined Petroleum,4792.2,641.84,102.42,47.07,Calm,0.7,2026,9,3,3
2023-12-19,Supramax,63702,Houston,Rotterdam,Chemicals,4853.4,678.2,101.62,50.67,Calm,0.5,2023,12,1,4
2025-11-25,Panamax,79291,Tubarao,Qingdao,Iron Ore,11091.2,646.55,104.7,68.02,Calm,4.7,2025,11,1,4
2025-09-04,Capesize,192309,Dampier,Yokohama,Iron Ore,3994.7,642.43,104.64,29.97,Monsoon/Tropical Cyclone,3.4,2025,9,3,3
2024-12-08,Capesize,205823,Dampier,Yokohama,LNG,4044.3,628.99,88.39,24.91,Rough Sea,3.3,2024,12,6,4
2024-04-26,Supramax,59160,Santos,Rotterdam,Grain,5610.1,695.88,104.43,64.39,Rough Sea,5.4,2024,4,4,2
2026-08-04,VLCC,310060,Ras Tanura,Singapore,Crude Oil,3642.9,719.96,99.46,26.34,Moderate,0.8,2026,8,1,3
2026-09-13,Capesize,199428,Richards Bay,Rotterdam,Thermal Coal,6951.5,662.92,110.94,31.97,Calm,2.9,2026,9,6,3
2026-07-03,Supramax,64097,Houston,Rotterdam,Crude Oil,4795.5,643.66,86.14,48.38,Calm,0.7,2026,7,4,3
2025-03-05,Capesize,204401,Port Hedland,Qingdao,Iron Ore,3577.2,553.7,102.04,18.27,Calm,0.5,2025,3,2,1
2026-05-10,Suezmax,143181,Ras Tanura,Singapore,Crude Oil,3755.2,680.29,92.02,33.13,Calm,1.2,2026,5,6,2
2024-05-25,Container Post-Panamax,119627,Shanghai,Los Angeles,Containerized Freight,5757.3,697.96,88.79,100.38,Rough Sea,5.8,2024,5,5,2
2026-01-28,Capesize,203463,Port Hedland,Qingdao,Iron Ore,3738.0,743.97,86.69,19.33,Moderate,2.3,2026,1,2,1
2024-04-10,Capesize,193443,Richards Bay,Rotterdam,Thermal Coal,7125.5,721.93,98.24,24.74,Calm,1.2,2024,4,2,2
2024-05-25,Panamax,80047,Tubarao,Qingdao,Bauxite,10951.5,657.98,91.82,58.19,Calm,1.7,2024,5,5,2
2025-01-18,Capesize,181550,Dampier,Yokohama,LNG,3958.3,552.37,100.68,16.6,Moderate,0.5,2025,1,5,1
2025-11-09,Panamax,81881,Santos,Qingdao,Iron Ore,11566.6,692.9,93.78,66.92,Moderate,0.7,2025,11,6,4
2024-03-26,Capesize,203622,Port Hedland,Qingdao,Iron Ore,3575.9,687.9,106.63,22.42,Stormy,1.6,2024,3,1,1
2026-08-10,Panamax,80289,Santos,Rotterdam,Grain,5495.2,642.97,111.53,45.49,Calm,1.9,2026,8,0,3
2024-10-13,Aframax,93928,Corpus Christi,Antwerp,Crude Oil,4802.4,632.75,120.29,56.8,Moderate,2.8,2024,10,6,4
2026-08-14,VLCC,301474,Ras Tanura,Singapore,Crude Oil,3609.8,687.09,115.48,33.9,Calm,4.6,2026,8,4,3
2023-11-12,Suezmax,159610,Ras Tanura,Singapore,Crude Oil,3768.8,649.46,114.67,46.27,Stormy,3.2,2023,11,6,4
2025-05-01,VLCC,307277,Ras Tanura,Qingdao,Crude Oil,6310.4,557.48,99.09,39.66,Monsoon/Tropical Cyclone,5.0,2025,5,3,2
2024-03-16,VLCC,295157,Ras Tanura,Singapore,Crude Oil,3621.8,718.1,114.25,30.72,Calm,0.7,2024,3,5,1
2026-01-19,Capesize,202522,Tubarao,Qingdao,Iron Ore,11317.2,693.4,74.5,31.98,Calm,4.9,2026,1,0,1
2026-07-25,Panamax,81890,Santos,Rotterdam,Grain,5374.4,652.63,110.71,46.87,Calm,3.3,2026,7,5,3
2024-10-01,Capesize,204661,Port Hedland,Qingdao,Iron Ore,3658.3,654.68,117.96,30.95,Calm,6.5,2024,10,1,4
2024-01-20,Container Post-Panamax,122439,Singapore,Dubai,Chemicals,3421.6,679.59,116.31,86.96,Rough Sea,2.1,2024,1,5,1
2025-04-27,Suezmax,131911,Corpus Christi,Antwerp,Refined Petroleum,4883.9,560.25,95.1,31.2,Calm,1.7,2025,4,6,2
2025-07-20,Panamax,79734,Santos,Rotterdam,Grain,5380.6,598.18,85.22,43.81,Moderate,6.1,2025,7,6,3
2026-02-16,VLCC,292166,Ras Tanura,Singapore,Crude Oil,3697.7,685.67,103.17,26.25,Calm,5.0,2026,2,0,1
2024-04-19,Panamax,81321,Tubarao,Qingdao,Iron Ore,11342.5,720.83,108.47,72.71,Calm,4.1,2024,4,4,2
2026-08-02,Capesize,177853,Santos,Qingdao,Grain,12111.9,668.9,75.05,30.89,Moderate,1.2,2026,8,6,3
2026-01-17,LNG Carrier,87445,Ras Laffan,Tokyo,LNG,6491.5,703.57,94.95,112.58,Calm,9.1,2026,1,5,1
2024-04-21,Aframax,82041,Corpus Christi,Antwerp,Refined Petroleum,4932.6,760.19,92.4,54.23,Calm,5.5,2024,4,6,2
2024-02-16,Container Post-Panamax,90015,Singapore,Dubai,Steel Coils,3418.5,696.97,108.66,98.07,Stormy,4.5,2024,2,4,1
2024-05-03,Panamax,84340,Tubarao,Qingdao,Iron Ore,10909.2,697.19,108.24,63.86,Moderate,0.5,2024,5,4,2
2024-07-29,Capesize,176967,Newcastle,Mumbai,Thermal Coal,5811.5,696.92,100.03,24.2,Calm,2.3,2024,7,0,3
2024-09-27,Capesize,189514,Tubarao,Qingdao,Iron Ore,11332.9,639.81,101.96,40.65,Moderate,1.4,2024,9,4,3
2024-05-17,Capesize,172550,Dampier,Yokohama,LNG,3989.2,738.86,103.58,26.61,Rough Sea,1.3,2024,5,4,2
2024-05-16,Suezmax,154610,Ras Tanura,Qingdao,Crude Oil,6244.6,717.27,103.76,51.61,Moderate,9.2,2024,5,3,2
2026-03-28,Supramax,64336,Santos,Rotterdam,Bauxite,5442.0,757.85,95.16,62.83,Moderate,1.6,2026,3,5,1
2024-12-15,Panamax,78284,Tubarao,Qingdao,Iron Ore,11016.5,624.17,117.35,73.5,Calm,8.9,2024,12,6,4
2026-09-30,LNG Carrier,94880,Dampier,Yokohama,Iron Ore,3946.0,627.51,114.42,95.53,Rough Sea,1.3,2026,9,2,3
2024-10-03,Container Post-Panamax,115672,Singapore,Dubai,Steel Coils,3365.5,625.13,106.4,80.59,Calm,7.6,2024,10,3,4
2025-02-09,LNG Carrier,79828,Ras Laffan,Tokyo,LNG,6480.8,569.68,97.14,97.74,Calm,0.5,2025,2,6,1
2025-03-16,Aframax,111687,Houston,Rotterdam,Refined Petroleum,4763.6,568.49,111.94,45.8,Calm,4.0,2025,3,6,1
2024-05-23,Panamax,67743,Tubarao,Qingdao,Iron Ore,10967.0,706.49,100.33,58.99,Calm,1.4,2024,5,3,2
2025-05-05,Suezmax,159390,Houston,Rotterdam,Crude Oil,4918.2,577.57,87.5,37.37,Rough Sea,3.1,2025,5,0,2
2023-11-17,Panamax,69335,Santos,Rotterdam,Bauxite,5444.6,682.22,112.89,53.79,Calm,10.4,2023,11,4,4
2024-08-13,Panamax,69212,Santos,Rotterdam,Grain,5313.2,695.55,97.65,47.4,Calm,4.5,2024,8,1,3
2026-05-31,Capesize,197281,Port Hedland,Qingdao,Iron Ore,3681.6,732.43,106.61,44.47,Monsoon/Tropical Cyclone,14.2,2026,5,6,2
2026-05-04,Aframax,95098,Corpus Christi,Antwerp,Refined Petroleum,5007.0,726.39,126.03,59.84,Calm,7.3,2026,5,0,2
2025-01-02,Capesize,178962,Port Hedland,Qingdao,Iron Ore,3674.2,572.87,71.52,15.89,Moderate,2.3,2025,1,3,1
2025-06-11,Panamax,74592,Santos,Qingdao,Iron Ore,11747.2,602.2,89.89,71.37,Calm,7.6,2025,6,2,2
2026-04-07,Capesize,184916,Port Hedland,Qingdao,Iron Ore,3639.5,704.81,115.48,28.93,Calm,5.4,2026,4,1,2
2026-08-06,Container Post-Panamax,119602,Ningbo,Hamburg,Containerized Freight,10594.3,686.45,91.94,121.12,Calm,0.5,2026,8,3,3
2025-05-19,Panamax,82581,Newcastle,Mumbai,Thermal Coal,5761.6,583.22,102.25,43.69,Moderate,5.2,2025,5,0,2
2025-12-09,Panamax,83570,Richards Bay,Rotterdam,Thermal Coal,7181.1,707.02,104.92,55.59,Moderate,5.8,2025,12,1,4
2026-08-03,Panamax,76613,Newcastle,Mumbai,Thermal Coal,5982.0,661.21,82.61,44.05,Rough Sea,0.5,2026,8,0,3
2025-10-25,Panamax,83725,Tubarao,Qingdao,Iron Ore,11062.8,672.78,101.21,69.25,Rough Sea,0.5,2025,10,5,4
2024-03-22,Capesize,194370,Santos,Qingdao,Iron Ore,11801.5,722.31,90.8,49.11,Moderate,18.0,2024,3,4,1
2026-03-19,Container Post-Panamax,96279,Shanghai,Los Angeles,Containerized Freight,5617.2,706.13,80.81,92.76,Moderate,2.8,2026,3,3,1
2024-03-07,VLCC,281138,Ras Tanura,Qingdao,Crude Oil,6116.1,732.74,99.44,41.29,Calm,11.0,2024,3,3,1
2025-06-21,VLCC,317172,Ras Tanura,Qingdao,Crude Oil,6233.1,568.68,95.45,31.59,Calm,5.9,2025,6,5,2
2024-01-28,Panamax,72891,Richards Bay,Rotterdam,Thermal Coal,6932.8,698.48,93.84,60.25,Rough Sea,7.3,2024,1,6,1
2024-07-19,Capesize,177504,Port Hedland,Qingdao,Iron Ore,3701.5,666.71,95.33,22.52,Moderate,0.5,2024,7,4,3
2025-11-19,Panamax,77672,Newcastle,Mumbai,Thermal Coal,5885.7,710.53,122.93,64.24,Rough Sea,10.5,2025,11,2,4
2025-06-15,Aframax,102093,Corpus Christi,Antwerp,Crude Oil,4956.8,573.13,90.32,50.53,Calm,2.9,2025,6,6,2
2026-01-21,LNG Carrier,87027,Dampier,Yokohama,Iron Ore,4022.0,685.93,65.0,78.39,Calm,2.1,2026,1,2,1
2025-04-12,Capesize,176609,Tubarao,Qingdao,Iron Ore,11000.1,593.58,109.35,39.94,Moderate,2.2,2025,4,5,2
2024-08-21,Aframax,111352,Houston,Rotterdam,Refined Petroleum,4790.7,681.15,101.7,45.85,Calm,0.5,2024,8,2,3
2026-03-25,Panamax,65053,Santos,Qingdao,Iron Ore,11854.4,748.06,94.2,72.86,Moderate,1.1,2026,3,2,1
2025-07-02,Panamax,66840,Tubarao,Qingdao,Iron Ore,11342.8,577.69,103.5,65.86,Moderate,0.5,2025,7,2,3
2025-07-11,Capesize,191181,Port Hedland,Qingdao,Iron Ore,3623.8,613.01,97.77,31.52,Stormy,11.2,2025,7,4,3
2026-03-03,VLCC,286594,Ras Tanura,Qingdao,Crude Oil,6341.1,683.22,99.55,45.84,Stormy,7.7,2026,3,1,1
2025-07-10,Capesize,164578,Santos,Qingdao,Grain,11533.0,625.67,98.26,38.59,Moderate,1.3,2025,7,3,3
2024-04-05,Panamax,67960,Richards Bay,Rotterdam,Thermal Coal,7171.4,705.31,119.12,68.99,Rough Sea,5.6,2024,4,4,2
2025-03-31,Aframax,107276,Corpus Christi,Antwerp,Refined Petroleum,4863.0,588.08,92.08,47.73,Moderate,4.2,2025,3,0,1
2025-02-20,Supramax,56643,Singapore,Dubai,Containerized Freight,3457.3,589.39,99.72,42.38,Calm,0.8,2025,2,3,1
2024-11-01,LNG Carrier,83533,Ras Laffan,Tokyo,LNG,6562.9,623.08,105.84,111.64,Calm,5.3,2024,11,4,4
2025-07-18,Capesize,203901,Santos,Qingdao,Iron Ore,11525.5,589.96,87.63,33.85,Calm,4.1,2025,7,4,3
2026-02-04,Panamax,77827,Santos,Rotterdam,Bauxite,5359.9,762.36,92.28,42.29,Moderate,0.5,2026,2,2,1
2024-11-10,Panamax,81026,Richards Bay,Rotterdam,Thermal Coal,7136.9,626.06,116.59,56.12,Calm,7.2,2024,11,6,4
2026-07-29,Supramax,55428,Houston,Rotterdam,Crude Oil,4951.9,706.59,97.43,59.77,Calm,4.1,2026,7,2,3
2025-05-05,Capesize,204254,Newcastle,Mumbai,Thermal Coal,6032.5,615.91,97.03,22.78,Calm,3.3,2025,5,0,2
2023-10-27,Capesize,169928,Newcastle,Mumbai,Thermal Coal,5920.8,637.92,102.06,25.09,Calm,0.6,2023,10,4,4
2026-02-01,Aframax,96648,Corpus Christi,Antwerp,Refined Petroleum,4983.8,741.82,86.55,46.32,Calm,0.5,2026,2,6,1
2024-12-03,LNG Carrier,80176,Dampier,Yokohama,Iron Ore,3960.3,583.58,69.04,85.33,Rough Sea,2.5,2024,12,1,4
2025-01-07,Panamax,79741,Tubarao,Qingdao,Bauxite,11503.4,612.17,99.19,62.78,Calm,1.7,2025,1,1,1
2025-08-31,VLCC,304031,Ras Tanura,Qingdao,Crude Oil,6120.6,612.31,100.88,30.47,Calm,0.5,2025,8,6,3
2025-04-11,Supramax,59784,Santos,Rotterdam,Grain,5392.7,535.21,84.06,57.18,Rough Sea,6.6,2025,4,4,2
2024-12-03,Suezmax,140527,Ras Tanura,Singapore,Crude Oil,3729.1,576.44,115.23,44.04,Stormy,4.4,2024,12,1,4
2026-02-07,Capesize,199017,Santos,Qingdao,Iron Ore,11993.7,693.64,85.45,34.15,Calm,1.1,2026,2,5,1
2024-12-15,LNG Carrier,90159,Ras Laffan,Tokyo,LNG,6633.7,624.57,98.76,101.95,Calm,1.4,2024,12,6,4
2025-04-13,VLCC,303502,Ras Tanura,Qingdao,Crude Oil,6162.9,568.7,120.45,34.16,Calm,2.2,2025,4,6,2
2024-05-10,Supramax,61774,Santos,Rotterdam,Bauxite,5318.3,743.55,124.31,71.76,Moderate,4.7,2024,5,4,2
2025-09-04,Capesize,207740,Richards Bay,Rotterdam,Thermal Coal,6967.0,611.59,117.96,34.75,Calm,4.9,2025,9,3,3
2023-11-26,Suezmax,158918,Ras Tanura,Singapore,Crude Oil,3787.5,621.47,95.26,29.73,Calm,1.6,2023,11,6,4
2026-09-25,Capesize,172770,Santos,Qingdao,Grain,12050.7,662.28,105.92,40.49,Calm,0.5,2026,9,4,3
2024-10-30,Panamax,70039,Newcastle,Mumbai,Thermal Coal,5804.2,650.2,102.68,55.28,Stormy,2.9,2024,10,2,4
2025-08-06,Suezmax,146253,Corpus Christi,Antwerp,Refined Petroleum,4927.4,617.16,92.22,33.89,Moderate,1.2,2025,8,2,3
2024-07-30,Container Post-Panamax,84832,Ningbo,Hamburg,Containerized Freight,10743.9,708.54,96.49,130.19,Calm,4.2,2024,7,1,3
2026-09-10,Suezmax,149865,Houston,Rotterdam,Chemicals,4778.0,637.69,87.45,47.37,Monsoon/Tropical Cyclone,1.6,2026,9,3,3
2024-06-09,Panamax,82161,Tubarao,Qingdao,Bauxite,11417.9,678.2,108.49,68.45,Calm,4.0,2024,6,6,2
2024-02-06,Panamax,77318,Richards Bay,Rotterdam,Thermal Coal,7035.8,670.96,95.85,56.19,Moderate,9.3,2024,2,1,1
2024-06-04,Capesize,169221,Newcastle,Mumbai,Thermal Coal,5822.2,684.74,96.87,34.39,Monsoon/Tropical Cyclone,1.6,2024,6,1,2
2024-01-06,VLCC,306207,Ras Tanura,Qingdao,Crude Oil,6095.9,719.5,88.78,32.4,Calm,5.2,2024,1,5,1
2025-06-11,Container Post-Panamax,130252,Ningbo,Hamburg,Containerized Freight,10600.4,596.13,102.67,124.78,Calm,0.5,2025,6,2,2
2025-02-20,Panamax,80535,Santos,Qingdao,Iron Ore,11467.9,571.92,84.98,65.58,Rough Sea,4.6,2025,2,3,1
2025-07-05,Container Post-Panamax,133187,Ningbo,Hamburg,Containerized Freight,10344.7,581.22,88.92,117.42,Moderate,1.6,2025,7,5,3
2026-07-24,VLCC,294965,Ras Tanura,Singapore,Crude Oil,3705.2,681.53,85.3,24.24,Calm,1.4,2026,7,4,3
2026-05-20,Suezmax,142804,Ras Tanura,Singapore,Crude Oil,3686.7,689.34,101.31,38.25,Calm,2.8,2026,5,2,2
2026-01-03,VLCC,313818,Ras Tanura,Qingdao,Crude Oil,6189.6,686.86,89.06,27.11,Moderate,0.5,2026,1,5,1
2024-07-23,Supramax,64751,Singapore,Dubai,Steel Coils,3452.0,701.37,102.19,49.37,Rough Sea,0.5,2024,7,1,3
2025-11-24,Panamax,74738,Santos,Qingdao,Iron Ore,11753.9,645.82,107.19,69.97,Calm,1.7,2025,11,0,4
2026-07-26,VLCC,319149,Ras Tanura,Singapore,Crude Oil,3772.5,687.45,103.11,23.62,Calm,0.5,2026,7,6,3
2026-09-23,LNG Carrier,84675,Ras Laffan,Tokyo,LNG,6686.1,669.91,120.45,112.09,Calm,2.7,2026,9,2,3
2026-06-24,Panamax,82532,Tubarao,Qingdao,Bauxite,10931.5,707.55,108.2,63.54,Calm,0.5,2026,6,2,2
2024-01-14,Suezmax,142217,Ras Tanura,Qingdao,Crude Oil,6349.7,700.5,95.56,49.75,Moderate,1.0,2024,1,6,1
2024-07-01,LNG Carrier,84100,Dampier,Yokohama,LNG,4039.7,703.54,97.43,104.35,Stormy,2.3,2024,7,0,3
2025-08-02,VLCC,285534,Ras Tanura,Qingdao,Crude Oil,6085.3,581.48,111.2,39.86,Monsoon/Tropical Cyclone,2.1,2025,8,5,3
2025-11-20,LNG Carrier,90850,Ras Laffan,Tokyo,LNG,6538.2,673.29,101.71,110.2,Moderate,2.4,2025,11,3,4
2024-01-05,Capesize,167286,Santos,Qingdao,Grain,11931.8,677.66,88.91,46.88,Rough Sea,8.0,2024,1,4,1
2026-06-05,Panamax,84062,Santos,Rotterdam,Grain,5300.3,706.11,112.16,46.6,Calm,3.3,2026,6,4,2
2024-10-22,LNG Carrier,88434,Ras Laffan,Tokyo,LNG,6592.2,647.03,109.98,103.85,Calm,1.4,2024,10,1,4
2025-09-03,Suezmax,144641,Ras Tanura,Qingdao,Crude Oil,6229.4,598.21,93.6,39.2,Moderate,1.3,2025,9,2,3
2024-06-22,Capesize,172179,Tubarao,Qingdao,Bauxite,10993.5,713.2,99.13,38.28,Calm,4.5,2024,6,5,2
2026-06-15,Container Post-Panamax,129860,Singapore,Dubai,Steel Coils,3463.2,662.53,116.1,95.14,Stormy,6.1,2026,6,0,2
2024-09-26,Aframax,93128,Corpus Christi,Antwerp,Crude Oil,4807.9,637.0,122.8,71.27,Stormy,9.7,2024,9,3,3
2024-04-26,Suezmax,142793,Ras Tanura,Singapore,Crude Oil,3790.9,701.1,100.43,49.25,Monsoon/Tropical Cyclone,3.2,2024,4,4,2
2026-03-03,Aframax,113959,Corpus Christi,Antwerp,Crude Oil,5066.0,714.51,89.92,55.04,Rough Sea,3.7,2026,3,1,1
2024-02-23,Panamax,76747,Tubarao,Qingdao,Iron Ore,11380.6,691.08,105.48,91.79,Monsoon/Tropical Cyclone,6.9,2024,2,4,1
2025-04-19,Suezmax,159476,Corpus Christi,Antwerp,Refined Petroleum,4964.4,593.18,94.17,44.88,Moderate,8.6,2025,4,5,2
2026-08-27,Supramax,59966,Singapore,Dubai,Chemicals,3460.5,674.17,80.14,48.36,Rough Sea,0.5,2026,8,3,3
2025-07-10,Handysize,26716,Singapore,Dubai,Containerized Freight,3384.4,618.75,115.39,63.65,Calm,2.1,2025,7,3,3
2025-05-02,Supramax,63116,Santos,Rotterdam,Bauxite,5567.7,571.35,98.18,59.95,Rough Sea,6.0,2025,5,4,2
2025-02-12,Container Post-Panamax,120128,Shanghai,Los Angeles,Containerized Freight,5813.2,581.2,86.39,89.98,Rough Sea,1.3,2025,2,2,1
2025-04-06,Aframax,111041,Corpus Christi,Antwerp,Crude Oil,4917.1,531.18,95.85,54.46,Stormy,4.0,2025,4,6,2
2024-12-30,Panamax,81995,Santos,Qingdao,Iron Ore,12094.8,621.4,108.21,77.13,Rough Sea,7.1,2024,12,0,4
2025-09-18,Container Post-Panamax,96361,Ningbo,Hamburg,Containerized Freight,10312.1,685.99,102.78,125.58,Calm,0.9,2025,9,3,3
2024-11-22,Container Post-Panamax,90108,Singapore,Dubai,Chemicals,3308.2,609.52,113.96,81.46,Calm,7.7,2024,11,4,4
2024-01-30,Capesize,178112,Tubarao,Qingdao,Bauxite,10866.9,684.75,103.24,50.76,Stormy,8.9,2024,1,1,1
2026-07-11,Supramax,50109,Singapore,Dubai,Containerized Freight,3463.0,687.89,93.16,47.81,Calm,0.6,2026,7,5,3
2025-06-12,Panamax,80967,Santos,Qingdao,Grain,11780.1,592.88,104.44,59.18,Calm,1.4,2025,6,3,2
2024-02-19,Aframax,86328,Corpus Christi,Antwerp,Crude Oil,5065.7,716.93,98.43,49.84,Calm,2.5,2024,2,0,1
2026-09-30,Capesize,186257,Port Hedland,Qingdao,Iron Ore,3564.6,654.95,89.83,29.38,Moderate,12.4,2026,9,2,3
2025-10-24,Capesize,190765,Santos,Qingdao,Grain,11859.5,627.4,121.02,53.22,Calm,16.3,2025,10,4,4
2025-04-26,Suezmax,131942,Corpus Christi,Antwerp,Refined Petroleum,4967.0,556.89,122.36,46.65,Calm,5.8,2025,4,5,2
2023-10-08,VLCC,315794,Ras Tanura,Singapore,Crude Oil,3772.1,679.03,91.31,23.74,Rough Sea,1.4,2023,10,6,4
2026-06-18,Suezmax,142278,Ras Tanura,Singapore,Crude Oil,3815.1,730.75,103.42,39.66,Moderate,1.1,2026,6,3,2
2026-04-09,Suezmax,140777,Ras Tanura,Singapore,Crude Oil,3733.9,738.96,106.28,33.31,Calm,0.6,2026,4,3,2
2023-10-20,Container Post-Panamax,128312,Ningbo,Hamburg,Containerized Freight,10711.9,666.07,92.39,125.85,Calm,5.2,2023,10,4,4
2026-01-13,Container Post-Panamax,129232,Ningbo,Hamburg,Containerized Freight,10681.8,693.0,105.84,142.26,Rough Sea,3.3,2026,1,1,1
2024-03-31,Aframax,112207,Corpus Christi,Antwerp,Refined Petroleum,4835.3,714.48,113.39,54.54,Calm,0.5,2024,3,6,1
2024-04-01,LNG Carrier,92985,Ras Laffan,Tokyo,LNG,6468.4,714.54,104.43,122.89,Rough Sea,4.1,2024,4,0,2
2026-09-13,Panamax,77835,Santos,Qingdao,Grain,11573.5,672.62,111.97,67.76,Moderate,0.5,2026,9,6,3
2026-07-17,Container Post-Panamax,123629,Ningbo,Hamburg,Containerized Freight,10285.9,664.35,82.79,132.79,Rough Sea,2.8,2026,7,4,3
2025-11-05,Container Post-Panamax,107916,Shanghai,Los Angeles,Containerized Freight,5588.9,656.33,104.92,118.51,Stormy,12.9,2025,11,2,4
2025-09-29,Aframax,98302,Houston,Rotterdam,Chemicals,4857.4,662.92,123.8,62.71,Moderate,6.2,2025,9,0,3
2025-08-16,Suezmax,163579,Ras Tanura,Qingdao,Crude Oil,6406.3,608.07,109.31,44.62,Calm,1.9,2025,8,5,3
2026-03-10,Container Post-Panamax,96632,Shanghai,Los Angeles,Containerized Freight,5705.1,726.89,93.03,91.06,Calm,0.5,2026,3,1,1
2024-12-09,Suezmax,157215,Houston,Rotterdam,Crude Oil,4912.9,615.78,104.83,43.73,Calm,4.1,2024,12,0,4
2026-09-11,Container Post-Panamax,125065,Ningbo,Hamburg,Containerized Freight,10748.9,634.52,103.38,139.56,Moderate,11.7,2026,9,4,3
2025-10-09,Handysize,36552,Singapore,Dubai,Chemicals,3484.5,653.52,101.08,62.04,Calm,6.8,2025,10,3,4
2024-08-17,Panamax,76628,Tubarao,Qingdao,Bauxite,10919.8,657.11,88.12,58.56,Moderate,0.6,2024,8,5,3
2023-11-22,Container Post-Panamax,130555,Ningbo,Hamburg,Containerized Freight,10206.8,661.83,86.98,119.62,Calm,3.8,2023,11,2,4
2026-03-28,VLCC,312021,Ras Tanura,Qingdao,Crude Oil,6384.3,726.03,96.92,34.99,Calm,3.8,2026,3,5,1
2026-03-17,Panamax,70899,Santos,Qingdao,Grain,12080.1,701.19,103.16,82.95,Stormy,5.6,2026,3,1,1
2024-12-13,Suezmax,157996,Ras Tanura,Qingdao,Crude Oil,6432.8,610.83,102.28,44.77,Rough Sea,0.5,2024,12,4,4
2024-04-01,LNG Carrier,78545,Ras Laffan,Tokyo,LNG,6436.3,760.75,99.48,110.95,Calm,1.9,2024,4,0,2
2024-08-11,Capesize,168041,Santos,Qingdao,Grain,12016.6,685.19,95.7,49.86,Stormy,10.0,2024,8,6,3
2026-06-11,LNG Carrier,85162,Dampier,Yokohama,LNG,3900.0,654.67,84.05,89.38,Moderate,5.0,2026,6,3,2
2026-04-27,Capesize,179596,Port Hedland,Qingdao,Iron Ore,3592.7,727.39,109.53,33.1,Moderate,11.0,2026,4,0,2
2025-06-23,Capesize,188902,Port Hedland,Qingdao,Iron Ore,3543.2,555.07,113.63,23.63,Calm,2.7,2025,6,0,2
2024-12-21,Panamax,79560,Tubarao,Qingdao,Iron Ore,11369.7,553.42,100.73,64.85,Calm,2.8,2024,12,5,4
2025-03-14,VLCC,315218,Ras Tanura,Singapore,Crude Oil,3829.8,566.18,82.49,17.03,Calm,1.3,2025,3,4,1
2024-01-23,Supramax,52903,Santos,Rotterdam,Grain,5566.4,721.5,93.39,58.55,Moderate,0.8,2024,1,1,1
2024-02-20,Container Post-Panamax,121844,Ningbo,Hamburg,Containerized Freight,10377.2,697.21,89.14,134.7,Rough Sea,1.2,2024,2,1,1
2024-08-31,Capesize,200932,Dampier,Yokohama,Iron Ore,3945.7,650.79,86.62,19.34,Calm,2.6,2024,8,5,3
2024-06-22,Panamax,80246,Richards Bay,Rotterdam,Thermal Coal,7170.5,656.74,102.4,53.85,Rough Sea,0.9,2024,6,5,2
2025-09-20,Container Post-Panamax,103862,Shanghai,Los Angeles,Containerized Freight,5622.8,619.02,128.58,97.16,Calm,2.5,2025,9,5,3
2025-12-18,Supramax,60846,Santos,Rotterdam,Bauxite,5447.0,670.68,99.23,60.54,Rough Sea,5.6,2025,12,3,4
2025-08-01,LNG Carrier,79320,Ras Laffan,Tokyo,LNG,6556.0,649.05,95.52,114.66,Rough Sea,1.1,2025,8,4,3
2024-06-01,Capesize,193674,Port Hedland,Qingdao,Iron Ore,3755.0,734.61,91.17,17.96,Moderate,1.2,2024,6,5,2
2026-07-14,Container Post-Panamax,128068,Shanghai,Los Angeles,Containerized Freight,5788.6,659.87,100.39,93.31,Moderate,0.5,2026,7,1,3
2025-09-28,Suezmax,160623,Houston,Rotterdam,Crude Oil,4820.7,661.39,103.27,58.65,Stormy,9.5,2025,9,6,3
2024-03-20,VLCC,308658,Ras Tanura,Qingdao,Crude Oil,6299.4,692.74,93.75,38.99,Stormy,6.6,2024,3,2,1
2025-02-22,Container Post-Panamax,97777,Shanghai,Los Angeles,Containerized Freight,5849.1,587.02,84.85,84.83,Calm,1.0,2025,2,5,1
2025-09-15,LNG Carrier,79743,Ras Laffan,Tokyo,LNG,6614.3,623.31,107.12,106.62,Calm,1.7,2025,9,0,3
2025-01-22,Capesize,165282,Tubarao,Qingdao,Iron Ore,11017.3,579.59,120.09,42.71,Rough Sea,3.3,2025,1,2,1
2024-06-30,Capesize,209145,Tubarao,Qingdao,Iron Ore,11190.1,685.06,93.99,35.87,Rough Sea,1.1,2024,6,6,2
2026-04-27,Suezmax,160328,Ras Tanura,Singapore,Crude Oil,3611.5,699.08,115.18,43.83,Calm,5.3,2026,4,0,2
2025-05-01,Container Post-Panamax,116645,Shanghai,Los Angeles,Containerized Freight,5848.6,559.71,111.05,116.82,Monsoon/Tropical Cyclone,7.0,2025,5,3,2
2025-06-19,Capesize,169888,Richards Bay,Rotterdam,Thermal Coal,7291.4,572.06,92.24,38.7,Calm,16.9,2025,6,3,2
2023-11-12,Container Post-Panamax,111146,Shanghai,Los Angeles,Containerized Freight,5737.9,657.13,129.2,100.64,Calm,4.6,2023,11,6,4
2025-05-07,Panamax,75766,Santos,Qingdao,Grain,11685.3,587.54,102.57,69.18,Rough Sea,2.4,2025,5,2,2
2026-03-01,Panamax,81010,Newcastle,Mumbai,Thermal Coal,6012.2,714.26,105.16,57.8,Moderate,5.4,2026,3,6,1
2026-07-09,LNG Carrier,91739,Dampier,Yokohama,Iron Ore,4042.2,693.76,111.49,89.04,Calm,2.8,2026,7,3,3
2024-05-24,Capesize,197099,Port Hedland,Qingdao,Iron Ore,3630.3,688.68,87.5,24.8,Stormy,1.9,2024,5,4,2
2025-05-24,Container Post-Panamax,111331,Shanghai,Los Angeles,Containerized Freight,5673.1,584.45,97.14,84.85,Calm,1.9,2025,5,5,2
2024-05-17,Aframax,115416,Houston,Rotterdam,Crude Oil,4768.6,725.83,93.82,53.74,Rough Sea,0.8,2024,5,4,2
2026-06-17,Capesize,169402,Tubarao,Qingdao,Bauxite,11266.0,680.49,98.13,34.14,Calm,0.5,2026,6,2,2
2024-12-30,Panamax,83855,Newcastle,Mumbai,Thermal Coal,6011.6,601.59,112.68,45.87,Rough Sea,0.5,2024,12,0,4
2023-10-22,Suezmax,150338,Corpus Christi,Antwerp,Crude Oil,4880.3,671.68,104.92,40.9,Rough Sea,0.5,2023,10,6,4
2025-10-29,Suezmax,136903,Corpus Christi,Antwerp,Refined Petroleum,5036.9,656.56,112.22,39.17,Calm,1.4,2025,10,2,4
2024-11-17,Suezmax,143967,Ras Tanura,Qingdao,Crude Oil,6200.0,619.51,107.54,49.22,Moderate,4.3,2024,11,6,4
2024-10-22,Capesize,208314,Port Hedland,Qingdao,Iron Ore,3636.8,597.49,98.95,27.93,Moderate,8.4,2024,10,1,4
2025-12-06,Aframax,80705,Houston,Rotterdam,Crude Oil,4931.7,663.91,94.66,49.62,Moderate,0.7,2025,12,5,4
2024-03-07,Suezmax,155511,Ras Tanura,Singapore,Crude Oil,3757.5,678.87,98.3,34.31,Calm,0.5,2024,3,3,1
2026-01-03,Capesize,181083,Port Hedland,Qingdao,Iron Ore,3638.0,704.28,90.53,23.67,Stormy,2.8,2026,1,5,1
2023-11-19,Panamax,81027,Santos,Rotterdam,Grain,5476.8,661.31,120.0,57.1,Calm,10.1,2023,11,6,4
2025-04-14,Container Post-Panamax,91851,Ningbo,Hamburg,Containerized Freight,10377.3,566.06,90.23,122.08,Calm,7.6,2025,4,0,2
2025-03-31,VLCC,299203,Ras Tanura,Qingdao,Crude Oil,6094.7,596.56,96.02,28.59,Calm,4.1,2025,3,0,1
2024-10-14,VLCC,307228,Ras Tanura,Qingdao,Crude Oil,6302.8,629.98,109.18,34.63,Rough Sea,3.8,2024,10,0,4
2024-11-10,Panamax,84566,Richards Bay,Rotterdam,Thermal Coal,6919.6,615.08,93.5,50.59,Moderate,5.4,2024,11,6,4
2024-09-27,Aframax,109733,Houston,Rotterdam,Crude Oil,4780.2,678.55,85.4,51.3,Moderate,4.0,2024,9,4,3
2024-06-11,Aframax,103740,Houston,Rotterdam,Crude Oil,4910.2,680.98,97.25,51.49,Calm,2.6,2024,6,1,2
2026-08-30,Aframax,119212,Corpus Christi,Antwerp,Refined Petroleum,4870.4,657.18,95.49,47.51,Moderate,0.8,2026,8,6,3
2026-02-06,Panamax,82866,Newcastle,Mumbai,Thermal Coal,5953.7,708.82,97.29,44.9,Calm,2.6,2026,2,4,1
2023-10-30,Capesize,167912,Santos,Qingdao,Grain,12036.0,660.11,107.59,52.13,Stormy,5.9,2023,10,0,4
2026-05-02,VLCC,289549,Ras Tanura,Singapore,Crude Oil,3651.7,690.52,82.01,23.4,Calm,2.7,2026,5,5,2
2023-10-24,Capesize,185903,Tubarao,Qingdao,Iron Ore,11283.7,660.6,104.66,39.29,Calm,3.6,2023,10,1,4
2024-06-10,Supramax,64874,Santos,Rotterdam,Grain,5359.1,701.35,117.79,76.53,Stormy,3.6,2024,6,0,2
2025-03-15,Suezmax,150516,Houston,Rotterdam,Refined Petroleum,4979.9,589.16,88.21,37.89,Rough Sea,1.4,2025,3,5,1
2024-04-20,Container Post-Panamax,108982,Ningbo,Hamburg,Containerized Freight,10207.5,735.43,105.46,144.79,Moderate,10.7,2024,4,5,2
2025-01-20,Capesize,186391,Port Hedland,Qingdao,Iron Ore,3614.5,574.36,93.76,25.61,Stormy,4.3,2025,1,0,1
2025-10-13,Panamax,71671,Santos,Qingdao,Grain,11741.9,636.7,75.23,72.13,Rough Sea,8.5,2025,10,0,4
2026-04-14,Suezmax,135932,Corpus Christi,Antwerp,Crude Oil,4999.7,684.55,111.59,48.33,Calm,9.3,2026,4,1,2
2025-12-14,LNG Carrier,74362,Ras Laffan,Tokyo,LNG,6644.9,654.68,95.66,107.58,Moderate,0.7,2025,12,6,4
2024-03-30,Aframax,84999,Houston,Rotterdam,Refined Petroleum,4765.9,711.32,105.0,57.2,Calm,6.0,2024,3,5,1
2023-10-04,Suezmax,164376,Corpus Christi,Antwerp,Crude Oil,5028.7,653.71,112.09,43.64,Stormy,1.5,2023,10,2,4
2024-10-17,Capesize,174371,Port Hedland,Qingdao,Iron Ore,3558.8,640.28,115.77,27.54,Calm,5.3,2024,10,3,4
2024-02-04,LNG Carrier,90211,Ras Laffan,Tokyo,LNG,6469.9,712.12,82.96,109.84,Moderate,1.4,2024,2,6,1
2025-03-08,Supramax,62891,Houston,Rotterdam,Crude Oil,4899.3,571.33,102.41,52.32,Calm,1.7,2025,3,5,1
2024-08-02,LNG Carrier,70602,Dampier,Yokohama,LNG,3937.4,668.96,88.31,89.19,Rough Sea,0.7,2024,8,4,3
2026-01-16,Capesize,198344,Richards Bay,Rotterdam,Thermal Coal,7017.4,707.79,92.92,26.43,Calm,2.7,2026,1,4,1
2024-10-20,Capesize,166472,Port Hedland,Qingdao,Iron Ore,3554.1,594.34,85.92,18.94,Moderate,4.5,2024,10,6,4
2024-11-05,Container Post-Panamax,113996,Shanghai,Los Angeles,Containerized Freight,5659.7,614.42,110.57,88.61,Calm,0.6,2024,11,1,4
2026-06-27,Handysize,33928,Singapore,Dubai,Chemicals,3416.8,672.85,92.59,58.92,Calm,0.9,2026,6,5,2
2024-08-19,Capesize,169586,Richards Bay,Rotterdam,Thermal Coal,6935.1,640.36,103.96,35.17,Moderate,6.3,2024,8,0,3
2024-06-18,Capesize,185046,Santos,Qingdao,Iron Ore,11536.6,674.64,102.6,42.84,Moderate,5.0,2024,6,1,2
2026-04-03,Container Post-Panamax,81422,Ningbo,Hamburg,Containerized Freight,10658.0,759.8,105.63,134.37,Moderate,0.5,2026,4,4,2
2024-10-03,VLCC,294973,Ras Tanura,Singapore,Crude Oil,3686.8,658.66,108.7,23.7,Moderate,0.9,2024,10,3,4
2025-01-11,Aframax,105611,Corpus Christi,Antwerp,Refined Petroleum,4994.2,567.77,93.99,44.43,Moderate,1.9,2025,1,5,1
2024-02-27,Container Post-Panamax,134588,Singapore,Dubai,Steel Coils,3458.8,720.26,91.61,72.58,Moderate,2.1,2024,2,1,1
2023-12-23,Panamax,77734,Santos,Qingdao,Iron Ore,12046.3,716.18,89.65,71.12,Calm,4.1,2023,12,5,4
2026-09-16,Suezmax,151762,Ras Tanura,Qingdao,Crude Oil,6292.0,630.22,108.58,47.21,Moderate,6.3,2026,9,2,3
2024-11-27,Suezmax,148038,Ras Tanura,Singapore,Crude Oil,3716.2,598.54,99.59,35.96,Calm,4.7,2024,11,2,4
2025-09-02,LNG Carrier,78460,Dampier,Yokohama,LNG,3882.7,649.52,106.82,81.85,Calm,1.2,2025,9,1,3
2024-02-19,Capesize,173417,Newcastle,Mumbai,Thermal Coal,6017.3,730.28,104.09,24.63,Calm,0.9,2024,2,0,1
2024-05-15,Panamax,83541,Santos,Qingdao,Iron Ore,11960.4,728.35,93.69,65.92,Calm,0.9,2024,5,2,2
2023-11-01,Handysize,34531,Singapore,Dubai,Chemicals,3339.4,647.94,115.59,65.0,Calm,2.2,2023,11,2,4
2026-03-17,Container Post-Panamax,111888,Ningbo,Hamburg,Containerized Freight,10265.3,700.78,101.95,125.32,Calm,0.8,2026,3,1,1
2026-01-23,Supramax,61044,Houston,Rotterdam,Chemicals,4852.2,746.23,93.0,56.58,Moderate,2.6,2026,1,4,1
2025-07-21,Suezmax,164985,Houston,Rotterdam,Refined Petroleum,4880.0,594.54,105.97,43.8,Calm,8.5,2025,7,0,3
2024-08-31,Container Post-Panamax,102264,Singapore,Dubai,Chemicals,3488.5,666.27,97.63,79.09,Calm,3.1,2024,8,5,3
2024-11-14,Supramax,60275,Singapore,Dubai,Steel Coils,3498.7,608.9,124.33,53.29,Calm,4.6,2024,11,3,4
2024-12-16,LNG Carrier,82243,Ras Laffan,Tokyo,LNG,6698.3,584.65,114.36,112.39,Moderate,1.2,2024,12,0,4
2025-03-20,Aframax,81107,Corpus Christi,Antwerp,Refined Petroleum,4964.7,549.76,90.53,46.74,Rough Sea,1.5,2025,3,3,1
2025-07-11,LNG Carrier,86540,Ras Laffan,Tokyo,LNG,6489.0,610.42,102.12,107.85,Moderate,2.4,2025,7,4,3
2026-08-29,Aframax,102747,Houston,Rotterdam,Chemicals,4798.8,644.36,95.82,50.33,Calm,9.9,2026,8,5,3
2025-01-07,Panamax,83862,Santos,Rotterdam,Grain,5304.7,565.76,102.17,39.91,Calm,1.6,2025,1,1,1
2025-11-17,Container Post-Panamax,86607,Singapore,Dubai,Chemicals,3298.1,666.18,112.22,75.95,Calm,2.6,2025,11,0,4
2024-02-09,Container Post-Panamax,126809,Ningbo,Hamburg,Containerized Freight,10338.0,681.72,91.94,124.28,Calm,1.2,2024,2,4,1
2024-08-10,Handysize,33389,Singapore,Dubai,Chemicals,3341.6,705.47,115.85,68.26,Calm,5.4,2024,8,5,3
2024-06-21,Capesize,198107,Dampier,Yokohama,LNG,3998.9,677.06,109.52,23.44,Calm,0.5,2024,6,4,2
2026-01-27,Supramax,62857,Santos,Rotterdam,Bauxite,5361.2,760.04,83.54,60.33,Calm,4.6,2026,1,1,1
2024-01-20,Panamax,65294,Tubarao,Qingdao,Bauxite,11378.1,689.77,93.95,68.63,Moderate,1.3,2024,1,5,1
2026-01-23,LNG Carrier,75892,Dampier,Yokohama,LNG,4012.4,704.25,89.83,83.54,Moderate,0.5,2026,1,4,1
2024-07-07,VLCC,315629,Ras Tanura,Qingdao,Crude Oil,6402.2,735.03,93.29,31.77,Rough Sea,1.2,2024,7,6,3
2026-08-28,Container Post-Panamax,90318,Ningbo,Hamburg,Containerized Freight,10431.8,656.97,88.62,147.13,Stormy,3.5,2026,8,4,3
2025-08-28,Container Post-Panamax,111209,Shanghai,Los Angeles,Containerized Freight,5803.6,648.36,109.31,97.04,Moderate,3.5,2025,8,3,3
2025-04-05,Panamax,78836,Newcastle,Mumbai,Thermal Coal,6030.4,547.66,99.0,48.84,Stormy,1.7,2025,4,5,2
2024-12-19,Capesize,191679,Newcastle,Mumbai,Thermal Coal,6051.1,593.75,86.12,25.75,Calm,5.0,2024,12,3,4
2025-11-08,Suezmax,144307,Ras Tanura,Qingdao,Crude Oil,6142.3,664.07,122.96,56.52,Calm,11.8,2025,11,5,4
2024-06-27,Capesize,160165,Dampier,Yokohama,Iron Ore,3927.2,699.02,98.6,22.35,Calm,3.7,2024,6,3,2
2023-10-15,Capesize,160268,Port Hedland,Qingdao,Iron Ore,3566.8,687.37,113.92,35.44,Calm,4.0,2023,10,6,4
2024-05-01,Capesize,198468,Newcastle,Mumbai,Thermal Coal,5784.3,712.47,83.3,29.71,Monsoon/Tropical Cyclone,5.0,2024,5,2,2
2026-09-28,Suezmax,154002,Ras Tanura,Singapore,Crude Oil,3809.2,662.28,91.4,32.58,Calm,3.0,2026,9,0,3
2024-09-20,Supramax,60542,Singapore,Dubai,Containerized Freight,3359.6,644.04,117.36,61.14,Stormy,5.0,2024,9,4,3
2025-01-23,Container Post-Panamax,117652,Shanghai,Los Angeles,Containerized Freight,5710.7,569.45,107.74,85.01,Calm,0.5,2025,1,3,1
2025-10-10,Suezmax,132010,Ras Tanura,Qingdao,Crude Oil,6318.8,645.45,127.26,52.72,Moderate,3.0,2025,10,4,4
2024-01-15,Panamax,67022,Richards Bay,Rotterdam,Thermal Coal,7249.9,658.6,82.74,50.38,Moderate,4.2,2024,1,0,1
2024-08-16,Supramax,50443,Santos,Rotterdam,Bauxite,5307.5,664.98,122.53,72.46,Rough Sea,4.7,2024,8,4,3
2024-12-06,Capesize,178907,Newcastle,Mumbai,Thermal Coal,5747.9,592.85,96.53,35.3,Stormy,7.0,2024,12,4,4
2026-03-16,Capesize,174082,Dampier,Yokohama,Iron Ore,3948.2,715.19,96.89,25.21,Moderate,2.9,2026,3,0,1
2025-11-01,Panamax,69409,Newcastle,Mumbai,Thermal Coal,5780.2,627.79,113.98,46.66,Calm,1.3,2025,11,5,4
2026-06-20,Aframax,106075,Corpus Christi,Antwerp,Crude Oil,4920.0,728.11,103.02,68.48,Monsoon/Tropical Cyclone,4.9,2026,6,5,2
2025-03-11,Suezmax,134252,Houston,Rotterdam,Crude Oil,4869.3,583.53,111.09,39.16,Moderate,4.3,2025,3,1,1
2026-06-04,Panamax,73654,Tubarao,Qingdao,Iron Ore,11471.4,739.41,104.64,70.25,Calm,3.9,2026,6,3,2
2024-12-03,Aframax,84981,Houston,Rotterdam,Chemicals,4848.0,598.51,110.37,46.39,Calm,0.5,2024,12,1,4
2025-08-04,LNG Carrier,83543,Ras Laffan,Tokyo,LNG,6395.4,637.44,99.63,99.35,Calm,2.8,2025,8,0,3
2025-07-08,Supramax,57222,Houston,Rotterdam,Refined Petroleum,4872.8,655.74,109.58,54.82,Moderate,1.4,2025,7,1,3
2024-11-02,Supramax,56083,Santos,Rotterdam,Grain,5495.8,588.72,107.62,53.16,Calm,0.5,2024,11,5,4
2024-12-06,Capesize,208423,Port Hedland,Qingdao,Iron Ore,3732.8,562.27,90.72,15.44,Moderate,0.5,2024,12,4,4
2026-05-05,Capesize,188061,Tubarao,Qingdao,Bauxite,11159.8,701.26,99.19,34.67,Calm,0.5,2026,5,1,2
2026-05-01,Suezmax,160198,Ras Tanura,Singapore,Crude Oil,3623.2,702.05,105.21,35.6,Calm,0.5,2026,5,4,2
2025-03-23,Supramax,52010,Houston,Rotterdam,Crude Oil,4923.5,575.94,106.81,54.71,Calm,6.6,2025,3,6,1
2024-05-09,Container Post-Panamax,88938,Ningbo,Hamburg,Containerized Freight,10373.9,749.14,89.37,122.41,Calm,1.6,2024,5,3,2
2026-04-30,Capesize,195194,Dampier,Yokohama,Iron Ore,4017.7,706.91,109.8,32.61,Stormy,4.7,2026,4,3,2
2025-11-29,Suezmax,135965,Ras Tanura,Singapore,Crude Oil,3687.1,691.16,101.85,43.31,Rough Sea,1.4,2025,11,5,4
2025-05-17,Capesize,174462,Tubarao,Qingdao,Bauxite,11273.6,550.82,104.47,43.91,Calm,6.5,2025,5,5,2
2024-10-29,Supramax,63191,Singapore,Dubai,Steel Coils,3412.1,643.67,88.61,42.71,Calm,2.7,2024,10,1,4
2024-04-03,Capesize,177924,Newcastle,Mumbai,Thermal Coal,5815.7,706.61,98.16,26.97,Rough Sea,2.5,2024,4,2,2
2026-01-03,Capesize,170086,Richards Bay,Rotterdam,Thermal Coal,7301.7,672.82,101.73,34.5,Rough Sea,0.8,2026,1,5,1
2026-04-17,LNG Carrier,83698,Ras Laffan,Tokyo,LNG,6426.0,718.47,91.49,106.98,Moderate,2.2,2026,4,4,2
2025-03-08,Capesize,182998,Tubarao,Qingdao,Iron Ore,11337.1,607.98,94.9,35.05,Moderate,2.5,2025,3,5,1
2025-04-07,Panamax,74215,Richards Bay,Rotterdam,Thermal Coal,6992.5,576.0,98.1,44.02,Calm,1.0,2025,4,0,2
2025-07-14,Capesize,181141,Port Hedland,Qingdao,Iron Ore,3648.1,626.04,100.26,26.03,Rough Sea,5.3,2025,7,0,3
2026-05-17,Suezmax,155978,Ras Tanura,Qingdao,Crude Oil,6100.7,684.42,86.99,49.26,Stormy,2.7,2026,5,6,2
2025-03-17,Capesize,209206,Tubarao,Qingdao,Bauxite,11197.8,553.91,99.61,29.3,Moderate,0.5,2025,3,0,1
2024-06-05,Panamax,73488,Santos,Rotterdam,Bauxite,5369.0,729.02,101.93,58.99,Calm,11.4,2024,6,2,2
2026-02-28,Capesize,177138,Richards Bay,Rotterdam,Thermal Coal,7032.8,696.09,94.68,37.42,Stormy,8.5,2026,2,5,1
2025-06-24,Aframax,98613,Houston,Rotterdam,Crude Oil,4826.1,589.21,109.85,45.59,Calm,0.6,2025,6,1,2
2025-04-23,Supramax,57073,Santos,Rotterdam,Bauxite,5542.9,575.78,85.19,50.58,Calm,3.9,2025,4,2,2
2023-12-06,LNG Carrier,89697,Ras Laffan,Tokyo,LNG,6560.8,685.41,97.61,126.82,Stormy,2.0,2023,12,2,4
2026-03-07,Panamax,72763,Santos,Qingdao,Iron Ore,11953.8,717.17,103.86,69.37,Calm,0.5,2026,3,5,1
2025-04-26,LNG Carrier,75042,Dampier,Yokohama,LNG,3907.9,555.66,84.19,79.8,Moderate,2.1,2025,4,5,2
2024-02-17,VLCC,312799,Ras Tanura,Singapore,Crude Oil,3782.5,704.44,99.82,39.42,Monsoon/Tropical Cyclone,6.5,2024,2,5,1
2025-11-17,Aframax,85423,Corpus Christi,Antwerp,Refined Petroleum,4971.6,654.74,95.05,64.8,Stormy,4.3,2025,11,0,4
2025-12-18,Handysize,31531,Singapore,Dubai,Steel Coils,3446.6,672.02,107.32,75.02,Stormy,3.9,2025,12,3,4
2024-03-22,LNG Carrier,94527,Ras Laffan,Tokyo,LNG,6685.0,734.65,91.27,106.41,Calm,0.5,2024,3,4,1
2025-10-19,Supramax,58936,Santos,Rotterdam,Bauxite,5610.7,635.24,122.15,63.04,Calm,5.4,2025,10,6,4
2024-12-07,Aframax,91487,Corpus Christi,Antwerp,Refined Petroleum,5017.2,640.49,98.0,50.39,Calm,4.7,2024,12,5,4
2024-11-25,Container Post-Panamax,106752,Ningbo,Hamburg,Containerized Freight,10355.1,599.91,106.85,123.35,Calm,0.9,2024,11,0,4
2026-02-23,Capesize,183754,Port Hedland,Qingdao,Iron Ore,3734.2,743.73,86.83,23.88,Calm,3.5,2026,2,0,1
2024-09-30,Container Post-Panamax,114632,Ningbo,Hamburg,Containerized Freight,10479.8,633.51,107.09,126.55,Calm,1.8,2024,9,0,3
2024-11-13,Capesize,199241,Newcastle,Mumbai,Thermal Coal,5906.9,570.08,107.16,24.16,Calm,1.0,2024,11,2,4
2024-04-14,Capesize,179477,Dampier,Yokohama,LNG,4055.3,713.69,113.88,24.83,Calm,0.5,2024,4,6,2
2024-04-29,Capesize,181668,Santos,Qingdao,Grain,12014.3,701.75,111.68,46.77,Stormy,2.0,2024,4,0,2
2023-10-30,Capesize,193132,Newcastle,Mumbai,Thermal Coal,5852.7,666.48,119.24,36.35,Moderate,3.0,2023,10,0,4
2025-07-25,Suezmax,162259,Ras Tanura,Qingdao,Crude Oil,6117.0,609.24,106.44,39.91,Moderate,0.9,2025,7,4,3
2024-02-10,Panamax,70117,Newcastle,Mumbai,Thermal Coal,5945.4,722.63,98.89,49.19,Calm,1.2,2024,2,5,1
2024-09-25,Aframax,82730,Corpus Christi,Antwerp,Crude Oil,4981.8,649.92,113.71,54.57,Moderate,0.5,2024,9,2,3
2025-08-19,VLCC,311283,Ras Tanura,Qingdao,Crude Oil,6277.9,600.56,96.43,34.86,Stormy,3.8,2025,8,1,3
2024-05-20,Capesize,164879,Richards Bay,Rotterdam,Thermal Coal,7182.7,729.85,98.77,29.31,Calm,1.2,2024,5,0,2
2024-11-25,Capesize,190295,Richards Bay,Rotterdam,Thermal Coal,7198.9,578.09,105.31,37.45,Monsoon/Tropical Cyclone,4.0,2024,11,0,4
2024-05-05,Panamax,71834,Santos,Qingdao,Iron Ore,11801.8,722.18,92.8,69.12,Moderate,6.1,2024,5,6,2
2025-12-18,Capesize,182549,Port Hedland,Qingdao,Iron Ore,3666.4,727.12,91.65,19.68,Calm,1.9,2025,12,3,4
2024-07-29,LNG Carrier,90167,Ras Laffan,Tokyo,LNG,6441.9,713.57,101.27,118.72,Rough Sea,3.7,2024,7,0,3
2023-12-17,LNG Carrier,81408,Dampier,Yokohama,Iron Ore,4055.4,688.22,86.38,83.98,Moderate,1.9,2023,12,6,4
2025-10-06,Suezmax,132186,Ras Tanura,Singapore,Crude Oil,3656.1,636.38,108.59,33.74,Rough Sea,0.5,2025,10,0,4
2024-02-27,LNG Carrier,78861,Dampier,Yokohama,LNG,3971.1,728.53,84.69,86.12,Calm,2.4,2024,2,1,1
2026-07-29,VLCC,285334,Ras Tanura,Qingdao,Crude Oil,6332.5,691.53,95.11,32.77,Calm,3.3,2026,7,2,3
2024-01-25,VLCC,315228,Ras Tanura,Singapore,Crude Oil,3703.5,716.11,97.66,25.18,Calm,2.5,2024,1,3,1
2025-12-31,Capesize,182277,Port Hedland,Qingdao,Iron Ore,3687.9,692.2,105.28,27.56,Calm,6.2,2025,12,2,4
2024-08-18,Capesize,163278,Port Hedland,Qingdao,Iron Ore,3702.0,651.19,99.14,25.05,Rough Sea,0.8,2024,8,6,3
2026-06-30,Container Post-Panamax,101307,Shanghai,Los Angeles,Containerized Freight,5822.6,673.49,112.13,103.45,Rough Sea,1.6,2026,6,1,2
2025-07-15,Suezmax,156820,Ras Tanura,Singapore,Crude Oil,3672.6,595.91,112.55,37.54,Calm,6.7,2025,7,1,3
2024-02-20,Handysize,30631,Singapore,Dubai,Containerized Freight,3340.5,734.55,98.12,63.31,Calm,4.7,2024,2,1,1
2024-05-31,Capesize,198904,Newcastle,Mumbai,Thermal Coal,5925.3,746.29,98.4,31.38,Calm,6.0,2024,5,4,2
2026-02-19,Panamax,73155,Newcastle,Mumbai,Thermal Coal,5862.7,725.13,96.84,65.48,Monsoon/Tropical Cyclone,3.8,2026,2,3,1
2026-08-29,Suezmax,156740,Ras Tanura,Singapore,Crude Oil,3667.9,662.71,101.41,34.35,Moderate,3.1,2026,8,5,3
2025-12-05,Capesize,195861,Newcastle,Mumbai,Thermal Coal,5934.8,691.77,105.96,23.13,Calm,0.5,2025,12,4,4
2026-04-01,Panamax,82872,Santos,Qingdao,Grain,11705.4,689.57,121.49,84.16,Moderate,10.1,2026,4,2,2
2025-09-27,Panamax,70121,Newcastle,Mumbai,Thermal Coal,5880.3,620.51,109.98,61.15,Monsoon/Tropical Cyclone,5.8,2025,9,5,3
2025-04-20,LNG Carrier,88691,Ras Laffan,Tokyo,LNG,6433.8,565.94,84.21,114.05,Stormy,2.0,2025,4,6,2
2024-06-04,Suezmax,134898,Ras Tanura,Singapore,Crude Oil,3804.5,658.58,92.48,45.87,Rough Sea,8.0,2024,6,1,2
2024-02-09,Container Post-Panamax,88555,Shanghai,Los Angeles,Containerized Freight,5781.0,698.48,91.39,93.79,Calm,7.1,2024,2,4,1
2025-04-12,Suezmax,143640,Ras Tanura,Qingdao,Crude Oil,6238.6,534.17,97.92,33.16,Calm,0.5,2025,4,5,2
2026-02-24,Container Post-Panamax,113511,Shanghai,Los Angeles,Containerized Freight,5697.2,748.1,71.21,99.05,Rough Sea,2.6,2026,2,1,1
2024-02-27,Supramax,53435,Santos,Rotterdam,Bauxite,5548.8,694.84,88.32,58.91,Moderate,0.5,2024,2,1,1
2026-04-16,Handysize,29664,Singapore,Dubai,Steel Coils,3447.8,707.2,102.04,69.4,Rough Sea,0.9,2026,4,3,2
2024-04-05,VLCC,301711,Ras Tanura,Qingdao,Crude Oil,6171.5,691.53,99.32,32.83,Calm,4.6,2024,4,4,2
2026-07-13,Panamax,68240,Richards Bay,Rotterdam,Thermal Coal,6999.4,688.23,99.41,54.11,Moderate,3.0,2026,7,0,3
2024-03-23,Container Post-Panamax,103022,Shanghai,Los Angeles,Containerized Freight,5599.3,703.22,103.28,97.66,Rough Sea,0.7,2024,3,5,1
2026-09-10,Handysize,37707,Singapore,Dubai,Chemicals,3345.5,673.43,93.48,59.72,Calm,0.5,2026,9,3,3
2023-11-12,Capesize,167606,Newcastle,Mumbai,Thermal Coal,5938.2,663.1,122.22,34.53,Moderate,3.1,2023,11,6,4
2023-10-18,LNG Carrier,73467,Ras Laffan,Tokyo,LNG,6745.7,671.61,120.65,116.98,Calm,7.1,2023,10,2,4
2023-11-05,LNG Carrier,75909,Dampier,Yokohama,Iron Ore,3835.6,637.13,121.45,90.61,Calm,5.2,2023,11,6,4
2024-03-28,Container Post-Panamax,121964,Ningbo,Hamburg,Containerized Freight,10427.4,724.24,97.85,153.81,Stormy,3.8,2024,3,3,1
2025-04-21,Suezmax,139244,Corpus Christi,Antwerp,Crude Oil,4847.4,574.83,80.4,33.0,Calm,0.5,2025,4,0,2
2023-11-15,Aframax,106317,Houston,Rotterdam,Chemicals,4957.1,671.79,108.44,51.32,Moderate,2.5,2023,11,2,4
2026-04-01,Panamax,75079,Santos,Rotterdam,Bauxite,5537.2,709.97,107.01,64.9,Monsoon/Tropical Cyclone,4.6,2026,4,2,2
2025-11-08,Supramax,63180,Santos,Rotterdam,Grain,5291.4,686.06,125.04,66.68,Moderate,2.6,2025,11,5,4
2025-03-28,Container Post-Panamax,88084,Shanghai,Los Angeles,Containerized Freight,5560.3,574.78,89.93,85.92,Calm,7.4,2025,3,4,1
2024-09-28,Capesize,185960,Santos,Qingdao,Iron Ore,11964.7,631.89,111.9,37.0,Calm,0.5,2024,9,5,3
2024-03-14,Suezmax,134834,Ras Tanura,Qingdao,Crude Oil,6424.7,712.41,95.22,46.8,Moderate,1.3,2024,3,3,1
2025-12-13,Suezmax,158704,Ras Tanura,Singapore,Crude Oil,3645.0,681.8,108.01,36.66,Moderate,1.8,2025,12,5,4
2025-06-21,Container Post-Panamax,130001,Ningbo,Hamburg,Containerized Freight,10262.6,592.18,83.09,150.14,Monsoon/Tropical Cyclone,4.2,2025,6,5,2
2024-01-20,LNG Carrier,71641,Ras Laffan,Tokyo,LNG,6693.6,731.09,84.76,110.29,Moderate,0.6,2024,1,5,1
2024-06-27,Supramax,60044,Santos,Rotterdam,Grain,5315.1,705.81,98.0,58.23,Moderate,4.8,2024,6,3,2
2025-06-03,Container Post-Panamax,91393,Ningbo,Hamburg,Containerized Freight,10391.4,568.2,97.05,123.76,Moderate,1.9,2025,6,1,2
2025-11-22,Suezmax,136449,Corpus Christi,Antwerp,Crude Oil,4987.6,699.73,100.24,51.08,Rough Sea,11.2,2025,11,5,4
2026-07-07,Container Post-Panamax,115612,Ningbo,Hamburg,Containerized Freight,10684.8,690.43,110.09,126.04,Calm,1.6,2026,7,1,3
2024-08-04,Handysize,28326,Singapore,Dubai,Steel Coils,3351.5,654.13,97.72,56.55,Calm,1.6,2024,8,6,3
2024-05-08,Supramax,51757,Santos,Rotterdam,Grain,5399.7,715.27,86.28,69.25,Monsoon/Tropical Cyclone,1.5,2024,5,2,2
2025-12-31,Suezmax,136674,Ras Tanura,Qingdao,Crude Oil,6291.9,676.37,101.53,43.36,Moderate,1.2,2025,12,2,4
2024-10-03,Panamax,76916,Santos,Qingdao,Grain,12032.6,616.51,109.39,70.55,Moderate,1.0,2024,10,3,4
2024-09-22,Suezmax,136764,Corpus Christi,Antwerp,Crude Oil,4795.3,631.3,122.49,51.95,Rough Sea,4.2,2024,9,6,3
2025-01-12,Capesize,182680,Tubarao,Qingdao,Iron Ore,11008.4,549.98,96.11,29.93,Calm,2.7,2025,1,6,1
2026-06-01,VLCC,288946,Ras Tanura,Qingdao,Crude Oil,6279.7,714.54,94.97,32.34,Moderate,0.9,2026,6,0,2
2024-12-04,LNG Carrier,76221,Ras Laffan,Tokyo,LNG,6585.0,580.72,100.93,103.24,Calm,1.1,2024,12,2,4
2026-08-03,VLCC,305941,Ras Tanura,Singapore,Crude Oil,3787.7,669.74,103.46,30.5,Calm,7.1,2026,8,0,3
2025-11-11,Capesize,188384,Santos,Qingdao,Grain,11500.5,652.43,104.61,43.43,Calm,5.1,2025,11,1,4
2026-06-02,VLCC,317037,Ras Tanura,Qingdao,Crude Oil,6351.3,683.68,94.01,26.92,Calm,0.5,2026,6,1,2
2026-09-01,Container Post-Panamax,110113,Shanghai,Los Angeles,Containerized Freight,5586.3,661.86,103.18,98.03,Rough Sea,1.4,2026,9,1,3
2025-01-11,LNG Carrier,70170,Ras Laffan,Tokyo,LNG,6369.4,594.58,102.53,109.67,Moderate,3.1,2025,1,5,1
2025-01-14,Capesize,164294,Port Hedland,Qingdao,Iron Ore,3646.4,594.1,97.6,18.34,Rough Sea,0.9,2025,1,1,1
2024-01-03,Supramax,61507,Houston,Rotterdam,Refined Petroleum,4821.4,678.19,92.24,63.71,Moderate,9.3,2024,1,2,1
2024-06-29,Container Post-Panamax,88572,Ningbo,Hamburg,Containerized Freight,10322.3,713.96,108.33,126.25,Calm,1.0,2024,6,5,2
2025-12-03,Container Post-Panamax,84037,Ningbo,Hamburg,Containerized Freight,10752.4,676.49,97.65,128.71,Calm,1.5,2025,12,2,4
2025-08-12,Capesize,193326,Port Hedland,Qingdao,Iron Ore,3565.2,603.24,106.65,26.73,Calm,2.3,2025,8,1,3
2024-01-02,Capesize,191323,Port Hedland,Qingdao,Iron Ore,3751.8,691.94,94.09,18.02,Calm,0.6,2024,1,1,1
2025-11-21,LNG Carrier,73876,Ras Laffan,Tokyo,LNG,6522.7,675.05,107.87,109.73,Moderate,4.7,2025,11,4,4
2024-09-25,Capesize,200656,Santos,Qingdao,Iron Ore,11491.0,624.35,106.21,45.43,Stormy,3.7,2024,9,2,3
2023-10-16,Aframax,106233,Corpus Christi,Antwerp,Refined Petroleum,4990.4,632.15,117.51,52.65,Calm,7.1,2023,10,0,4
2026-08-02,Capesize,179682,Newcastle,Mumbai,Thermal Coal,5774.3,699.58,105.31,32.04,Calm,1.8,2026,8,6,3
2026-07-09,Container Post-Panamax,98830,Singapore,Dubai,Steel Coils,3381.7,712.17,91.29,69.87,Calm,0.9,2026,7,3,3
2024-06-02,Supramax,57208,Santos,Rotterdam,Bauxite,5495.9,696.28,85.25,56.48,Calm,3.4,2024,6,6,2
2024-06-02,VLCC,316246,Ras Tanura,Qingdao,Crude Oil,6355.7,678.67,96.88,32.28,Rough Sea,0.8,2024,6,6,2
2025-10-31,Panamax,80967,Santos,Rotterdam,Grain,5353.2,648.16,100.87,43.02,Moderate,1.8,2025,10,4,4
2024-12-27,Capesize,196259,Port Hedland,Qingdao,Iron Ore,3733.4,604.24,80.12,15.71,Stormy,2.0,2024,12,4,4
2026-07-14,Panamax,67800,Santos,Rotterdam,Bauxite,5327.3,713.37,89.74,52.06,Calm,8.3,2026,7,1,3
2025-02-01,Aframax,91371,Corpus Christi,Antwerp,Crude Oil,4813.4,572.6,93.01,46.35,Calm,3.3,2025,2,5,1
2024-01-16,LNG Carrier,72565,Ras Laffan,Tokyo,LNG,6474.0,689.49,92.85,108.68,Calm,1.9,2024,1,1,1
2025-08-26,LNG Carrier,81101,Ras Laffan,Tokyo,LNG,6517.4,619.09,100.49,103.08,Calm,0.8,2025,8,1,3
2026-02-03,Suezmax,152918,Houston,Rotterdam,Refined Petroleum,4916.1,696.04,88.82,37.95,Rough Sea,0.5,2026,2,1,1
2024-06-18,Capesize,161347,Tubarao,Qingdao,Bauxite,11267.3,703.44,89.9,45.8,Stormy,4.1,2024,6,1,2
2026-08-24,VLCC,293470,Ras Tanura,Qingdao,Crude Oil,6214.3,657.52,107.14,43.4,Moderate,12.5,2026,8,0,3
2024-11-14,LNG Carrier,94620,Ras Laffan,Tokyo,LNG,6729.0,609.5,98.26,134.85,Stormy,8.9,2024,11,3,4
2024-02-22,Suezmax,152072,Ras Tanura,Qingdao,Crude Oil,6278.4,673.48,104.3,43.28,Calm,0.5,2024,2,3,1
2025-09-28,Capesize,163607,Port Hedland,Qingdao,Iron Ore,3545.9,635.82,116.57,37.96,Moderate,12.3,2025,9,6,3
2025-02-13,Supramax,61226,Singapore,Dubai,Steel Coils,3310.6,579.98,100.89,45.55,Moderate,3.7,2025,2,3,1
2025-08-11,Supramax,53457,Santos,Rotterdam,Bauxite,5472.0,597.35,84.38,54.76,Moderate,1.2,2025,8,0,3
2024-02-13,Supramax,51764,Santos,Rotterdam,Grain,5582.0,738.48,83.7,55.9,Calm,0.8,2024,2,1,1
2025-03-05,Panamax,78487,Santos,Qingdao,Iron Ore,11670.0,570.21,107.96,74.16,Stormy,2.8,2025,3,2,1
2025-08-20,Capesize,200030,Tubarao,Qingdao,Iron Ore,11130.5,622.15,99.68,27.51,Moderate,0.5,2025,8,2,3
2024-11-16,Suezmax,143628,Houston,Rotterdam,Refined Petroleum,4800.3,629.24,90.13,44.06,Calm,12.1,2024,11,5,4
2023-11-23,Container Post-Panamax,96005,Ningbo,Hamburg,Containerized Freight,10472.0,662.4,113.55,128.68,Calm,2.4,2023,11,3,4
2024-10-22,VLCC,318575,Ras Tanura,Singapore,Crude Oil,3636.5,630.82,106.93,22.7,Moderate,1.3,2024,10,1,4
2024-03-09,Capesize,173520,Port Hedland,Qingdao,Iron Ore,3662.5,745.72,105.86,34.04,Stormy,8.0,2024,3,5,1
2024-03-15,Aframax,110584,Corpus Christi,Antwerp,Crude Oil,4813.4,674.81,99.07,50.76,Moderate,1.2,2024,3,4,1
2026-01-10,Container Post-Panamax,118244,Shanghai,Los Angeles,Containerized Freight,5819.8,696.22,98.96,93.82,Moderate,0.8,2026,1,5,1
2025-06-30,Capesize,179955,Richards Bay,Rotterdam,Thermal Coal,6892.1,546.75,86.82,28.46,Rough Sea,4.0,2025,6,0,2
2024-02-01,Suezmax,152906,Corpus Christi,Antwerp,Refined Petroleum,4937.1,726.43,93.45,40.91,Rough Sea,0.8,2024,2,3,1
2026-06-12,Panamax,81345,Richards Bay,Rotterdam,Thermal Coal,7051.4,693.87,103.35,53.93,Calm,0.7,2026,6,4,2
2024-10-08,Capesize,198813,Dampier,Yokohama,LNG,4024.9,657.31,123.0,31.55,Moderate,5.7,2024,10,1,4
2024-03-16,Capesize,196208,Port Hedland,Qingdao,Iron Ore,3709.9,748.23,100.61,23.04,Calm,1.3,2024,3,5,1
2024-11-21,Capesize,194428,Richards Bay,Rotterdam,Thermal Coal,7041.1,583.42,95.94,28.04,Moderate,2.5,2024,11,3,4
2024-11-28,LNG Carrier,74029,Dampier,Yokohama,Iron Ore,3854.8,613.49,105.75,101.61,Stormy,6.2,2024,11,3,4
2024-01-19,Container Post-Panamax,116449,Shanghai,Los Angeles,Containerized Freight,5807.8,679.49,97.27,91.9,Calm,3.7,2024,1,4,1
2025-06-05,LNG Carrier,72977,Ras Laffan,Tokyo,LNG,6558.0,629.37,115.17,115.03,Calm,11.3,2025,6,3,2
2025-09-15,LNG Carrier,85601,Dampier,Yokohama,LNG,3871.5,609.17,119.65,91.57,Calm,7.0,2025,9,0,3
2026-04-10,LNG Carrier,91876,Ras Laffan,Tokyo,LNG,6733.9,684.53,84.68,133.85,Monsoon/Tropical Cyclone,2.5,2026,4,4,2
2024-04-28,Container Post-Panamax,119311,Ningbo,Hamburg,Containerized Freight,10589.2,733.54,98.29,129.04,Calm,2.5,2024,4,6,2
2024-08-28,Supramax,51410,Singapore,Dubai,Steel Coils,3335.4,660.12,101.11,49.74,Calm,3.3,2024,8,2,3
2026-03-31,Capesize,202886,Tubarao,Qingdao,Bauxite,11241.3,751.63,95.95,30.96,Calm,0.6,2026,3,1,1
2025-09-23,Container Post-Panamax,122254,Ningbo,Hamburg,Containerized Freight,10758.2,645.19,96.24,121.51,Calm,0.5,2025,9,1,3
2025-01-19,Suezmax,138598,Houston,Rotterdam,Crude Oil,4915.7,568.61,100.16,38.91,Calm,1.0,2025,1,6,1
2024-11-03,Suezmax,161359,Ras Tanura,Singapore,Crude Oil,3763.7,579.57,98.28,36.23,Calm,1.1,2024,11,6,4
2025-06-13,Capesize,165405,Santos,Qingdao,Grain,12124.7,600.54,100.54,44.7,Moderate,8.1,2025,6,4,2
2026-06-06,Capesize,209829,Tubarao,Qingdao,Bauxite,11498.8,714.34,99.22,43.38,Moderate,6.4,2026,6,5,2
2025-12-19,Container Post-Panamax,99346,Ningbo,Hamburg,Containerized Freight,10561.3,653.97,86.43,133.2,Rough Sea,0.5,2025,12,4,4
2026-04-05,LNG Carrier,71581,Ras Laffan,Tokyo,LNG,6540.0,708.57,111.92,129.94,Stormy,2.2,2026,4,6,2
2024-05-17,Container Post-Panamax,119384,Ningbo,Hamburg,Containerized Freight,10550.0,667.81,105.91,136.96,Moderate,13.2,2024,5,4,2
2024-01-17,LNG Carrier,92817,Ras Laffan,Tokyo,LNG,6398.6,682.0,91.67,101.37,Calm,1.1,2024,1,2,1
2026-03-24,LNG Carrier,86031,Ras Laffan,Tokyo,LNG,6489.8,714.13,94.3,100.93,Calm,0.6,2026,3,1,1
2025-12-13,Capesize,173940,Santos,Qingdao,Iron Ore,11632.5,658.91,88.55,35.7,Calm,4.3,2025,12,5,4
2024-10-01,Capesize,203302,Tubarao,Qingdao,Iron Ore,11512.9,648.6,107.88,46.43,Rough Sea,6.7,2024,10,1,4
2024-07-21,Panamax,83309,Santos,Rotterdam,Bauxite,5576.0,693.32,100.01,49.73,Calm,3.5,2024,7,6,3
2024-10-06,Panamax,75436,Richards Bay,Rotterdam,Thermal Coal,7144.7,632.44,92.94,53.19,Calm,2.7,2024,10,6,4
2025-04-04,LNG Carrier,81928,Ras Laffan,Tokyo,LNG,6744.9,588.24,92.58,104.16,Moderate,0.5,2025,4,4,2
2026-05-06,Suezmax,156306,Houston,Rotterdam,Refined Petroleum,4926.8,688.9,117.28,44.58,Moderate,3.8,2026,5,2,2
2025-09-26,Supramax,60004,Singapore,Dubai,Chemicals,3309.0,650.72,124.04,65.31,Rough Sea,11.0,2025,9,4,3
2026-03-12,Capesize,191686,Port Hedland,Qingdao,Iron Ore,3743.2,698.39,97.42,22.84,Moderate,7.2,2026,3,3,1
2023-10-02,Supramax,58580,Houston,Rotterdam,Refined Petroleum,4951.2,664.35,100.89,65.96,Moderate,11.2,2023,10,0,4
2024-09-03,Capesize,192574,Richards Bay,Rotterdam,Thermal Coal,7120.2,604.37,93.75,25.14,Moderate,0.7,2024,9,1,3
2025-09-27,Capesize,165195,Tubarao,Qingdao,Bauxite,11500.4,648.86,116.4,40.33,Moderate,3.2,2025,9,5,3
2024-10-16,Capesize,207476,Port Hedland,Qingdao,Iron Ore,3725.8,625.15,103.76,23.07,Calm,3.5,2024,10,2,4
2025-03-19,LNG Carrier,92377,Dampier,Yokohama,LNG,4015.1,586.0,102.29,90.49,Rough Sea,2.5,2025,3,2,1
2024-05-09,Capesize,183981,Port Hedland,Qingdao,Iron Ore,3550.5,740.6,96.37,27.21,Rough Sea,1.2,2024,5,3,2
2026-01-02,Handysize,30588,Singapore,Dubai,Containerized Freight,3469.4,696.75,107.11,65.54,Moderate,0.6,2026,1,4,1
2025-06-03,Capesize,173682,Port Hedland,Qingdao,Iron Ore,3682.3,582.19,106.06,23.81,Rough Sea,1.4,2025,6,1,2
2024-04-06,Container Post-Panamax,123790,Ningbo,Hamburg,Containerized Freight,10808.4,717.37,111.08,127.64,Calm,1.2,2024,4,5,2
2024-02-10,Capesize,191779,Port Hedland,Qingdao,Iron Ore,3702.2,735.32,96.94,30.29,Rough Sea,6.9,2024,2,5,1
2024-05-20,Container Post-Panamax,118197,Ningbo,Hamburg,Containerized Freight,10739.8,724.37,109.24,154.35,Stormy,2.2,2024,5,0,2
2025-10-10,Suezmax,140704,Ras Tanura,Qingdao,Crude Oil,6076.0,673.94,104.67,55.96,Moderate,9.9,2025,10,4,4
2026-02-09,Capesize,195386,Port Hedland,Qingdao,Iron Ore,3749.2,703.85,117.85,37.22,Rough Sea,5.7,2026,2,0,1
2024-05-23,Container Post-Panamax,114958,Singapore,Dubai,Containerized Freight,3391.2,687.44,106.27,79.53,Calm,6.5,2024,5,3,2
2024-09-21,Panamax,71487,Santos,Rotterdam,Bauxite,5583.1,653.75,96.7,50.43,Stormy,2.2,2024,9,5,3
2025-04-28,Suezmax,152455,Ras Tanura,Singapore,Crude Oil,3645.4,544.52,89.08,27.83,Moderate,1.0,2025,4,0,2
2026-04-03,Panamax,69091,Santos,Qingdao,Iron Ore,11460.9,699.49,110.43,67.73,Calm,2.8,2026,4,4,2
2025-05-11,LNG Carrier,81855,Ras Laffan,Tokyo,LNG,6564.6,560.92,97.24,104.1,Calm,5.1,2025,5,6,2
2024-06-11,Capesize,196807,Newcastle,Mumbai,Thermal Coal,5953.6,679.15,91.45,23.75,Moderate,2.1,2024,6,1,2
2024-03-17,Suezmax,133873,Ras Tanura,Singapore,Crude Oil,3817.4,733.5,104.25,40.12,Moderate,2.0,2024,3,6,1
2026-04-30,LNG Carrier,85558,Ras Laffan,Tokyo,LNG,6667.2,692.29,100.22,114.1,Rough Sea,0.7,2026,4,3,2
2024-05-04,Capesize,186319,Port Hedland,Qingdao,Iron Ore,3555.9,737.73,108.26,29.56,Moderate,5.8,2024,5,5,2
2024-10-23,Container Post-Panamax,116122,Shanghai,Los Angeles,Containerized Freight,5598.8,607.4,91.19,86.75,Moderate,1.5,2024,10,2,4
2026-01-16,Container Post-Panamax,112203,Shanghai,Los Angeles,Containerized Freight,5870.7,703.03,85.1,107.45,Stormy,1.6,2026,1,4,1
2026-01-31,Container Post-Panamax,88078,Shanghai,Los Angeles,Containerized Freight,5854.9,684.09,90.35,86.76,Calm,0.5,2026,1,5,1
2024-11-22,Panamax,68386,Santos,Qingdao,Grain,11703.1,671.95,107.23,72.47,Calm,2.9,2024,11,4,4
2024-05-17,Suezmax,149192,Ras Tanura,Qingdao,Crude Oil,6388.7,728.18,103.16,45.7,Calm,2.8,2024,5,4,2
2024-12-28,Panamax,80707,Tubarao,Qingdao,Iron Ore,11010.1,639.71,98.67,81.24,Moderate,16.2,2024,12,5,4
2026-05-26,VLCC,309945,Ras Tanura,Singapore,Crude Oil,3717.9,715.69,82.91,20.26,Moderate,0.5,2026,5,1,2
2026-04-13,Capesize,197303,Tubarao,Qingdao,Bauxite,11481.0,680.35,79.19,34.33,Calm,4.1,2026,4,0,2
2024-10-31,Capesize,202869,Port Hedland,Qingdao,Iron Ore,3601.4,573.73,99.97,29.88,Moderate,5.4,2024,10,3,4
2024-07-29,Aframax,96381,Corpus Christi,Antwerp,Crude Oil,4886.9,687.06,103.17,55.36,Moderate,2.7,2024,7,0,3
2026-04-14,Container Post-Panamax,83595,Shanghai,Los Angeles,Containerized Freight,5754.3,673.47,110.43,99.17,Moderate,3.0,2026,4,1,2
2025-11-01,Supramax,53183,Santos,Rotterdam,Bauxite,5342.6,653.77,104.58,61.89,Rough Sea,2.9,2025,11,5,4
2024-02-09,Capesize,209089,Richards Bay,Rotterdam,Thermal Coal,7298.8,694.84,85.97,31.36,Calm,6.3,2024,2,4,1
2025-06-10,Suezmax,153455,Ras Tanura,Singapore,Crude Oil,3706.5,581.14,106.26,40.28,Calm,7.6,2025,6,1,2
2025-12-25,Panamax,66440,Santos,Qingdao,Grain,11632.8,699.93,85.79,85.88,Monsoon/Tropical Cyclone,8.4,2025,12,3,4
2024-04-27,Capesize,194003,Port Hedland,Qingdao,Iron Ore,3733.2,696.77,95.11,18.48,Calm,2.5,2024,4,5,2
2026-01-11,Supramax,61345,Singapore,Dubai,Chemicals,3314.9,729.92,106.66,48.12,Calm,0.5,2026,1,6,1
2026-07-25,LNG Carrier,72454,Dampier,Yokohama,LNG,3908.6,660.5,103.15,85.24,Calm,0.9,2026,7,5,3
2025-01-29,Capesize,204055,Tubarao,Qingdao,Bauxite,10910.9,570.29,88.82,35.71,Moderate,5.5,2025,1,2,1
2026-08-16,Container Post-Panamax,114439,Shanghai,Los Angeles,Containerized Freight,5589.4,705.95,108.01,97.94,Moderate,1.6,2026,8,6,3
2025-01-10,Aframax,83040,Corpus Christi,Antwerp,Refined Petroleum,4907.0,608.99,94.25,50.55,Rough Sea,0.9,2025,1,4,1
2025-03-07,Container Post-Panamax,93020,Singapore,Dubai,Steel Coils,3395.9,562.05,97.62,66.5,Moderate,0.7,2025,3,4,1
2024-02-19,Suezmax,135871,Ras Tanura,Qingdao,Crude Oil,6248.0,716.53,102.73,45.95,Moderate,3.5,2024,2,0,1
2025-05-31,Capesize,208241,Dampier,Yokohama,LNG,3939.9,553.73,93.49,26.16,Moderate,6.1,2025,5,5,2
2026-09-13,Container Post-Panamax,113691,Ningbo,Hamburg,Containerized Freight,10538.4,657.29,109.98,125.48,Calm,0.6,2026,9,6,3
2024-05-01,Panamax,69611,Santos,Qingdao,Grain,12014.9,700.27,94.13,70.53,Moderate,6.7,2024,5,2,2
2024-06-15,Capesize,176061,Santos,Qingdao,Grain,12092.4,691.51,101.66,41.18,Calm,2.0,2024,6,5,2
2026-05-10,Suezmax,164612,Ras Tanura,Qingdao,Crude Oil,6219.2,752.16,100.04,50.97,Moderate,5.9,2026,5,6,2
2026-07-16,Panamax,82402,Tubarao,Qingdao,Iron Ore,11061.0,683.1,112.81,75.22,Calm,11.9,2026,7,3,3
2025-01-04,LNG Carrier,76147,Dampier,Yokohama,LNG,3880.5,592.93,95.95,83.48,Moderate,2.1,2025,1,5,1
2025-11-20,Supramax,56184,Houston,Rotterdam,Chemicals,4809.4,680.75,114.34,71.03,Stormy,2.1,2025,11,3,4
2025-05-03,VLCC,300179,Ras Tanura,Qingdao,Crude Oil,6099.0,567.61,94.77,25.56,Calm,1.0,2025,5,5,2
2025-09-09,Suezmax,135364,Ras Tanura,Qingdao,Crude Oil,6297.6,608.67,121.64,49.87,Calm,4.9,2025,9,1,3
2026-09-24,Container Post-Panamax,133030,Shanghai,Los Angeles,Containerized Freight,5630.6,647.75,104.87,93.08,Calm,9.7,2026,9,3,3
2024-10-22,Panamax,69030,Tubarao,Qingdao,Iron Ore,11220.3,602.68,103.42,75.09,Stormy,3.4,2024,10,1,4
2026-07-12,Container Post-Panamax,88319,Shanghai,Los Angeles,Containerized Freight,5766.4,691.52,109.11,96.39,Calm,0.5,2026,7,6,3
2023-11-15,Panamax,69702,Tubarao,Qingdao,Bauxite,11419.9,657.03,97.48,62.29,Calm,0.9,2023,11,2,4
2026-04-25,Capesize,163965,Tubarao,Qingdao,Bauxite,11318.9,751.11,103.74,43.62,Moderate,3.7,2026,4,5,2
2024-04-05,Panamax,69920,Richards Bay,Rotterdam,Thermal Coal,7064.4,693.57,121.86,63.86,Calm,11.0,2024,4,4,2
2024-11-08,Suezmax,137245,Ras Tanura,Singapore,Crude Oil,3776.6,613.78,120.04,53.41,Moderate,18.0,2024,11,4,4
2025-12-30,Container Post-Panamax,86202,Shanghai,Los Angeles,Containerized Freight,5611.0,639.4,109.85,111.43,Stormy,3.2,2025,12,1,4
2024-08-03,Capesize,170575,Tubarao,Qingdao,Bauxite,11049.8,669.13,94.01,32.55,Calm,2.2,2024,8,5,3
2025-12-03,Suezmax,145935,Ras Tanura,Qingdao,Crude Oil,6252.3,659.77,108.26,56.94,Calm,10.9,2025,12,2,4
2026-04-12,Aframax,96334,Houston,Rotterdam,Refined Petroleum,4987.1,714.47,86.61,57.3,Moderate,6.3,2026,4,6,2
2026-07-17,Capesize,202133,Newcastle,Mumbai,Thermal Coal,5814.1,698.97,88.96,29.11,Stormy,4.9,2026,7,4,3
2025-06-20,Supramax,50986,Santos,Rotterdam,Grain,5538.9,581.62,102.83,55.27,Moderate,3.9,2025,6,4,2
2024-09-28,Capesize,194172,Santos,Qingdao,Iron Ore,11989.3,600.3,105.44,41.77,Moderate,6.3,2024,9,5,3
2026-09-28,LNG Carrier,94446,Ras Laffan,Tokyo,LNG,6599.3,626.81,102.43,109.79,Moderate,5.8,2026,9,0,3
2025-01-28,Suezmax,134991,Houston,Rotterdam,Crude Oil,4770.4,608.22,98.04,48.3,Monsoon/Tropical Cyclone,1.6,2025,1,1,1
2024-01-16,Container Post-Panamax,88960,Shanghai,Los Angeles,Containerized Freight,5798.5,707.03,68.07,87.57,Calm,6.5,2024,1,1,1
2025-05-22,Container Post-Panamax,129304,Shanghai,Los Angeles,Containerized Freight,5568.0,620.82,105.1,86.09,Calm,2.1,2025,5,3,2
2024-05-15,Supramax,57132,Singapore,Dubai,Steel Coils,3379.4,706.43,99.72,51.14,Moderate,2.5,2024,5,2,2
2024-05-02,Container Post-Panamax,81710,Shanghai,Los Angeles,Containerized Freight,5757.4,678.9,83.69,93.73,Rough Sea,1.0,2024,5,3,2
2024-04-29,Supramax,58352,Houston,Rotterdam,Crude Oil,4948.1,723.63,97.36,73.31,Calm,18.0,2024,4,0,2
2024-07-08,VLCC,294705,Ras Tanura,Qingdao,Crude Oil,6230.8,676.88,105.6,32.69,Moderate,0.9,2024,7,0,3
2023-10-24,Panamax,69825,Richards Bay,Rotterdam,Thermal Coal,6896.5,634.62,111.88,54.69,Calm,8.2,2023,10,1,4
2026-02-18,LNG Carrier,75682,Ras Laffan,Tokyo,LNG,6571.3,658.02,109.32,112.9,Calm,2.2,2026,2,2,1
2026-01-29,Capesize,193193,Richards Bay,Rotterdam,Thermal Coal,7191.5,721.57,84.02,25.48,Calm,1.0,2026,1,3,1
2025-04-16,Container Post-Panamax,128569,Shanghai,Los Angeles,Containerized Freight,5724.4,546.09,114.12,90.37,Calm,6.2,2025,4,2,2
2025-07-16,Capesize,165888,Richards Bay,Rotterdam,Thermal Coal,6948.1,619.66,107.17,30.08,Moderate,3.6,2025,7,2,3
2024-12-26,Panamax,84734,Richards Bay,Rotterdam,Thermal Coal,7108.8,592.48,105.01,55.1,Rough Sea,4.4,2024,12,3,4
2026-09-21,Suezmax,141195,Corpus Christi,Antwerp,Crude Oil,5066.0,629.09,108.64,48.39,Rough Sea,9.1,2026,9,0,3
2024-08-03,Container Post-Panamax,116050,Ningbo,Hamburg,Containerized Freight,10479.4,650.02,106.89,125.69,Calm,3.2,2024,8,5,3
2024-10-25,LNG Carrier,85849,Ras Laffan,Tokyo,LNG,6513.5,605.73,98.63,120.31,Stormy,4.1,2024,10,4,4
2023-11-09,VLCC,294301,Ras Tanura,Singapore,Crude Oil,3820.5,669.71,111.68,29.23,Calm,4.7,2023,11,3,4
2025-11-30,Capesize,168416,Richards Bay,Rotterdam,Thermal Coal,6970.5,645.51,85.0,23.97,Calm,1.2,2025,11,6,4
2026-06-09,Handysize,29871,Singapore,Dubai,Chemicals,3352.8,689.2,103.03,79.07,Monsoon/Tropical Cyclone,3.8,2026,6,1,2
2026-09-11,Capesize,205029,Dampier,Yokohama,LNG,4025.1,655.36,103.3,16.89,Calm,0.5,2026,9,4,3
2025-12-03,Capesize,168101,Santos,Qingdao,Iron Ore,11753.1,649.49,93.03,37.63,Calm,4.8,2025,12,2,4
2024-07-04,Capesize,184800,Dampier,Yokohama,Iron Ore,3834.7,689.68,86.86,17.65,Moderate,1.2,2024,7,3,3
2024-04-21,Container Post-Panamax,99830,Ningbo,Hamburg,Containerized Freight,10689.3,713.19,92.48,132.72,Calm,9.5,2024,4,6,2
2025-10-02,VLCC,302405,Ras Tanura,Singapore,Crude Oil,3829.9,646.59,115.6,35.57,Moderate,3.0,2025,10,3,4
2026-01-17,Suezmax,163204,Ras Tanura,Singapore,Crude Oil,3775.9,717.48,102.6,34.75,Calm,1.4,2026,1,5,1
2026-02-26,Suezmax,144083,Ras Tanura,Singapore,Crude Oil,3609.0,737.92,87.25,27.44,Calm,1.0,2026,2,3,1
2024-08-01,Capesize,184956,Newcastle,Mumbai,Thermal Coal,5836.2,685.22,104.37,32.8,Moderate,5.1,2024,8,3,3
2026-06-26,Capesize,163372,Newcastle,Mumbai,Thermal Coal,5940.8,722.02,94.39,25.84,Calm,0.8,2026,6,4,2
2024-01-25,Supramax,59330,Singapore,Dubai,Chemicals,3355.6,713.32,90.62,57.82,Stormy,4.4,2024,1,3,1
2026-06-16,Container Post-Panamax,133004,Ningbo,Hamburg,Containerized Freight,10496.9,747.54,99.22,135.94,Calm,7.2,2026,6,1,2
2026-04-05,Panamax,68103,Santos,Qingdao,Iron Ore,11477.5,707.69,99.72,78.39,Rough Sea,4.5,2026,4,6,2
2026-05-31,Aframax,107138,Houston,Rotterdam,Crude Oil,4706.4,714.42,112.93,52.97,Moderate,3.4,2026,5,6,2
2026-04-26,Container Post-Panamax,119767,Shanghai,Los Angeles,Containerized Freight,5681.4,676.29,87.02,87.66,Calm,0.5,2026,4,6,2
2025-07-07,LNG Carrier,87694,Ras Laffan,Tokyo,LNG,6579.7,593.65,98.56,132.32,Stormy,11.9,2025,7,0,3
2026-05-14,Capesize,196602,Dampier,Yokohama,LNG,3894.1,710.3,94.27,20.17,Moderate,0.7,2026,5,3,2
2026-05-10,Container Post-Panamax,90470,Shanghai,Los Angeles,Containerized Freight,5774.7,734.89,98.64,97.75,Moderate,3.1,2026,5,6,2
2025-09-27,Panamax,74463,Tubarao,Qingdao,Bauxite,10991.7,613.41,107.97,62.36,Moderate,0.5,2025,9,5,3
2024-09-10,Panamax,79071,Newcastle,Mumbai,Thermal Coal,5854.1,649.95,92.55,40.24,Calm,0.6,2024,9,1,3
2026-05-04,Capesize,164777,Newcastle,Mumbai,Thermal Coal,5873.0,717.2,91.86,26.32,Moderate,0.5,2026,5,0,2
2025-05-30,Capesize,168665,Dampier,Yokohama,Iron Ore,4008.3,578.98,84.52,15.8,Calm,0.5,2025,5,4,2
2023-10-21,Capesize,207329,Tubarao,Qingdao,Iron Ore,11354.5,634.46,97.01,41.61,Moderate,7.6,2023,10,5,4
2025-04-07,LNG Carrier,84582,Ras Laffan,Tokyo,LNG,6655.6,575.58,113.12,114.74,Rough Sea,4.4,2025,4,0,2
2025-03-02,VLCC,307354,Ras Tanura,Qingdao,Crude Oil,6205.4,588.76,109.91,35.35,Moderate,4.0,2025,3,6,1
2024-10-13,Container Post-Panamax,103827,Shanghai,Los Angeles,Containerized Freight,5795.6,608.09,102.72,94.95,Moderate,8.4,2024,10,6,4
2025-11-20,Suezmax,150890,Houston,Rotterdam,Refined Petroleum,4991.0,700.57,115.63,43.84,Moderate,3.3,2025,11,3,4
2025-08-23,Capesize,169796,Newcastle,Mumbai,Thermal Coal,5833.3,620.55,96.51,29.2,Rough Sea,2.5,2025,8,5,3
2025-10-16,Capesize,170974,Tubarao,Qingdao,Bauxite,11062.2,631.19,132.32,47.18,Calm,7.2,2025,10,3,4
2024-10-18,Panamax,72249,Richards Bay,Rotterdam,Thermal Coal,7280.7,625.6,121.48,57.33,Calm,4.0,2024,10,4,4
2025-08-01,Panamax,66415,Santos,Qingdao,Iron Ore,11663.5,610.2,104.64,69.32,Calm,6.8,2025,8,4,3
2024-10-11,Capesize,203523,Port Hedland,Qingdao,Iron Ore,3657.0,663.92,104.28,22.59,Moderate,1.4,2024,10,4,4
2025-12-30,LNG Carrier,81896,Dampier,Yokohama,LNG,3991.2,693.11,98.14,103.16,Stormy,2.3,2025,12,1,4
2025-12-15,Capesize,195222,Newcastle,Mumbai,Thermal Coal,5995.8,687.67,100.84,29.81,Calm,4.8,2025,12,0,4
2026-01-16,Panamax,83211,Richards Bay,Rotterdam,Thermal Coal,7084.8,709.26,89.09,53.49,Moderate,5.1,2026,1,4,1
2026-07-24,Handysize,38704,Singapore,Dubai,Steel Coils,3303.8,682.08,95.7,58.31,Calm,2.3,2026,7,4,3
2026-05-23,Capesize,179016,Port Hedland,Qingdao,Iron Ore,3745.8,686.31,98.51,23.97,Calm,2.9,2026,5,5,2
2026-03-16,LNG Carrier,75933,Ras Laffan,Tokyo,LNG,6400.9,692.13,88.14,107.09,Calm,2.9,2026,3,0,1
2025-03-08,Suezmax,161545,Corpus Christi,Antwerp,Crude Oil,4996.4,545.39,105.25,36.26,Moderate,1.6,2025,3,5,1
2024-10-20,VLCC,314156,Ras Tanura,Singapore,Crude Oil,3688.2,598.85,95.35,28.71,Moderate,6.2,2024,10,6,4
2023-10-03,Container Post-Panamax,117516,Ningbo,Hamburg,Containerized Freight,10284.6,668.29,108.45,127.79,Moderate,1.3,2023,10,1,4
2024-11-20,LNG Carrier,88931,Ras Laffan,Tokyo,LNG,6433.3,597.73,110.06,105.61,Moderate,0.5,2024,11,2,4
2026-05-05,Suezmax,163044,Houston,Rotterdam,Refined Petroleum,4853.3,729.9,92.51,39.07,Moderate,3.2,2026,5,1,2
2025-01-04,Container Post-Panamax,82121,Singapore,Dubai,Chemicals,3372.6,576.29,119.51,83.86,Calm,9.9,2025,1,5,1
2024-11-13,LNG Carrier,84636,Ras Laffan,Tokyo,LNG,6652.7,614.56,98.17,104.73,Moderate,3.1,2024,11,2,4
2026-05-30,Capesize,164132,Santos,Qingdao,Grain,11817.4,700.86,102.44,44.48,Calm,6.9,2026,5,5,2
2024-06-03,Suezmax,142589,Ras Tanura,Singapore,Crude Oil,3699.2,719.18,107.79,38.0,Rough Sea,3.0,2024,6,0,2
2024-03-04,Suezmax,163468,Corpus Christi,Antwerp,Crude Oil,4810.5,732.32,95.77,42.95,Moderate,4.6,2024,3,0,1
2025-04-11,Panamax,75318,Richards Bay,Rotterdam,Thermal Coal,7066.6,568.61,104.86,62.46,Stormy,4.4,2025,4,4,2
2025-12-28,Suezmax,161736,Ras Tanura,Qingdao,Crude Oil,6321.5,712.03,103.44,48.78,Moderate,3.6,2025,12,6,4
2025-11-03,Panamax,66367,Richards Bay,Rotterdam,Thermal Coal,7282.9,638.29,121.43,53.84,Moderate,2.1,2025,11,0,4
2025-07-08,Container Post-Panamax,102625,Singapore,Dubai,Steel Coils,3425.0,616.09,90.79,73.79,Moderate,1.0,2025,7,1,3
2026-08-06,Panamax,77302,Santos,Qingdao,Iron Ore,12120.1,681.38,77.64,70.29,Rough Sea,3.0,2026,8,3,3
2025-06-21,Panamax,72571,Richards Bay,Rotterdam,Thermal Coal,7121.9,619.27,97.5,46.93,Moderate,0.9,2025,6,5,2
2024-09-18,Handysize,38183,Singapore,Dubai,Chemicals,3355.4,674.31,105.33,56.76,Calm,0.5,2024,9,2,3
2023-10-22,LNG Carrier,74962,Dampier,Yokohama,Iron Ore,4003.6,646.38,102.32,88.06,Calm,2.2,2023,10,6,4
2024-11-14,Capesize,201462,Richards Bay,Rotterdam,Thermal Coal,7219.2,624.75,114.69,37.11,Calm,9.0,2024,11,3,4
2026-05-29,Capesize,186638,Tubarao,Qingdao,Bauxite,11041.4,657.5,101.18,35.29,Moderate,2.9,2026,5,4,2
2024-04-26,Capesize,179350,Dampier,Yokohama,Iron Ore,4065.8,775.27,120.11,27.17,Calm,2.4,2024,4,4,2
2026-02-15,Capesize,209777,Dampier,Yokohama,Iron Ore,3928.0,704.15,86.15,20.09,Calm,1.3,2026,2,6,1
2026-04-19,Container Post-Panamax,88513,Shanghai,Los Angeles,Containerized Freight,5554.3,691.97,92.88,95.92,Moderate,9.0,2026,4,6,2
2025-04-03,Suezmax,151451,Houston,Rotterdam,Refined Petroleum,4838.7,584.82,95.47,37.27,Moderate,2.5,2025,4,3,2
2025-06-21,Panamax,77775,Santos,Qingdao,Grain,11858.6,556.51,103.32,65.64,Calm,6.3,2025,6,5,2
2026-04-25,Aframax,86732,Houston,Rotterdam,Crude Oil,4765.4,695.46,108.71,58.28,Rough Sea,0.9,2026,4,5,2
2024-04-25,Container Post-Panamax,121688,Ningbo,Hamburg,Containerized Freight,10596.8,699.87,106.71,126.61,Calm,0.7,2024,4,3,2
2026-07-10,Capesize,177211,Port Hedland,Qingdao,Iron Ore,3544.5,648.61,99.69,23.06,Moderate,1.3,2026,7,4,3
2024-06-30,LNG Carrier,87449,Dampier,Yokohama,Iron Ore,4041.0,714.58,115.46,91.29,Calm,3.8,2024,6,6,2
2025-06-01,Capesize,203765,Richards Bay,Rotterdam,Thermal Coal,7155.5,553.45,102.15,33.72,Monsoon/Tropical Cyclone,2.2,2025,6,6,2
2025-10-17,Suezmax,146130,Corpus Christi,Antwerp,Refined Petroleum,4936.7,680.49,121.43,43.11,Calm,2.4,2025,10,4,4
2026-09-13,Supramax,56655,Singapore,Dubai,Containerized Freight,3477.5,648.27,93.18,48.55,Moderate,2.7,2026,9,6,3
2026-08-20,Capesize,195899,Port Hedland,Qingdao,Iron Ore,3604.9,676.14,115.08,25.73,Rough Sea,2.7,2026,8,3,3
2024-05-13,Aframax,113689,Houston,Rotterdam,Chemicals,4808.1,706.24,110.18,52.14,Calm,1.6,2024,5,0,2
2026-04-04,Aframax,81319,Houston,Rotterdam,Crude Oil,4985.9,724.66,102.79,53.39,Moderate,0.5,2026,4,5,2
2026-03-14,Capesize,202424,Newcastle,Mumbai,Thermal Coal,6057.5,708.28,96.45,26.82,Rough Sea,2.2,2026,3,5,1
2026-01-27,VLCC,303012,Ras Tanura,Qingdao,Crude Oil,6290.5,705.07,109.15,36.96,Calm,2.1,2026,1,1,1
2026-01-11,Suezmax,138603,Corpus Christi,Antwerp,Refined Petroleum,4919.3,677.45,91.59,41.38,Moderate,0.5,2026,1,6,1
2025-04-10,VLCC,281742,Ras Tanura,Singapore,Crude Oil,3724.4,570.85,94.7,21.26,Calm,2.1,2025,4,3,2
2026-09-05,Panamax,83768,Richards Bay,Rotterdam,Thermal Coal,7034.4,665.19,108.39,52.31,Moderate,1.8,2026,9,5,3
2025-03-05,VLCC,303473,Ras Tanura,Qingdao,Crude Oil,6097.2,584.2,106.07,32.65,Moderate,5.6,2025,3,2,1
2024-02-11,Suezmax,142061,Houston,Rotterdam,Chemicals,4915.1,720.54,84.88,46.52,Stormy,3.1,2024,2,6,1
2024-02-17,Panamax,76144,Richards Bay,Rotterdam,Thermal Coal,6921.7,689.7,109.14,53.28,Calm,2.1,2024,2,5,1
2025-12-23,LNG Carrier,72914,Ras Laffan,Tokyo,LNG,6600.1,699.67,93.07,124.76,Stormy,1.6,2025,12,1,4
2024-03-01,Capesize,199395,Dampier,Yokohama,Iron Ore,3935.3,722.76,90.59,21.96,Calm,5.2,2024,3,4,1
2026-01-09,Supramax,64055,Houston,Rotterdam,Refined Petroleum,4965.2,667.01,87.14,49.07,Moderate,0.6,2026,1,4,1
2026-01-15,Aframax,102242,Corpus Christi,Antwerp,Crude Oil,4934.9,689.97,90.67,59.66,Moderate,9.0,2026,1,3,1
2025-03-21,Container Post-Panamax,92363,Shanghai,Los Angeles,Containerized Freight,5655.3,523.42,93.86,87.04,Calm,6.5,2025,3,4,1
2025-10-22,Capesize,191657,Richards Bay,Rotterdam,Thermal Coal,6923.8,687.77,103.9,27.21,Calm,3.1,2025,10,2,4
2025-07-07,Container Post-Panamax,97152,Singapore,Dubai,Steel Coils,3394.2,610.48,101.78,69.36,Calm,0.5,2025,7,0,3
2025-07-22,VLCC,298878,Ras Tanura,Singapore,Crude Oil,3743.2,583.28,101.51,29.96,Moderate,6.5,2025,7,1,3
2026-07-13,Suezmax,147705,Ras Tanura,Singapore,Crude Oil,3692.8,712.35,94.79,34.57,Calm,4.0,2026,7,0,3
2026-03-14,Container Post-Panamax,100721,Ningbo,Hamburg,Containerized Freight,10387.8,720.72,110.4,128.05,Calm,1.5,2026,3,5,1
2024-03-15,Panamax,71086,Richards Bay,Rotterdam,Thermal Coal,7152.6,705.39,108.33,58.4,Rough Sea,0.5,2024,3,4,1
2025-05-25,VLCC,308963,Ras Tanura,Qingdao,Crude Oil,6433.3,567.13,110.03,41.92,Moderate,6.9,2025,5,6,2
2025-11-28,Panamax,76901,Tubarao,Qingdao,Bauxite,10874.8,717.27,110.05,67.09,Calm,0.5,2025,11,4,4
2026-06-01,Supramax,61799,Singapore,Dubai,Chemicals,3494.1,713.38,104.83,46.08,Calm,0.5,2026,6,0,2
2025-04-07,LNG Carrier,88850,Ras Laffan,Tokyo,LNG,6450.0,538.82,106.55,112.65,Rough Sea,2.3,2025,4,0,2
2024-08-14,Panamax,84703,Santos,Rotterdam,Bauxite,5609.0,678.35,108.73,59.09,Stormy,4.0,2024,8,2,3
2024-04-07,Capesize,209507,Richards Bay,Rotterdam,Thermal Coal,6914.1,720.11,92.16,24.99,Calm,0.5,2024,4,6,2
2024-05-30,Container Post-Panamax,133077,Shanghai,Los Angeles,Containerized Freight,5699.1,668.09,106.28,88.04,Calm,2.4,2024,5,3,2
2025-02-21,Container Post-Panamax,134032,Ningbo,Hamburg,Containerized Freight,10582.1,563.47,97.51,115.3,Calm,0.6,2025,2,4,1
2025-02-13,Suezmax,163161,Ras Tanura,Qingdao,Crude Oil,6168.2,568.54,96.27,38.91,Calm,0.8,2025,2,3,1
2026-06-08,Suezmax,144362,Corpus Christi,Antwerp,Crude Oil,4935.1,752.97,109.61,43.53,Calm,0.5,2026,6,0,2
2025-06-12,Capesize,191847,Dampier,Yokohama,LNG,4062.0,610.18,118.01,28.69,Calm,2.6,2025,6,3,2
2025-02-05,Capesize,185998,Port Hedland,Qingdao,Iron Ore,3636.2,569.07,100.55,23.45,Rough Sea,2.6,2025,2,2,1
2023-12-27,Aframax,91654,Corpus Christi,Antwerp,Crude Oil,4914.5,704.87,90.17,60.6,Rough Sea,10.2,2023,12,2,4
2025-02-03,Suezmax,132187,Ras Tanura,Qingdao,Crude Oil,6154.3,536.13,89.95,33.45,Moderate,0.5,2025,2,0,1
2026-02-01,LNG Carrier,72261,Dampier,Yokohama,Iron Ore,3951.1,732.33,94.75,86.82,Moderate,0.6,2026,2,6,1
2025-10-12,Capesize,189755,Tubarao,Qingdao,Iron Ore,11504.7,619.73,98.15,37.62,Calm,1.5,2025,10,6,4
2024-05-09,Aframax,92831,Corpus Christi,Antwerp,Refined Petroleum,5014.1,730.59,104.46,65.4,Moderate,10.9,2024,5,3,2
2024-12-02,Panamax,65285,Newcastle,Mumbai,Thermal Coal,5898.0,606.3,109.14,50.86,Calm,4.8,2024,12,0,4
2024-11-25,Panamax,83537,Santos,Qingdao,Grain,11516.4,629.15,108.31,66.3,Calm,3.9,2024,11,0,4
2024-06-13,Capesize,164858,Tubarao,Qingdao,Bauxite,10917.4,709.55,81.52,31.63,Moderate,0.7,2024,6,3,2
2024-12-26,LNG Carrier,91259,Ras Laffan,Tokyo,LNG,6360.5,598.44,103.89,100.46,Calm,1.2,2024,12,3,4
2024-02-07,Container Post-Panamax,102628,Shanghai,Los Angeles,Containerized Freight,5710.8,703.19,110.18,95.3,Calm,0.5,2024,2,2,1
2026-06-15,Capesize,171974,Port Hedland,Qingdao,Iron Ore,3580.1,713.21,93.95,21.27,Rough Sea,2.1,2026,6,0,2
2025-06-01,Panamax,69866,Tubarao,Qingdao,Bauxite,10962.0,575.43,98.83,64.22,Moderate,1.2,2025,6,6,2
2024-09-05,Capesize,190134,Santos,Qingdao,Iron Ore,11945.2,674.21,117.22,46.25,Moderate,8.3,2024,9,3,3
2024-06-27,Supramax,57532,Singapore,Dubai,Steel Coils,3332.3,690.44,107.93,49.77,Moderate,1.0,2024,6,3,2
2024-02-15,Suezmax,154190,Houston,Rotterdam,Refined Petroleum,4918.7,692.73,84.67,45.27,Moderate,8.0,2024,2,3,1
2024-05-16,Panamax,69443,Santos,Rotterdam,Grain,5313.9,673.26,92.56,43.9,Calm,3.9,2024,5,3,2
2023-10-23,Aframax,90891,Corpus Christi,Antwerp,Crude Oil,5066.6,680.95,108.42,65.85,Monsoon/Tropical Cyclone,2.1,2023,10,0,4
2025-06-14,Panamax,68810,Santos,Qingdao,Iron Ore,11750.8,594.93,97.19,67.13,Moderate,2.7,2025,6,5,2
2024-08-25,Supramax,57845,Houston,Rotterdam,Refined Petroleum,4705.0,668.96,98.24,51.97,Calm,3.3,2024,8,6,3
2023-12-08,Container Post-Panamax,84502,Shanghai,Los Angeles,Containerized Freight,5841.1,693.93,97.25,97.84,Moderate,2.0,2023,12,4,4
2025-08-20,Supramax,51991,Santos,Rotterdam,Bauxite,5363.8,604.46,78.92,48.95,Calm,0.7,2025,8,2,3
2025-06-06,Panamax,79956,Santos,Rotterdam,Grain,5446.2,572.4,91.04,50.43,Calm,11.2,2025,6,4,2
2023-12-31,Supramax,52103,Houston,Rotterdam,Crude Oil,4715.1,735.23,95.48,54.68,Moderate,3.3,2023,12,6,4
2026-02-11,Aframax,100257,Corpus Christi,Antwerp,Refined Petroleum,4870.6,721.79,94.15,46.64,Calm,0.5,2026,2,2,1
2024-06-27,Capesize,183054,Port Hedland,Qingdao,Iron Ore,3740.2,686.16,96.32,21.58,Rough Sea,1.1,2024,6,3,2
2024-03-18,Capesize,202398,Dampier,Yokohama,LNG,3915.0,726.43,91.47,15.81,Moderate,0.5,2024,3,0,1
2024-04-29,Suezmax,138578,Ras Tanura,Qingdao,Crude Oil,6327.2,724.19,93.21,48.23,Calm,6.5,2024,4,0,2
2026-06-22,Capesize,186457,Tubarao,Qingdao,Iron Ore,10912.8,681.52,92.56,45.04,Stormy,2.8,2026,6,0,2
2025-01-24,Capesize,184925,Dampier,Yokohama,Iron Ore,4027.2,549.38,98.42,17.52,Calm,2.1,2025,1,4,1
2024-11-26,Container Post-Panamax,129628,Ningbo,Hamburg,Containerized Freight,10349.2,588.11,113.59,123.02,Calm,2.7,2024,11,1,4
2025-02-28,Container Post-Panamax,107207,Shanghai,Los Angeles,Containerized Freight,5612.0,597.48,84.55,89.98,Calm,9.1,2025,2,4,1
2026-03-09,Suezmax,143147,Houston,Rotterdam,Refined Petroleum,4881.0,684.6,129.71,51.98,Rough Sea,2.6,2026,3,0,1
2026-05-12,Container Post-Panamax,127961,Shanghai,Los Angeles,Containerized Freight,5728.8,716.59,89.94,89.27,Rough Sea,0.5,2026,5,1,2
2025-10-08,Suezmax,135456,Ras Tanura,Qingdao,Crude Oil,6398.2,651.25,120.96,48.5,Calm,6.1,2025,10,2,4
2025-09-05,Handysize,26830,Singapore,Dubai,Containerized Freight,3497.4,596.29,81.63,69.73,Monsoon/Tropical Cyclone,2.0,2025,9,4,3
2026-03-12,Suezmax,139198,Ras Tanura,Singapore,Crude Oil,3661.2,704.02,111.97,47.8,Rough Sea,5.5,2026,3,3,1
2026-08-10,Supramax,61800,Singapore,Dubai,Steel Coils,3427.8,680.58,92.02,45.76,Moderate,4.2,2026,8,0,3
2025-04-03,Container Post-Panamax,91050,Shanghai,Los Angeles,Containerized Freight,5730.9,548.65,96.15,84.54,Calm,2.7,2025,4,3,2
2024-05-23,Container Post-Panamax,91590,Ningbo,Hamburg,Containerized Freight,10356.0,701.45,92.32,128.62,Calm,2.8,2024,5,3,2
2025-03-17,Capesize,197431,Newcastle,Mumbai,Thermal Coal,5822.7,589.21,106.7,18.18,Calm,0.5,2025,3,0,1
2024-05-04,Suezmax,149416,Ras Tanura,Singapore,Crude Oil,3625.6,726.65,79.28,29.52,Rough Sea,1.0,2024,5,5,2
2026-04-26,Panamax,69773,Santos,Rotterdam,Grain,5554.6,702.75,107.59,51.93,Calm,3.0,2026,4,6,2
2025-10-10,Capesize,167126,Port Hedland,Qingdao,Iron Ore,3546.9,634.11,96.86,23.31,Calm,2.3,2025,10,4,4
2025-08-31,Capesize,207647,Newcastle,Mumbai,Thermal Coal,5911.1,636.2,95.49,24.22,Calm,4.5,2025,8,6,3
2024-11-17,Container Post-Panamax,84725,Shanghai,Los Angeles,Containerized Freight,5766.3,634.77,117.53,94.92,Calm,4.8,2024,11,6,4
2025-09-27,Container Post-Panamax,81020,Shanghai,Los Angeles,Containerized Freight,5582.1,621.84,123.53,93.57,Calm,2.2,2025,9,5,3
2024-06-26,Capesize,182585,Richards Bay,Rotterdam,Thermal Coal,7113.0,693.99,97.23,29.9,Rough Sea,0.7,2024,6,2,2
2024-03-14,Capesize,201718,Port Hedland,Qingdao,Iron Ore,3546.7,736.73,87.24,17.96,Calm,0.5,2024,3,3,1
2023-11-11,Suezmax,132060,Ras Tanura,Qingdao,Crude Oil,6153.3,678.63,126.31,51.47,Calm,3.6,2023,11,5,4
2025-04-24,VLCC,292612,Ras Tanura,Singapore,Crude Oil,3799.7,558.41,95.21,28.77,Moderate,3.3,2025,4,3,2
2024-09-21,VLCC,295444,Ras Tanura,Singapore,Crude Oil,3648.8,638.95,119.74,30.33,Calm,2.7,2024,9,5,3
2024-07-11,Capesize,207684,Port Hedland,Qingdao,Iron Ore,3692.7,720.89,92.23,15.81,Calm,0.5,2024,7,3,3
2023-12-26,Handysize,33388,Singapore,Dubai,Containerized Freight,3406.2,683.07,93.89,59.79,Calm,3.5,2023,12,1,4
2025-02-26,Container Post-Panamax,96891,Shanghai,Los Angeles,Containerized Freight,5654.0,571.38,78.32,82.74,Calm,0.5,2025,2,2,1
2024-01-23,Container Post-Panamax,118184,Singapore,Dubai,Steel Coils,3325.0,649.42,112.57,71.64,Calm,3.0,2024,1,1,1
2026-04-08,Aframax,101257,Corpus Christi,Antwerp,Refined Petroleum,4983.2,706.17,109.57,58.51,Rough Sea,5.2,2026,4,2,2
2025-05-28,Supramax,64311,Santos,Rotterdam,Bauxite,5480.6,609.76,99.62,53.23,Calm,3.5,2025,5,2,2
2026-06-15,Panamax,78727,Tubarao,Qingdao,Iron Ore,11286.1,704.45,106.76,79.97,Moderate,12.5,2026,6,0,2
2024-10-31,Panamax,76772,Newcastle,Mumbai,Thermal Coal,5949.1,628.71,110.29,45.92,Moderate,0.9,2024,10,3,4
2026-02-25,Suezmax,145796,Ras Tanura,Qingdao,Crude Oil,6317.2,711.17,95.52,38.54,Calm,0.5,2026,2,2,1
2026-09-08,Panamax,81611,Newcastle,Mumbai,Thermal Coal,5929.0,651.29,94.8,47.22,Calm,4.4,2026,9,1,3
2024-12-19,Aframax,95979,Corpus Christi,Antwerp,Refined Petroleum,5046.6,585.64,117.89,55.63,Calm,7.2,2024,12,3,4
2024-02-27,Suezmax,141207,Corpus Christi,Antwerp,Crude Oil,5056.5,701.04,94.83,42.43,Moderate,2.9,2024,2,1,1
2026-09-05,Capesize,200730,Tubarao,Qingdao,Iron Ore,11163.5,655.97,110.25,42.59,Moderate,5.5,2026,9,5,3
2024-03-03,Capesize,171259,Santos,Qingdao,Grain,11511.6,720.78,101.73,41.29,Rough Sea,1.2,2024,3,6,1
2023-12-18,VLCC,318013,Ras Tanura,Singapore,Crude Oil,3707.5,666.27,112.88,32.45,Moderate,5.8,2023,12,0,4
2025-07-16,Panamax,73612,Santos,Qingdao,Grain,11897.0,588.52,108.67,74.12,Rough Sea,2.6,2025,7,2,3
2024-03-20,Aframax,94658,Houston,Rotterdam,Chemicals,4986.5,707.57,101.27,49.26,Calm,0.6,2024,3,2,1
2026-09-26,LNG Carrier,70367,Dampier,Yokohama,LNG,4032.8,646.13,100.91,83.62,Calm,0.5,2026,9,5,3
2025-02-27,Container Post-Panamax,112070,Ningbo,Hamburg,Containerized Freight,10390.9,608.31,87.76,123.98,Calm,9.0,2025,2,3,1
2026-04-24,VLCC,285000,Ras Tanura,Qingdao,Crude Oil,6173.5,701.98,102.76,33.94,Moderate,4.9,2026,4,4,2
2025-04-28,Supramax,61514,Singapore,Dubai,Containerized Freight,3415.8,516.14,117.44,58.55,Stormy,6.9,2025,4,0,2
2024-06-18,LNG Carrier,77132,Ras Laffan,Tokyo,LNG,6468.4,702.63,86.11,111.97,Moderate,1.9,2024,6,1,2
2026-08-18,Suezmax,164654,Ras Tanura,Singapore,Crude Oil,3658.6,681.11,113.46,35.87,Calm,0.5,2026,8,1,3
2026-08-13,Suezmax,131914,Ras Tanura,Qingdao,Crude Oil,6302.8,692.22,109.12,57.26,Moderate,10.1,2026,8,3,3
2025-11-17,Capesize,199698,Tubarao,Qingdao,Bauxite,11035.7,636.89,100.43,33.53,Calm,0.8,2025,11,0,4
2024-02-04,Panamax,74463,Newcastle,Mumbai,Thermal Coal,5904.9,700.31,95.12,49.45,Moderate,5.1,2024,2,6,1
2024-07-11,Handysize,31323,Singapore,Dubai,Containerized Freight,3473.6,724.03,102.13,81.78,Stormy,4.2,2024,7,3,3
2026-06-09,Panamax,72754,Santos,Qingdao,Iron Ore,11631.5,711.34,90.11,67.99,Calm,9.5,2026,6,1,2
2025-05-21,Panamax,75227,Santos,Qingdao,Grain,11913.3,576.44,90.18,63.64,Moderate,2.2,2025,5,2,2
2024-09-29,Container Post-Panamax,128029,Shanghai,Los Angeles,Containerized Freight,5535.9,621.25,103.39,87.96,Calm,3.5,2024,9,6,3
2025-07-01,Panamax,77811,Newcastle,Mumbai,Thermal Coal,5868.8,591.03,108.76,45.49,Calm,1.8,2025,7,1,3
2024-12-27,Capesize,203839,Richards Bay,Rotterdam,Thermal Coal,6964.5,592.69,90.19,25.25,Moderate,7.9,2024,12,4,4
2025-06-26,Capesize,190502,Dampier,Yokohama,LNG,3864.2,582.99,86.72,12.2,Calm,0.5,2025,6,3,2
2025-10-05,Panamax,71149,Richards Bay,Rotterdam,Thermal Coal,7243.1,675.03,119.23,66.42,Rough Sea,6.8,2025,10,6,4
2026-07-22,Capesize,176411,Richards Bay,Rotterdam,Thermal Coal,6911.9,707.55,95.62,31.54,Rough Sea,0.9,2026,7,2,3
2026-05-21,Capesize,193682,Port Hedland,Qingdao,Iron Ore,3646.4,702.56,119.18,44.06,Monsoon/Tropical Cyclone,7.2,2026,5,3,2
2023-10-11,Capesize,202525,Santos,Qingdao,Iron Ore,11710.5,668.02,118.04,48.66,Moderate,4.8,2023,10,2,4
2026-02-20,Capesize,205530,Santos,Qingdao,Iron Ore,11938.3,723.24,96.52,49.61,Stormy,8.0,2026,2,4,1
2023-10-07,Container Post-Panamax,93811,Shanghai,Los Angeles,Containerized Freight,5716.2,648.01,99.44,88.2,Calm,0.8,2023,10,5,4
2024-06-14,Container Post-Panamax,87420,Shanghai,Los Angeles,Containerized Freight,5758.3,730.73,99.34,99.1,Calm,4.9,2024,6,4,2
2024-06-26,Supramax,63698,Singapore,Dubai,Containerized Freight,3317.5,702.95,97.83,52.0,Rough Sea,1.4,2024,6,2,2
2025-12-23,Capesize,195218,Newcastle,Mumbai,Thermal Coal,5847.1,689.36,91.87,20.93,Calm,2.6,2025,12,1,4
2026-09-27,Container Post-Panamax,81266,Singapore,Dubai,Containerized Freight,3327.9,604.47,119.16,71.41,Calm,2.0,2026,9,6,3
2025-04-03,Panamax,80476,Tubarao,Qingdao,Iron Ore,11310.1,604.74,103.34,79.18,Rough Sea,10.5,2025,4,3,2
2025-05-16,Panamax,82032,Newcastle,Mumbai,Thermal Coal,5966.1,559.72,89.03,44.81,Moderate,2.0,2025,5,4,2
2025-07-02,Panamax,72101,Newcastle,Mumbai,Thermal Coal,5816.6,591.6,111.56,46.67,Rough Sea,1.0,2025,7,2,3
2025-08-21,Supramax,57212,Santos,Rotterdam,Bauxite,5338.3,616.01,100.22,52.97,Calm,2.7,2025,8,3,3
2025-11-09,LNG Carrier,72240,Dampier,Yokohama,LNG,3860.4,701.09,105.64,87.86,Calm,1.1,2025,11,6,4
2024-10-25,VLCC,319264,Ras Tanura,Singapore,Crude Oil,3759.8,585.52,108.26,31.46,Moderate,6.3,2024,10,4,4
2025-10-24,Capesize,188685,Dampier,Yokohama,LNG,3895.6,673.35,102.76,23.5,Rough Sea,0.5,2025,10,4,4
2024-06-25,Capesize,173444,Richards Bay,Rotterdam,Thermal Coal,7281.3,710.74,111.53,37.15,Calm,7.2,2024,6,1,2
2026-02-26,Handysize,26195,Singapore,Dubai,Steel Coils,3393.7,702.41,98.91,65.07,Moderate,1.6,2026,2,3,1
2026-03-17,Capesize,178864,Richards Bay,Rotterdam,Thermal Coal,7132.6,700.35,95.82,44.54,Monsoon/Tropical Cyclone,10.4,2026,3,1,1
2024-07-10,Handysize,29328,Singapore,Dubai,Chemicals,3400.5,723.71,112.24,66.15,Moderate,2.9,2024,7,2,3
2026-08-18,Capesize,182120,Santos,Qingdao,Grain,11594.4,677.99,92.8,36.65,Moderate,0.5,2026,8,1,3
2024-08-04,Suezmax,140839,Ras Tanura,Singapore,Crude Oil,3690.0,673.21,99.85,41.8,Moderate,7.2,2024,8,6,3
2025-07-23,VLCC,282299,Ras Tanura,Singapore,Crude Oil,3796.2,594.28,103.37,26.41,Rough Sea,0.5,2025,7,2,3
2026-07-01,Aframax,119802,Corpus Christi,Antwerp,Crude Oil,4903.7,696.91,103.96,53.19,Rough Sea,0.6,2026,7,2,3
2026-06-13,Panamax,79803,Newcastle,Mumbai,Thermal Coal,5827.4,674.66,111.56,47.56,Calm,1.5,2026,6,5,2
2024-02-10,Aframax,104148,Corpus Christi,Antwerp,Refined Petroleum,4986.8,701.42,101.49,55.17,Calm,1.9,2024,2,5,1
2026-09-03,Container Post-Panamax,84245,Singapore,Dubai,Chemicals,3316.4,646.45,101.44,75.74,Calm,2.8,2026,9,3,3
2025-12-08,Container Post-Panamax,101051,Singapore,Dubai,Chemicals,3368.6,690.26,85.6,91.75,Monsoon/Tropical Cyclone,5.0,2025,12,0,4
2026-03-30,Panamax,77882,Newcastle,Mumbai,Thermal Coal,5856.7,745.45,103.97,46.26,Calm,0.5,2026,3,0,1
2026-07-06,Container Post-Panamax,128274,Ningbo,Hamburg,Containerized Freight,10393.1,641.85,110.4,126.28,Calm,0.5,2026,7,0,3
2025-03-14,Container Post-Panamax,97798,Ningbo,Hamburg,Containerized Freight,10522.5,586.01,96.61,122.4,Moderate,0.5,2025,3,4,1
2025-06-03,Container Post-Panamax,95816,Shanghai,Los Angeles,Containerized Freight,5788.6,549.73,109.26,103.42,Stormy,2.5,2025,6,1,2
2025-07-01,Container Post-Panamax,108908,Shanghai,Los Angeles,Containerized Freight,5777.7,601.13,88.95,89.27,Calm,3.3,2025,7,1,3
2026-01-14,Container Post-Panamax,123657,Shanghai,Los Angeles,Containerized Freight,5855.1,687.71,76.82,88.71,Moderate,1.0,2026,1,2,1
2024-12-02,Container Post-Panamax,134628,Shanghai,Los Angeles,Containerized Freight,5755.2,609.1,112.35,114.11,Stormy,8.3,2024,12,0,4
2024-06-08,Handysize,36345,Singapore,Dubai,Chemicals,3445.8,708.52,87.72,61.31,Rough Sea,2.3,2024,6,5,2
2025-04-19,Capesize,162716,Santos,Qingdao,Grain,12109.2,557.45,122.25,43.65,Moderate,2.2,2025,4,5,2
2024-06-20,Panamax,67661,Santos,Qingdao,Grain,11761.2,676.72,101.32,71.79,Rough Sea,0.5,2024,6,3,2
2025-05-23,Container Post-Panamax,93278,Shanghai,Los Angeles,Containerized Freight,5582.9,577.84,96.16,87.03,Calm,4.2,2025,5,4,2
2026-01-01,Suezmax,164136,Ras Tanura,Qingdao,Crude Oil,6178.3,698.36,106.56,55.04,Stormy,2.1,2026,1,3,1
2026-03-07,LNG Carrier,91140,Ras Laffan,Tokyo,LNG,6594.3,714.34,110.74,111.52,Calm,4.2,2026,3,5,1
2025-11-23,Panamax,79003,Santos,Rotterdam,Grain,5331.0,658.95,117.08,54.64,Calm,4.1,2025,11,6,4
2026-07-18,Suezmax,140352,Corpus Christi,Antwerp,Crude Oil,4986.3,671.03,77.74,34.63,Moderate,0.5,2026,7,5,3
2025-01-04,Container Post-Panamax,130756,Ningbo,Hamburg,Containerized Freight,10553.4,566.8,94.98,118.07,Calm,1.2,2025,1,5,1
2024-05-13,Capesize,175779,Santos,Qingdao,Iron Ore,12141.6,705.33,101.09,37.72,Rough Sea,0.8,2024,5,0,2
2026-07-22,Capesize,173885,Newcastle,Mumbai,Thermal Coal,6004.2,661.26,103.57,32.76,Rough Sea,0.5,2026,7,2,3
2026-09-09,LNG Carrier,81013,Ras Laffan,Tokyo,LNG,6381.2,660.75,109.36,110.22,Moderate,2.4,2026,9,2,3
2025-10-17,VLCC,293796,Ras Tanura,Qingdao,Crude Oil,6118.4,661.53,96.64,30.53,Moderate,0.5,2025,10,4,4
2026-08-15,Capesize,192624,Tubarao,Qingdao,Iron Ore,11090.7,654.47,96.13,32.13,Calm,0.6,2026,8,5,3
2025-02-04,Container Post-Panamax,97179,Ningbo,Hamburg,Containerized Freight,10288.5,568.03,92.55,138.24,Stormy,2.1,2025,2,1,1
2025-11-14,Capesize,179266,Port Hedland,Qingdao,Iron Ore,3759.3,645.33,98.69,22.82,Calm,1.6,2025,11,4,4
2023-11-20,Aframax,119017,Houston,Rotterdam,Chemicals,4968.7,693.44,110.56,68.97,Moderate,15.4,2023,11,0,4
2023-11-02,Container Post-Panamax,133497,Shanghai,Los Angeles,Containerized Freight,5838.7,644.38,104.73,90.13,Calm,2.7,2023,11,3,4
2024-05-05,LNG Carrier,72090,Ras Laffan,Tokyo,LNG,6632.4,690.57,100.19,105.84,Calm,3.9,2024,5,6,2
2023-12-10,Container Post-Panamax,133413,Ningbo,Hamburg,Containerized Freight,10431.8,697.25,109.99,137.74,Rough Sea,1.8,2023,12,6,4
2026-04-28,Capesize,199965,Port Hedland,Qingdao,Iron Ore,3658.3,702.03,110.57,23.2,Calm,1.4,2026,4,1,2
2024-12-17,Capesize,209474,Dampier,Yokohama,LNG,3934.0,572.1,105.33,23.57,Moderate,1.3,2024,12,1,4
2025-08-12,Supramax,63635,Santos,Rotterdam,Grain,5438.2,606.83,114.66,72.07,Monsoon/Tropical Cyclone,5.1,2025,8,1,3
2025-06-20,LNG Carrier,70246,Dampier,Yokohama,Iron Ore,3881.2,603.06,82.27,84.98,Calm,6.8,2025,6,4,2
2025-07-03,Capesize,203202,Newcastle,Mumbai,Thermal Coal,5839.4,559.2,89.13,18.32,Rough Sea,0.5,2025,7,3,3
2024-11-11,Supramax,53542,Santos,Rotterdam,Grain,5352.0,601.53,109.38,55.2,Moderate,0.5,2024,11,0,4
2025-10-28,VLCC,305081,Ras Tanura,Qingdao,Crude Oil,6409.6,645.77,109.68,37.33,Calm,7.0,2025,10,1,4
2024-01-08,Panamax,66657,Tubarao,Qingdao,Iron Ore,11375.2,710.44,91.41,73.98,Calm,8.6,2024,1,0,1
2025-02-28,Panamax,70801,Newcastle,Mumbai,Thermal Coal,5814.7,547.94,104.02,47.35,Moderate,3.1,2025,2,4,1
2026-01-06,LNG Carrier,76414,Ras Laffan,Tokyo,LNG,6493.1,683.63,107.27,112.37,Moderate,3.9,2026,1,1,1
2023-10-18,Supramax,50977,Santos,Rotterdam,Bauxite,5373.7,617.36,105.25,51.33,Calm,1.1,2023,10,2,4
2024-07-20,Container Post-Panamax,92558,Ningbo,Hamburg,Containerized Freight,10451.2,692.71,96.09,146.51,Stormy,1.8,2024,7,5,3
2025-10-10,Handysize,26468,Singapore,Dubai,Chemicals,3428.5,667.69,105.67,59.7,Calm,2.4,2025,10,4,4
2026-02-02,Container Post-Panamax,88552,Ningbo,Hamburg,Containerized Freight,10592.7,730.86,90.42,128.45,Moderate,0.5,2026,2,0,1
2024-03-07,Capesize,191351,Port Hedland,Qingdao,Iron Ore,3565.8,714.8,96.91,21.9,Calm,3.2,2024,3,3,1
2024-11-19,VLCC,302147,Ras Tanura,Singapore,Crude Oil,3806.8,606.37,122.0,37.07,Moderate,7.5,2024,11,1,4
2026-05-18,Capesize,179607,Santos,Qingdao,Grain,11467.6,689.89,105.53,40.21,Calm,1.0,2026,5,0,2
2026-09-19,Suezmax,148344,Corpus Christi,Antwerp,Crude Oil,5035.9,644.97,104.86,38.45,Calm,0.8,2026,9,5,3
2025-09-04,Capesize,163705,Port Hedland,Qingdao,Iron Ore,3554.6,607.46,85.8,23.87,Calm,6.0,2025,9,3,3
2025-03-15,Capesize,168322,Tubarao,Qingdao,Bauxite,11284.6,531.28,88.19,36.22,Stormy,3.0,2025,3,5,1
2024-12-04,Aframax,103773,Corpus Christi,Antwerp,Crude Oil,5064.4,639.77,113.13,52.14,Calm,2.5,2024,12,2,4
2024-02-10,Panamax,80354,Newcastle,Mumbai,Thermal Coal,5891.7,733.5,79.06,50.18,Moderate,8.9,2024,2,5,1
2024-06-12,Suezmax,155234,Ras Tanura,Singapore,Crude Oil,3634.2,670.18,120.93,46.74,Rough Sea,8.4,2024,6,2,2
2026-02-14,Capesize,205777,Port Hedland,Qingdao,Iron Ore,3579.0,720.01,87.52,19.51,Rough Sea,0.7,2026,2,5,1
2024-04-23,Panamax,82434,Santos,Qingdao,Iron Ore,11498.0,707.78,84.33,68.01,Moderate,0.7,2024,4,1,2
2024-12-19,LNG Carrier,75621,Ras Laffan,Tokyo,LNG,6729.6,613.15,105.8,105.66,Calm,1.6,2024,12,3,4
2026-07-16,Suezmax,136089,Ras Tanura,Singapore,Crude Oil,3703.9,642.36,91.15,33.25,Calm,1.1,2026,7,3,3
2025-03-05,Panamax,84174,Richards Bay,Rotterdam,Thermal Coal,7033.0,580.82,118.52,67.89,Monsoon/Tropical Cyclone,4.2,2025,3,2,1
2023-11-25,Container Post-Panamax,111793,Ningbo,Hamburg,Containerized Freight,10799.1,649.7,113.75,131.55,Moderate,0.5,2023,11,5,4
2025-08-09,Capesize,171249,Port Hedland,Qingdao,Iron Ore,3562.2,611.14,100.77,18.35,Calm,1.5,2025,8,5,3
2026-08-10,Aframax,91007,Corpus Christi,Antwerp,Crude Oil,5032.0,648.4,90.27,55.34,Rough Sea,5.6,2026,8,0,3
2024-01-21,Container Post-Panamax,104688,Ningbo,Hamburg,Containerized Freight,10585.7,683.1,84.19,133.39,Rough Sea,4.0,2024,1,6,1
2024-11-21,LNG Carrier,93349,Ras Laffan,Tokyo,LNG,6402.4,630.39,90.52,103.39,Calm,1.9,2024,11,3,4
2024-03-02,LNG Carrier,78450,Ras Laffan,Tokyo,LNG,6670.3,684.11,94.56,110.35,Moderate,0.6,2024,3,5,1
2025-09-05,Suezmax,133971,Corpus Christi,Antwerp,Crude Oil,4823.9,613.83,93.48,35.17,Calm,0.5,2025,9,4,3
2025-03-04,Capesize,170202,Santos,Qingdao,Grain,11976.6,557.21,95.02,36.79,Moderate,3.0,2025,3,1,1
2025-08-28,Panamax,75904,Richards Bay,Rotterdam,Thermal Coal,7301.0,620.23,87.21,49.17,Calm,5.3,2025,8,3,3
2025-07-20,Suezmax,138680,Ras Tanura,Qingdao,Crude Oil,6069.5,597.02,112.05,42.88,Moderate,0.5,2025,7,6,3
2025-07-21,Container Post-Panamax,94329,Ningbo,Hamburg,Containerized Freight,10588.3,617.32,95.47,125.44,Calm,2.7,2025,7,0,3
2025-07-30,Capesize,202391,Port Hedland,Qingdao,Iron Ore,3562.0,614.36,93.78,27.88,Moderate,6.7,2025,7,2,3
2023-11-23,Capesize,166641,Richards Bay,Rotterdam,Thermal Coal,7268.9,628.69,107.38,31.82,Rough Sea,0.9,2023,11,3,4
2025-10-05,Capesize,164529,Tubarao,Qingdao,Iron Ore,11212.2,644.94,104.74,43.95,Rough Sea,10.1,2025,10,6,4
2024-04-02,Capesize,164681,Newcastle,Mumbai,Thermal Coal,5975.8,752.46,110.44,33.89,Moderate,1.1,2024,4,1,2
2024-06-10,Aframax,118437,Corpus Christi,Antwerp,Crude Oil,4809.9,695.2,102.03,49.34,Calm,1.2,2024,6,0,2
2023-12-15,Panamax,68081,Santos,Rotterdam,Bauxite,5585.3,692.14,105.89,54.51,Moderate,5.8,2023,12,4,4
2026-09-11,Capesize,190201,Port Hedland,Qingdao,Iron Ore,3710.8,662.5,111.63,25.21,Moderate,3.1,2026,9,4,3
2024-12-07,Supramax,57416,Santos,Rotterdam,Grain,5571.7,570.58,110.96,73.03,Rough Sea,10.2,2024,12,5,4
2026-07-26,Aframax,100215,Houston,Rotterdam,Crude Oil,4818.5,676.06,89.92,51.1,Calm,2.5,2026,7,6,3
2025-08-12,Capesize,177291,Richards Bay,Rotterdam,Thermal Coal,6956.2,604.69,96.84,32.18,Moderate,2.6,2025,8,1,3
2026-02-26,LNG Carrier,89538,Ras Laffan,Tokyo,LNG,6465.9,684.93,97.96,108.42,Calm,1.9,2026,2,3,1
2026-06-17,Suezmax,160887,Corpus Christi,Antwerp,Refined Petroleum,4926.6,690.43,109.58,49.46,Calm,6.9,2026,6,2,2
2025-09-02,Suezmax,131976,Ras Tanura,Singapore,Crude Oil,3680.3,635.3,107.46,39.69,Rough Sea,0.6,2025,9,1,3
2024-07-08,Panamax,75787,Santos,Rotterdam,Grain,5478.1,695.56,100.42,47.11,Calm,0.5,2024,7,0,3
2024-05-12,Suezmax,150490,Ras Tanura,Singapore,Crude Oil,3702.3,692.89,108.11,33.02,Calm,0.5,2024,5,6,2
2024-02-02,Container Post-Panamax,111893,Shanghai,Los Angeles,Containerized Freight,5692.5,704.18,85.32,103.12,Moderate,9.9,2024,2,4,1
2023-10-20,VLCC,307338,Ras Tanura,Singapore,Crude Oil,3826.9,666.64,115.56,33.22,Calm,5.9,2023,10,4,4
2024-06-16,Container Post-Panamax,109030,Shanghai,Los Angeles,Containerized Freight,5605.9,697.06,96.5,89.09,Calm,1.8,2024,6,6,2
2026-09-10,Panamax,80592,Newcastle,Mumbai,Thermal Coal,5970.0,663.65,94.53,45.06,Rough Sea,1.1,2026,9,3,3
2025-02-26,Panamax,77636,Richards Bay,Rotterdam,Thermal Coal,7225.3,632.49,84.92,60.39,Monsoon/Tropical Cyclone,4.6,2025,2,2,1
2024-02-04,Capesize,166831,Port Hedland,Qingdao,Iron Ore,3708.3,684.04,96.96,30.06,Moderate,10.1,2024,2,6,1
2025-08-01,Capesize,184432,Santos,Qingdao,Iron Ore,11945.2,595.21,97.26,49.12,Moderate,15.9,2025,8,4,3
2025-09-10,Panamax,77695,Richards Bay,Rotterdam,Thermal Coal,7060.0,616.26,99.96,44.57,Calm,1.5,2025,9,2,3
2024-08-29,Panamax,75703,Santos,Rotterdam,Grain,5376.8,653.1,102.02,40.57,Calm,0.5,2024,8,3,3
2023-12-26,Panamax,68268,Santos,Rotterdam,Grain,5562.5,703.77,106.65,55.05,Calm,3.9,2023,12,1,4
2025-02-05,VLCC,319888,Ras Tanura,Singapore,Crude Oil,3753.8,619.87,96.77,21.05,Moderate,0.9,2025,2,2,1
2024-01-19,Supramax,60729,Singapore,Dubai,Steel Coils,3380.7,676.78,94.32,46.32,Calm,0.5,2024,1,4,1
2024-08-26,Capesize,187516,Tubarao,Qingdao,Bauxite,11500.5,662.84,99.41,50.21,Stormy,9.0,2024,8,0,3
2026-02-12,Suezmax,146919,Corpus Christi,Antwerp,Crude Oil,4838.0,718.23,113.71,45.57,Moderate,6.0,2026,2,3,1
2025-10-18,Capesize,195338,Port Hedland,Qingdao,Iron Ore,3580.3,636.83,89.1,21.0,Calm,1.9,2025,10,5,4
2026-04-08,Container Post-Panamax,97507,Ningbo,Hamburg,Containerized Freight,10435.4,670.93,101.93,135.24,Calm,11.0,2026,4,2,2
2025-09-10,Container Post-Panamax,125076,Shanghai,Los Angeles,Containerized Freight,5849.9,596.91,113.79,92.73,Calm,4.7,2025,9,2,3
2024-01-15,LNG Carrier,88257,Ras Laffan,Tokyo,LNG,6513.0,677.36,86.39,111.02,Rough Sea,2.6,2024,1,0,1
2024-10-04,Suezmax,162879,Ras Tanura,Singapore,Crude Oil,3805.1,636.52,99.69,39.96,Moderate,7.2,2024,10,4,4
2024-06-19,Capesize,186875,Dampier,Yokohama,LNG,3965.8,695.23,97.09,19.87,Moderate,2.0,2024,6,2,2
2025-11-24,Container Post-Panamax,93138,Ningbo,Hamburg,Containerized Freight,10492.9,728.12,105.02,135.88,Moderate,4.1,2025,11,0,4
2026-08-06,Aframax,89127,Houston,Rotterdam,Chemicals,4835.6,723.09,100.29,51.04,Moderate,0.5,2026,8,3,3
2026-01-16,Aframax,94417,Houston,Rotterdam,Crude Oil,4908.3,712.16,90.3,51.08,Calm,5.5,2026,1,4,1
2026-09-03,Supramax,53260,Singapore,Dubai,Steel Coils,3386.2,650.27,105.44,46.25,Calm,1.4,2026,9,3,3
2025-04-14,Capesize,194278,Port Hedland,Qingdao,Iron Ore,3738.7,576.62,79.08,16.52,Calm,0.5,2025,4,0,2
2025-09-14,VLCC,313153,Ras Tanura,Singapore,Crude Oil,3630.2,638.38,120.31,28.95,Calm,6.1,2025,9,6,3
2025-01-09,Panamax,84136,Newcastle,Mumbai,Thermal Coal,5788.4,568.94,95.99,42.41,Calm,2.3,2025,1,3,1
2026-07-10,VLCC,318051,Ras Tanura,Singapore,Crude Oil,3710.1,686.02,108.78,28.97,Moderate,7.3,2026,7,4,3
2024-04-14,LNG Carrier,90851,Dampier,Yokohama,LNG,4046.2,650.89,97.02,97.63,Rough Sea,5.5,2024,4,6,2
2024-04-13,Capesize,199398,Port Hedland,Qingdao,Iron Ore,3693.7,707.51,83.08,20.27,Stormy,1.9,2024,4,5,2
2026-08-29,Suezmax,149890,Ras Tanura,Qingdao,Crude Oil,6318.9,643.94,100.37,40.92,Moderate,0.5,2026,8,5,3
2026-08-10,Container Post-Panamax,117669,Shanghai,Los Angeles,Containerized Freight,5691.6,667.51,98.11,96.89,Rough Sea,3.1,2026,8,0,3
2026-09-28,Suezmax,151713,Houston,Rotterdam,Refined Petroleum,4910.3,635.59,108.6,49.15,Stormy,4.3,2026,9,0,3
2026-03-22,Container Post-Panamax,86911,Ningbo,Hamburg,Containerized Freight,10486.7,707.23,99.17,130.5,Moderate,3.2,2026,3,6,1
2024-12-07,Capesize,205458,Port Hedland,Qingdao,Iron Ore,3626.7,548.0,113.97,20.38,Calm,1.8,2024,12,5,4
2025-08-29,Supramax,53011,Singapore,Dubai,Steel Coils,3335.6,610.97,105.24,48.07,Calm,3.8,2025,8,4,3
2024-10-16,Container Post-Panamax,125849,Ningbo,Hamburg,Containerized Freight,10346.1,608.74,101.17,115.54,Calm,0.5,2024,10,2,4
2026-08-07,Panamax,71071,Santos,Qingdao,Iron Ore,11883.4,671.32,92.43,64.83,Calm,1.6,2026,8,4,3
2024-01-24,Capesize,190881,Tubarao,Qingdao,Bauxite,10873.9,734.89,95.28,43.13,Moderate,2.2,2024,1,2,1
2024-04-27,Suezmax,134237,Corpus Christi,Antwerp,Refined Petroleum,4876.4,691.59,112.66,50.4,Stormy,1.8,2024,4,5,2
2025-02-25,Container Post-Panamax,132151,Ningbo,Hamburg,Containerized Freight,10701.0,590.45,87.46,128.17,Moderate,4.5,2025,2,1,1
2023-12-09,LNG Carrier,85950,Dampier,Yokohama,LNG,4058.0,666.91,108.43,89.35,Calm,0.8,2023,12,5,4
2026-09-05,Panamax,71074,Richards Bay,Rotterdam,Thermal Coal,7146.7,650.45,103.28,53.04,Moderate,2.3,2026,9,5,3
2025-04-19,LNG Carrier,91952,Ras Laffan,Tokyo,LNG,6572.8,579.61,97.77,119.85,Stormy,2.3,2025,4,5,2
2026-02-04,Panamax,67057,Tubarao,Qingdao,Bauxite,11166.5,705.29,108.0,73.03,Rough Sea,0.6,2026,2,2,1
2026-04-02,Aframax,118394,Houston,Rotterdam,Refined Petroleum,4944.8,699.16,107.07,57.05,Calm,7.6,2026,4,3,2
2026-08-08,Suezmax,147791,Corpus Christi,Antwerp,Refined Petroleum,5011.5,674.3,101.36,56.59,Stormy,8.2,2026,8,5,3
2026-09-28,Capesize,179285,Newcastle,Mumbai,Thermal Coal,5744.6,646.76,114.63,28.02,Moderate,2.2,2026,9,0,3
2025-06-02,Capesize,192098,Santos,Qingdao,Grain,11924.3,547.18,113.68,35.56,Moderate,0.8,2025,6,0,2
2026-01-31,Capesize,181681,Port Hedland,Qingdao,Iron Ore,3678.6,733.6,90.06,22.74,Calm,2.1,2026,1,5,1
2026-07-13,Panamax,82956,Santos,Rotterdam,Grain,5471.7,669.89,88.95,45.86,Moderate,4.6,2026,7,0,3
2025-06-05,Capesize,166745,Richards Bay,Rotterdam,Thermal Coal,6990.5,567.77,99.46,30.36,Calm,4.1,2025,6,3,2
2026-08-08,Container Post-Panamax,110406,Shanghai,Los Angeles,Containerized Freight,5617.2,693.33,109.4,128.1,Stormy,18.0,2026,8,5,3
2026-05-31,LNG Carrier,84687,Ras Laffan,Tokyo,LNG,6502.1,688.75,93.97,107.32,Moderate,0.5,2026,5,6,2
2025-06-09,Panamax,68407,Santos,Qingdao,Grain,12068.5,573.69,91.14,63.9,Calm,0.5,2025,6,0,2
2024-11-05,Capesize,204917,Tubarao,Qingdao,Bauxite,11435.0,613.87,109.48,44.66,Calm,11.0,2024,11,1,4
2024-03-09,Aframax,94450,Corpus Christi,Antwerp,Crude Oil,5061.2,720.09,95.33,57.37,Moderate,4.7,2024,3,5,1
2023-10-30,Handysize,31519,Singapore,Dubai,Steel Coils,3353.0,631.04,119.85,60.18,Calm,2.4,2023,10,0,4
2024-11-03,Capesize,162978,Santos,Qingdao,Iron Ore,11495.4,609.38,100.0,35.63,Calm,0.5,2024,11,6,4
2025-10-28,Container Post-Panamax,102168,Singapore,Dubai,Steel Coils,3464.5,645.7,109.39,78.64,Moderate,3.0,2025,10,1,4
2026-01-20,Panamax,75731,Richards Bay,Rotterdam,Thermal Coal,7043.5,719.58,80.67,50.88,Moderate,0.5,2026,1,1,1
2025-10-21,Capesize,164716,Newcastle,Mumbai,Thermal Coal,5949.4,653.72,94.79,35.63,Stormy,5.3,2025,10,1,4
2024-09-13,LNG Carrier,80554,Dampier,Yokohama,Iron Ore,4013.9,632.08,102.68,92.6,Rough Sea,1.5,2024,9,4,3
2025-04-13,Supramax,63336,Singapore,Dubai,Steel Coils,3345.1,573.24,96.52,48.56,Calm,5.4,2025,4,6,2
2026-04-09,Suezmax,156625,Ras Tanura,Qingdao,Crude Oil,6171.7,717.17,106.45,50.52,Calm,7.4,2026,4,3,2
2024-12-10,Suezmax,155804,Ras Tanura,Singapore,Crude Oil,3757.3,612.1,90.73,41.9,Stormy,6.3,2024,12,1,4
2026-06-19,Supramax,55276,Singapore,Dubai,Chemicals,3497.8,716.3,106.49,45.37,Calm,0.5,2026,6,4,2
2024-06-28,VLCC,282698,Ras Tanura,Singapore,Crude Oil,3701.0,701.04,107.83,28.44,Calm,2.6,2024,6,4,2
2025-08-26,Supramax,64038,Houston,Rotterdam,Crude Oil,4824.4,602.27,105.65,53.47,Moderate,4.8,2025,8,1,3
2026-04-17,Panamax,68000,Newcastle,Mumbai,Thermal Coal,6026.1,677.78,107.2,47.64,Calm,1.0,2026,4,4,2
2024-11-23,Panamax,75349,Tubarao,Qingdao,Bauxite,10900.3,631.81,97.24,64.64,Calm,3.1,2024,11,5,4
2023-10-29,Container Post-Panamax,88781,Shanghai,Los Angeles,Containerized Freight,5747.8,671.09,99.45,99.65,Moderate,0.9,2023,10,6,4
2024-04-01,Handysize,29843,Singapore,Dubai,Steel Coils,3373.4,706.73,89.11,58.74,Moderate,1.5,2024,4,0,2
2026-08-28,Container Post-Panamax,126433,Ningbo,Hamburg,Containerized Freight,10531.2,613.24,121.78,129.78,Calm,5.8,2026,8,4,3
2024-03-24,Suezmax,162215,Ras Tanura,Singapore,Crude Oil,3796.6,703.2,100.05,35.83,Moderate,2.6,2024,3,6,1
2026-03-22,VLCC,280111,Ras Tanura,Singapore,Crude Oil,3701.2,721.35,96.23,30.73,Stormy,3.4,2026,3,6,1
2024-01-18,Container Post-Panamax,99923,Shanghai,Los Angeles,Containerized Freight,5760.9,698.12,70.75,90.75,Calm,1.3,2024,1,3,1
2026-01-13,Container Post-Panamax,118535,Shanghai,Los Angeles,Containerized Freight,5541.9,669.73,98.65,89.52,Calm,4.5,2026,1,1,1
2025-02-03,VLCC,286455,Ras Tanura,Qingdao,Crude Oil,6339.1,529.46,84.08,28.8,Calm,1.4,2025,2,0,1
2023-12-19,Panamax,71866,Santos,Qingdao,Iron Ore,11943.5,673.13,110.61,74.03,Calm,1.5,2023,12,1,4
2024-11-09,LNG Carrier,93367,Ras Laffan,Tokyo,LNG,6685.6,619.48,91.25,99.18,Calm,0.7,2024,11,5,4
2025-04-22,Capesize,190544,Port Hedland,Qingdao,Iron Ore,3596.3,568.84,101.54,22.83,Calm,0.6,2025,4,1,2
2024-05-05,Handysize,35463,Singapore,Dubai,Containerized Freight,3405.0,685.9,98.68,60.56,Calm,1.0,2024,5,6,2
2026-04-04,Panamax,73726,Tubarao,Qingdao,Bauxite,10976.0,728.25,87.87,67.39,Rough Sea,0.5,2026,4,5,2
2025-05-08,Capesize,163717,Tubarao,Qingdao,Bauxite,11322.1,524.34,97.43,38.06,Stormy,3.1,2025,5,3,2
2025-12-04,Aframax,95382,Corpus Christi,Antwerp,Refined Petroleum,4911.3,687.34,98.1,48.39,Moderate,2.3,2025,12,3,4
2024-12-21,Capesize,186767,Port Hedland,Qingdao,Iron Ore,3707.7,621.82,87.18,16.69,Moderate,0.5,2024,12,5,4
2025-11-09,VLCC,280461,Ras Tanura,Singapore,Crude Oil,3803.7,668.47,115.16,30.59,Calm,3.1,2025,11,6,4
2025-07-29,Suezmax,155946,Houston,Rotterdam,Refined Petroleum,4779.3,603.91,108.11,38.3,Moderate,2.8,2025,7,1,3
2025-06-18,Suezmax,146669,Corpus Christi,Antwerp,Refined Petroleum,4978.7,587.97,96.69,38.69,Moderate,4.9,2025,6,2,2
2024-08-02,Aframax,87970,Houston,Rotterdam,Refined Petroleum,4830.3,686.13,102.93,51.6,Calm,3.0,2024,8,4,3
2024-07-20,Container Post-Panamax,116735,Shanghai,Los Angeles,Containerized Freight,5812.1,655.15,110.35,95.83,Rough Sea,0.5,2024,7,5,3
2025-07-19,Suezmax,130164,Ras Tanura,Singapore,Crude Oil,3705.8,608.74,96.3,35.76,Calm,5.9,2025,7,5,3
2024-04-22,Capesize,183345,Port Hedland,Qingdao,Iron Ore,3719.9,713.15,117.79,27.2,Rough Sea,2.2,2024,4,0,2
2025-09-19,Suezmax,142524,Houston,Rotterdam,Refined Petroleum,4790.8,611.35,107.67,34.59,Calm,0.5,2025,9,4,3
2024-09-07,Supramax,50637,Santos,Rotterdam,Grain,5306.6,644.03,113.35,66.5,Calm,13.4,2024,9,5,3
2025-11-29,Container Post-Panamax,115935,Shanghai,Los Angeles,Containerized Freight,5546.9,694.59,91.46,85.97,Calm,0.5,2025,11,5,4
2024-06-17,Suezmax,143111,Corpus Christi,Antwerp,Crude Oil,5015.1,679.98,91.77,35.2,Moderate,2.4,2024,6,0,2
2025-12-14,Capesize,190727,Tubarao,Qingdao,Bauxite,10931.6,712.48,94.16,61.86,Stormy,18.0,2025,12,6,4
2024-11-20,LNG Carrier,84673,Ras Laffan,Tokyo,LNG,6724.4,613.44,110.96,104.8,Calm,0.5,2024,11,2,4
2023-12-22,Container Post-Panamax,124692,Ningbo,Hamburg,Containerized Freight,10695.1,724.96,105.11,130.79,Calm,1.7,2023,12,4,4
2025-07-28,Panamax,80915,Tubarao,Qingdao,Iron Ore,11268.3,571.35,81.38,62.77,Rough Sea,2.4,2025,7,0,3
2025-11-22,Supramax,56968,Santos,Rotterdam,Bauxite,5360.5,689.38,121.41,62.68,Calm,5.2,2025,11,5,4
2023-12-12,Supramax,61365,Singapore,Dubai,Steel Coils,3482.3,640.35,102.86,49.89,Moderate,1.8,2023,12,1,4
2025-12-02,Suezmax,139629,Ras Tanura,Qingdao,Crude Oil,6287.7,675.67,105.58,43.97,Calm,2.8,2025,12,1,4
2026-07-04,Container Post-Panamax,113691,Ningbo,Hamburg,Containerized Freight,10459.5,691.25,88.76,122.43,Calm,2.3,2026,7,5,3
2024-09-29,Handysize,36678,Singapore,Dubai,Containerized Freight,3468.8,616.22,110.78,74.85,Rough Sea,16.2,2024,9,6,3
2024-06-13,Container Post-Panamax,103440,Shanghai,Los Angeles,Containerized Freight,5850.1,701.38,120.18,107.04,Moderate,8.7,2024,6,3,2
2026-09-07,Panamax,67900,Santos,Qingdao,Iron Ore,11604.0,662.91,98.72,68.85,Moderate,3.9,2026,9,0,3
2025-10-02,Capesize,209776,Tubarao,Qingdao,Bauxite,11321.7,597.02,99.93,41.1,Rough Sea,2.5,2025,10,3,4
2025-01-09,Capesize,183664,Tubarao,Qingdao,Bauxite,11377.0,619.61,108.42,35.38,Calm,1.7,2025,1,3,1
2024-05-04,Supramax,50065,Santos,Rotterdam,Bauxite,5302.5,733.39,90.21,55.93,Calm,3.1,2024,5,5,2
2026-08-09,LNG Carrier,79856,Ras Laffan,Tokyo,LNG,6682.3,657.33,91.73,106.53,Calm,2.2,2026,8,6,3
2026-03-16,Panamax,75745,Tubarao,Qingdao,Bauxite,11297.0,685.64,92.34,70.28,Calm,10.8,2026,3,0,1
2023-10-30,VLCC,305682,Ras Tanura,Qingdao,Crude Oil,6146.8,694.17,102.66,32.67,Calm,2.4,2023,10,0,4
2024-08-28,Capesize,164185,Port Hedland,Qingdao,Iron Ore,3720.3,643.55,105.51,30.67,Stormy,5.9,2024,8,2,3
2026-07-29,Capesize,165322,Dampier,Yokohama,LNG,3867.3,668.14,110.72,27.06,Calm,3.5,2026,7,2,3
2025-04-06,Panamax,70933,Richards Bay,Rotterdam,Thermal Coal,7196.2,546.68,94.98,57.17,Stormy,1.8,2025,4,6,2
2024-08-17,Aframax,95105,Houston,Rotterdam,Chemicals,4796.7,654.22,116.59,72.41,Moderate,18.0,2024,8,5,3
2025-09-21,Supramax,51363,Santos,Rotterdam,Bauxite,5447.5,628.57,109.88,60.08,Moderate,3.0,2025,9,6,3
2024-10-15,Aframax,101164,Corpus Christi,Antwerp,Crude Oil,5067.0,642.04,117.87,58.87,Moderate,4.0,2024,10,1,4
2024-11-01,Capesize,187425,Port Hedland,Qingdao,Iron Ore,3668.8,627.06,94.67,19.77,Moderate,5.6,2024,11,4,4
2025-02-24,Container Post-Panamax,120384,Shanghai,Los Angeles,Containerized Freight,5722.9,562.51,111.68,88.27,Calm,1.8,2025,2,0,1
2026-08-24,Capesize,188706,Port Hedland,Qingdao,Iron Ore,3652.5,644.89,103.4,23.12,Calm,0.5,2026,8,0,3
2026-02-18,Capesize,187269,Richards Bay,Rotterdam,Thermal Coal,7138.1,696.3,96.5,28.22,Calm,0.7,2026,2,2,1
2025-05-17,Capesize,183110,Richards Bay,Rotterdam,Thermal Coal,7012.3,581.79,86.42,22.04,Calm,0.5,2025,5,5,2
2025-05-05,Handysize,30141,Singapore,Dubai,Containerized Freight,3479.0,577.55,96.84,54.48,Calm,2.3,2025,5,0,2
2024-06-15,Aframax,96473,Corpus Christi,Antwerp,Crude Oil,4929.8,688.59,92.29,49.68,Calm,1.9,2024,6,5,2
2025-08-03,VLCC,287848,Ras Tanura,Qingdao,Crude Oil,6167.1,610.43,88.26,29.53,Moderate,1.9,2025,8,6,3
2025-03-06,Panamax,76276,Santos,Rotterdam,Grain,5371.1,544.15,94.79,37.32,Calm,1.3,2025,3,3,1
2025-04-11,Capesize,176190,Port Hedland,Qingdao,Iron Ore,3648.5,537.41,105.16,19.41,Moderate,4.2,2025,4,4,2
2025-10-11,VLCC,292117,Ras Tanura,Singapore,Crude Oil,3725.5,664.55,100.64,28.61,Moderate,0.8,2025,10,5,4
2026-07-17,Aframax,83081,Houston,Rotterdam,Refined Petroleum,4885.6,725.82,120.41,61.49,Calm,3.2,2026,7,4,3
2023-11-27,LNG Carrier,91132,Ras Laffan,Tokyo,LNG,6692.4,677.63,106.55,109.08,Calm,0.5,2023,11,0,4
2024-06-07,Suezmax,157617,Ras Tanura,Qingdao,Crude Oil,6145.7,709.89,101.64,41.91,Calm,1.1,2024,6,4,2
2025-05-25,Capesize,198658,Port Hedland,Qingdao,Iron Ore,3617.7,596.52,101.2,25.01,Rough Sea,4.4,2025,5,6,2
2026-01-14,Container Post-Panamax,81288,Shanghai,Los Angeles,Containerized Freight,5548.0,685.42,87.44,91.26,Moderate,2.0,2026,1,2,1
2024-07-15,Panamax,79876,Santos,Rotterdam,Grain,5458.1,686.77,92.41,49.01,Moderate,4.5,2024,7,0,3
2023-10-02,LNG Carrier,87481,Ras Laffan,Tokyo,LNG,6369.7,667.11,112.37,106.5,Calm,1.8,2023,10,0,4
2024-11-17,Capesize,208545,Santos,Qingdao,Grain,12072.5,591.29,106.31,38.08,Calm,3.2,2024,11,6,4
2025-09-10,Supramax,53796,Santos,Rotterdam,Grain,5385.8,625.86,96.25,51.77,Calm,1.2,2025,9,2,3
2026-06-29,Container Post-Panamax,100478,Singapore,Dubai,Chemicals,3385.3,682.49,90.25,71.4,Calm,2.3,2026,6,0,2
2025-03-30,Container Post-Panamax,131147,Shanghai,Los Angeles,Containerized Freight,5530.6,567.34,91.32,81.4,Moderate,0.7,2025,3,6,1
2025-02-07,Suezmax,131913,Corpus Christi,Antwerp,Refined Petroleum,4943.7,507.82,88.24,32.41,Moderate,0.5,2025,2,4,1
2026-06-03,Container Post-Panamax,85863,Singapore,Dubai,Containerized Freight,3423.7,738.79,91.06,75.42,Calm,3.3,2026,6,2,2
2025-06-08,Aframax,93448,Corpus Christi,Antwerp,Crude Oil,4776.1,608.96,111.69,53.0,Moderate,1.1,2025,6,6,2
2025-05-13,Capesize,204956,Tubarao,Qingdao,Iron Ore,11383.3,586.11,98.69,37.78,Stormy,3.2,2025,5,1,2
2024-06-30,Handysize,33838,Singapore,Dubai,Steel Coils,3367.0,681.2,103.48,63.67,Rough Sea,3.5,2024,6,6,2
2025-10-16,LNG Carrier,84498,Dampier,Yokohama,Iron Ore,4043.3,672.58,113.28,87.97,Calm,2.4,2025,10,3,4
2024-04-26,Capesize,167831,Dampier,Yokohama,Iron Ore,3911.1,693.3,88.67,24.97,Calm,2.7,2024,4,4,2
2025-10-25,Capesize,168070,Tubarao,Qingdao,Iron Ore,10886.7,624.85,111.0,55.14,Stormy,10.8,2025,10,5,4
2026-08-19,Container Post-Panamax,128056,Ningbo,Hamburg,Containerized Freight,10593.5,661.03,123.04,133.02,Calm,2.4,2026,8,2,3
2024-06-14,Capesize,208330,Tubarao,Qingdao,Bauxite,11420.5,690.82,106.97,37.7,Calm,1.9,2024,6,4,2
2024-01-27,Capesize,171160,Port Hedland,Qingdao,Iron Ore,3591.1,703.06,100.41,26.0,Calm,9.5,2024,1,5,1
2024-03-30,Capesize,171953,Santos,Qingdao,Iron Ore,12063.5,723.97,111.78,43.53,Calm,1.2,2024,3,5,1
2025-12-12,LNG Carrier,82399,Ras Laffan,Tokyo,LNG,6449.6,675.46,101.21,106.34,Calm,3.6,2025,12,4,4
2024-02-02,Container Post-Panamax,110860,Ningbo,Hamburg,Containerized Freight,10776.7,737.72,92.19,132.29,Moderate,2.6,2024,2,4,1
2024-05-15,Suezmax,131251,Corpus Christi,Antwerp,Crude Oil,5026.5,700.86,101.2,49.9,Monsoon/Tropical Cyclone,2.7,2024,5,2,2
2024-12-22,Aframax,109575,Corpus Christi,Antwerp,Refined Petroleum,4860.0,593.19,82.35,48.24,Rough Sea,2.1,2024,12,6,4
2026-06-19,Capesize,187708,Dampier,Yokohama,LNG,3998.0,711.94,106.09,25.77,Calm,2.6,2026,6,4,2
2025-07-15,Panamax,65079,Newcastle,Mumbai,Thermal Coal,5746.2,590.78,94.1,41.74,Moderate,0.5,2025,7,1,3
2026-04-12,Panamax,67803,Richards Bay,Rotterdam,Thermal Coal,7024.0,735.76,104.35,54.97,Calm,3.7,2026,4,6,2
2025-02-22,Panamax,84696,Santos,Qingdao,Iron Ore,11540.5,550.59,112.09,70.71,Calm,9.5,2025,2,5,1
2026-07-17,Capesize,166461,Dampier,Yokohama,Iron Ore,3979.3,656.77,95.81,17.97,Calm,0.5,2026,7,4,3
2025-12-05,Panamax,73446,Newcastle,Mumbai,Thermal Coal,5987.0,669.59,110.36,51.09,Calm,6.7,2025,12,4,4
2024-12-11,Supramax,52376,Santos,Rotterdam,Grain,5396.1,590.3,103.73,56.51,Moderate,2.5,2024,12,2,4
2026-07-28,VLCC,296576,Ras Tanura,Qingdao,Crude Oil,6364.9,656.37,106.59,33.69,Calm,0.6,2026,7,1,3
2025-10-25,Capesize,164367,Dampier,Yokohama,LNG,4043.1,649.74,94.45,22.77,Calm,1.7,2025,10,5,4
2024-09-10,Capesize,168499,Santos,Qingdao,Iron Ore,12143.8,679.63,121.92,50.6,Stormy,5.1,2024,9,1,3
2024-01-01,Panamax,78927,Tubarao,Qingdao,Iron Ore,11446.6,702.53,101.79,61.21,Calm,0.5,2024,1,0,1
2025-10-16,Aframax,104993,Corpus Christi,Antwerp,Refined Petroleum,4895.3,702.18,121.94,56.77,Moderate,3.1,2025,10,3,4
2024-07-30,LNG Carrier,80047,Ras Laffan,Tokyo,LNG,6502.8,662.04,116.15,133.65,Stormy,4.4,2024,7,1,3
2024-04-19,Aframax,115547,Corpus Christi,Antwerp,Refined Petroleum,4865.5,702.53,102.08,52.4,Calm,1.4,2024,4,4,2
2025-08-20,VLCC,299258,Ras Tanura,Singapore,Crude Oil,3773.6,599.28,90.74,18.67,Calm,1.3,2025,8,2,3
2026-02-22,Container Post-Panamax,99862,Shanghai,Los Angeles,Containerized Freight,5862.8,692.29,88.81,96.9,Moderate,2.8,2026,2,6,1
2024-08-13,Capesize,175468,Newcastle,Mumbai,Thermal Coal,5726.5,639.81,94.16,26.01,Calm,2.1,2024,8,1,3
2025-09-20,Handysize,36579,Singapore,Dubai,Chemicals,3496.9,646.33,111.42,61.37,Calm,3.3,2025,9,5,3
2025-07-03,Panamax,75629,Santos,Rotterdam,Grain,5597.5,558.69,96.51,55.05,Rough Sea,10.8,2025,7,3,3
2025-09-03,Container Post-Panamax,93833,Shanghai,Los Angeles,Containerized Freight,5542.5,625.16,111.87,91.05,Calm,2.0,2025,9,2,3
2025-04-10,Panamax,68630,Santos,Qingdao,Grain,12094.3,609.24,95.13,79.31,Stormy,4.3,2025,4,3,2
2026-01-16,Capesize,179522,Dampier,Yokohama,Iron Ore,3853.6,723.96,111.05,28.1,Moderate,4.8,2026,1,4,1
2024-02-04,LNG Carrier,73667,Ras Laffan,Tokyo,LNG,6504.0,680.65,115.51,117.63,Calm,11.8,2024,2,6,1
2025-09-21,Capesize,185117,Santos,Qingdao,Grain,12087.9,661.92,129.08,50.03,Rough Sea,6.1,2025,9,6,3
2026-08-17,Supramax,58599,Singapore,Dubai,Steel Coils,3461.7,669.97,105.0,53.36,Moderate,5.6,2026,8,0,3
2025-03-04,Capesize,172422,Newcastle,Mumbai,Thermal Coal,5724.6,533.48,105.66,35.56,Calm,10.5,2025,3,1,1
2024-06-19,VLCC,286227,Ras Tanura,Qingdao,Crude Oil,6305.0,698.39,110.58,35.89,Moderate,2.0,2024,6,2,2
2025-09-22,Suezmax,136056,Corpus Christi,Antwerp,Crude Oil,4792.4,619.61,114.09,43.3,Calm,1.1,2025,9,0,3
2026-06-10,Capesize,160933,Dampier,Yokohama,LNG,3983.7,650.9,99.74,27.55,Rough Sea,1.1,2026,6,2,2
2025-04-16,Panamax,72622,Richards Bay,Rotterdam,Thermal Coal,7085.9,568.65,99.19,50.9,Rough Sea,1.5,2025,4,2,2
2024-07-21,Handysize,33562,Singapore,Dubai,Steel Coils,3483.2,709.34,87.11,61.28,Calm,2.1,2024,7,6,3
2026-06-14,Suezmax,139521,Ras Tanura,Singapore,Crude Oil,3623.9,719.16,94.48,40.22,Moderate,6.8,2026,6,6,2
2024-06-16,Capesize,180181,Port Hedland,Qingdao,Iron Ore,3742.7,731.46,103.78,24.3,Calm,0.7,2024,6,6,2
2024-04-16,Container Post-Panamax,84976,Ningbo,Hamburg,Containerized Freight,10676.8,713.45,95.08,130.41,Calm,7.4,2024,4,1,2
2023-12-12,Supramax,61725,Houston,Rotterdam,Refined Petroleum,4744.0,677.21,88.33,50.27,Calm,1.0,2023,12,1,4
2025-03-07,Handysize,32153,Singapore,Dubai,Containerized Freight,3493.3,593.21,92.06,57.07,Calm,3.0,2025,3,4,1
2026-03-06,Container Post-Panamax,95914,Singapore,Dubai,Chemicals,3415.8,713.08,106.67,83.91,Calm,2.4,2026,3,4,1
2025-05-25,Panamax,80968,Newcastle,Mumbai,Thermal Coal,5835.7,574.62,115.34,47.25,Moderate,5.1,2025,5,6,2
2023-11-11,Container Post-Panamax,123533,Shanghai,Los Angeles,Containerized Freight,5731.6,645.07,120.37,99.81,Calm,7.4,2023,11,5,4
2025-03-09,Handysize,37474,Singapore,Dubai,Chemicals,3457.7,571.36,95.83,60.87,Calm,3.7,2025,3,6,1
2026-05-20,Panamax,68870,Santos,Rotterdam,Bauxite,5316.6,726.13,113.25,48.78,Calm,3.3,2026,5,2,2
2024-11-26,Panamax,77470,Newcastle,Mumbai,Thermal Coal,5748.2,577.24,108.77,43.85,Calm,0.9,2024,11,1,4
2026-04-14,Aframax,112249,Corpus Christi,Antwerp,Crude Oil,5051.0,679.38,105.52,56.24,Rough Sea,4.1,2026,4,1,2
2026-07-15,Panamax,74678,Tubarao,Qingdao,Bauxite,11050.1,718.49,96.9,83.69,Moderate,18.0,2026,7,2,3
2025-07-26,Capesize,160193,Tubarao,Qingdao,Bauxite,10916.0,602.82,91.66,38.4,Moderate,4.7,2025,7,5,3
2024-09-30,Panamax,66485,Santos,Qingdao,Grain,12016.9,620.0,119.75,70.79,Calm,3.9,2024,9,0,3
2023-10-13,Container Post-Panamax,113725,Singapore,Dubai,Steel Coils,3477.8,675.25,113.63,86.46,Calm,10.7,2023,10,4,4
2025-12-28,Container Post-Panamax,118449,Shanghai,Los Angeles,Containerized Freight,5783.2,671.6,98.68,115.84,Stormy,13.6,2025,12,6,4
2026-01-24,Capesize,198746,Santos,Qingdao,Grain,11824.3,697.15,75.82,27.54,Moderate,1.1,2026,1,5,1
2025-04-30,Panamax,71581,Newcastle,Mumbai,Thermal Coal,5760.7,560.9,79.27,36.46,Calm,0.5,2025,4,2,2
2025-12-14,Capesize,168308,Port Hedland,Qingdao,Iron Ore,3689.4,670.18,111.2,29.28,Rough Sea,3.8,2025,12,6,4
2025-08-15,Suezmax,134566,Ras Tanura,Singapore,Crude Oil,3787.5,592.33,111.0,32.61,Calm,2.8,2025,8,4,3
2024-03-25,Capesize,188525,Tubarao,Qingdao,Bauxite,10893.7,731.38,99.91,38.02,Calm,3.0,2024,3,0,1
2024-11-08,Panamax,83069,Tubarao,Qingdao,Iron Ore,11052.0,607.69,97.06,68.58,Calm,7.3,2024,11,4,4
2026-07-31,Capesize,167676,Port Hedland,Qingdao,Iron Ore,3720.7,662.65,105.25,17.48,Calm,0.7,2026,7,4,3
2025-11-11,Capesize,161473,Port Hedland,Qingdao,Iron Ore,3549.2,638.05,98.86,22.12,Moderate,2.2,2025,11,1,4
2024-11-16,Panamax,66049,Richards Bay,Rotterdam,Thermal Coal,6906.1,611.45,121.16,59.49,Rough Sea,5.3,2024,11,5,4
2024-07-29,VLCC,297305,Ras Tanura,Qingdao,Crude Oil,6379.5,672.45,109.02,33.93,Calm,2.1,2024,7,0,3
2026-09-12,Capesize,199958,Richards Bay,Rotterdam,Thermal Coal,6958.2,631.35,109.22,32.46,Moderate,6.1,2026,9,5,3
2024-03-22,Container Post-Panamax,98591,Shanghai,Los Angeles,Containerized Freight,5748.1,708.13,97.76,92.38,Moderate,2.2,2024,3,4,1
2025-04-17,Capesize,192314,Newcastle,Mumbai,Thermal Coal,5739.7,562.46,104.86,23.53,Calm,0.9,2025,4,3,2
2026-07-21,Container Post-Panamax,106400,Ningbo,Hamburg,Containerized Freight,10294.2,653.26,112.06,123.36,Moderate,0.5,2026,7,1,3
2025-03-04,Suezmax,149769,Ras Tanura,Singapore,Crude Oil,3625.9,578.17,109.26,31.9,Calm,2.3,2025,3,1,1
2025-01-24,Capesize,193630,Santos,Qingdao,Iron Ore,11891.4,554.59,89.45,35.36,Moderate,1.8,2025,1,4,1
2024-11-18,Capesize,182014,Port Hedland,Qingdao,Iron Ore,3656.1,603.96,100.01,21.28,Moderate,1.6,2024,11,0,4
2025-09-26,Container Post-Panamax,127119,Ningbo,Hamburg,Containerized Freight,10315.6,638.36,100.23,128.83,Moderate,2.8,2025,9,4,3
2025-07-06,Capesize,168590,Tubarao,Qingdao,Iron Ore,10907.6,533.28,102.24,34.37,Calm,3.9,2025,7,6,3
2024-05-24,VLCC,309237,Ras Tanura,Singapore,Crude Oil,3609.3,721.06,108.14,25.56,Moderate,2.3,2024,5,4,2
2025-11-24,Supramax,53934,Singapore,Dubai,Chemicals,3467.3,677.72,103.84,49.83,Moderate,3.2,2025,11,0,4
2025-08-16,Suezmax,150156,Ras Tanura,Singapore,Crude Oil,3821.7,591.6,87.69,30.59,Calm,0.5,2025,8,5,3
2023-12-08,Suezmax,141839,Ras Tanura,Singapore,Crude Oil,3770.1,739.06,102.96,50.36,Monsoon/Tropical Cyclone,5.2,2023,12,4,4
2026-08-12,Handysize,34882,Singapore,Dubai,Steel Coils,3326.5,676.73,106.11,73.49,Stormy,3.2,2026,8,2,3
2025-03-09,Aframax,117646,Corpus Christi,Antwerp,Crude Oil,5017.1,591.44,84.3,42.57,Calm,2.2,2025,3,6,1
2026-06-19,LNG Carrier,75847,Ras Laffan,Tokyo,LNG,6417.2,671.95,90.53,106.69,Moderate,0.9,2026,6,4,2
2024-09-12,Capesize,194648,Richards Bay,Rotterdam,Thermal Coal,7226.6,681.79,114.51,37.02,Rough Sea,5.2,2024,9,3,3
2026-07-14,LNG Carrier,83829,Ras Laffan,Tokyo,LNG,6396.8,673.22,105.44,135.02,Monsoon/Tropical Cyclone,5.4,2026,7,1,3
2025-09-16,Panamax,81741,Santos,Qingdao,Iron Ore,11861.7,638.71,103.42,67.15,Calm,0.9,2025,9,1,3
2025-12-02,Capesize,188791,Port Hedland,Qingdao,Iron Ore,3701.9,718.64,95.23,21.36,Calm,1.7,2025,12,1,4
2025-10-02,Capesize,189930,Port Hedland,Qingdao,Iron Ore,3723.9,661.18,117.11,33.05,Stormy,4.1,2025,10,3,4
2026-04-18,Container Post-Panamax,123354,Shanghai,Los Angeles,Containerized Freight,5529.6,684.4,108.78,90.58,Moderate,0.5,2026,4,5,2
2026-02-20,Supramax,56343,Singapore,Dubai,Steel Coils,3348.7,705.75,98.59,53.85,Rough Sea,5.8,2026,2,4,1
2025-12-23,Panamax,67130,Santos,Rotterdam,Bauxite,5436.2,689.71,102.76,51.97,Calm,2.8,2025,12,1,4
2025-08-30,Suezmax,151078,Ras Tanura,Singapore,Crude Oil,3657.5,634.41,104.7,40.01,Moderate,8.1,2025,8,5,3
2026-02-18,Capesize,170661,Newcastle,Mumbai,Thermal Coal,5778.3,713.33,88.85,29.77,Rough Sea,3.9,2026,2,2,1
2026-07-31,Capesize,186872,Tubarao,Qingdao,Iron Ore,11304.2,680.07,104.36,44.62,Moderate,8.7,2026,7,4,3
2026-03-18,Aframax,87973,Corpus Christi,Antwerp,Refined Petroleum,4834.0,733.37,92.22,49.65,Calm,0.5,2026,3,2,1
2025-02-15,Suezmax,157644,Corpus Christi,Antwerp,Crude Oil,4943.5,597.4,86.4,35.36,Moderate,0.5,2025,2,5,1
2025-04-06,Container Post-Panamax,119198,Shanghai,Los Angeles,Containerized Freight,5836.0,546.53,103.63,89.26,Calm,2.1,2025,4,6,2
2025-07-24,Suezmax,161403,Ras Tanura,Qingdao,Crude Oil,6077.6,563.99,83.92,38.45,Moderate,3.9,2025,7,3,3
2023-11-13,LNG Carrier,77067,Ras Laffan,Tokyo,LNG,6739.2,635.31,104.17,102.54,Calm,0.5,2023,11,0,4
2024-05-09,Supramax,62749,Santos,Rotterdam,Grain,5525.3,677.21,117.46,59.74,Calm,3.6,2024,5,3,2
2024-06-23,Capesize,196102,Dampier,Yokohama,Iron Ore,3866.1,705.42,84.2,18.02,Calm,1.9,2024,6,6,2
2025-11-28,Panamax,71744,Santos,Rotterdam,Bauxite,5317.7,668.18,115.52,50.98,Calm,2.5,2025,11,4,4
2024-04-19,Container Post-Panamax,100434,Shanghai,Los Angeles,Containerized Freight,5809.9,689.37,91.46,90.25,Calm,3.2,2024,4,4,2
2024-11-18,Panamax,82966,Newcastle,Mumbai,Thermal Coal,5916.9,645.93,117.75,64.45,Monsoon/Tropical Cyclone,4.1,2024,11,0,4
2025-12-16,Container Post-Panamax,103902,Shanghai,Los Angeles,Containerized Freight,5577.2,702.03,87.98,87.37,Calm,0.6,2025,12,1,4
2024-11-16,Panamax,81315,Santos,Qingdao,Grain,11731.8,600.56,117.17,74.81,Rough Sea,2.8,2024,11,5,4
2025-05-03,Aframax,104713,Corpus Christi,Antwerp,Refined Petroleum,5007.2,581.5,96.05,46.75,Rough Sea,0.5,2025,5,5,2
2026-02-18,Capesize,172034,Dampier,Yokohama,Iron Ore,3968.4,672.06,76.08,20.59,Moderate,3.6,2026,2,2,1
2024-06-24,Supramax,58751,Santos,Rotterdam,Grain,5455.9,671.29,93.78,56.71,Calm,2.7,2024,6,0,2
2025-01-23,LNG Carrier,89231,Ras Laffan,Tokyo,LNG,6406.7,570.35,93.9,101.06,Moderate,1.2,2025,1,3,1
2025-05-27,Supramax,63024,Santos,Rotterdam,Grain,5324.9,598.21,113.49,61.87,Calm,6.2,2025,5,1,2
2025-08-28,LNG Carrier,86090,Dampier,Yokohama,LNG,3967.5,645.43,103.97,86.04,Moderate,2.4,2025,8,3,3
2025-04-11,Aframax,97528,Houston,Rotterdam,Refined Petroleum,4732.8,552.98,101.4,48.67,Rough Sea,2.5,2025,4,4,2
2026-01-17,Capesize,166543,Santos,Qingdao,Grain,12001.3,713.53,86.4,35.53,Calm,1.2,2026,1,5,1
2026-08-02,Suezmax,143485,Corpus Christi,Antwerp,Crude Oil,4962.1,669.3,113.26,43.38,Moderate,1.7,2026,8,6,3
2024-11-25,Capesize,162863,Tubarao,Qingdao,Iron Ore,10913.5,613.21,86.61,29.77,Calm,0.8,2024,11,0,4
2026-01-10,Capesize,185519,Tubarao,Qingdao,Bauxite,10964.4,700.46,106.3,44.55,Rough Sea,4.6,2026,1,5,1
2026-04-27,Panamax,83629,Richards Bay,Rotterdam,Thermal Coal,6918.5,727.67,85.61,47.58,Calm,0.9,2026,4,0,2
2026-06-04,Supramax,54520,Santos,Rotterdam,Bauxite,5490.0,718.57,105.48,62.24,Calm,6.5,2026,6,3,2
2026-09-29,Container Post-Panamax,87192,Singapore,Dubai,Containerized Freight,3430.1,657.0,128.95,77.55,Calm,2.0,2026,9,1,3
2025-06-12,Capesize,168476,Port Hedland,Qingdao,Iron Ore,3750.6,595.07,97.47,25.86,Monsoon/Tropical Cyclone,3.5,2025,6,3,2
2024-02-12,LNG Carrier,87558,Dampier,Yokohama,Iron Ore,3884.3,746.45,111.1,96.58,Calm,5.5,2024,2,0,1
2025-12-26,Supramax,55305,Santos,Rotterdam,Grain,5444.7,695.04,101.0,64.43,Moderate,2.0,2025,12,4,4
2026-02-21,Capesize,170263,Tubarao,Qingdao,Bauxite,10997.4,715.01,94.08,43.87,Moderate,7.4,2026,2,5,1
2026-03-09,Suezmax,150598,Corpus Christi,Antwerp,Crude Oil,4824.4,727.6,94.4,38.5,Moderate,4.8,2026,3,0,1
2024-03-11,VLCC,291040,Ras Tanura,Qingdao,Crude Oil,6072.1,689.37,90.26,28.92,Moderate,0.5,2024,3,0,1
2025-10-20,Aframax,87925,Corpus Christi,Antwerp,Refined Petroleum,4921.9,626.19,116.12,55.39,Moderate,3.7,2025,10,0,4
2026-07-31,Capesize,173649,Dampier,Yokohama,Iron Ore,3904.1,689.53,109.03,25.06,Moderate,0.5,2026,7,4,3
2026-03-14,Capesize,209792,Port Hedland,Qingdao,Iron Ore,3606.0,667.92,107.26,23.11,Moderate,2.4,2026,3,5,1
2026-07-21,Container Post-Panamax,124581,Shanghai,Los Angeles,Containerized Freight,5832.0,678.42,84.09,89.9,Moderate,0.5,2026,7,1,3
2026-03-02,Suezmax,157967,Corpus Christi,Antwerp,Refined Petroleum,4852.9,699.26,87.3,41.06,Calm,3.1,2026,3,0,1
2025-09-02,Suezmax,161891,Corpus Christi,Antwerp,Refined Petroleum,4890.3,624.67,104.25,36.32,Moderate,0.7,2025,9,1,3
2026-08-22,Capesize,191369,Port Hedland,Qingdao,Iron Ore,3725.7,643.87,109.79,21.65,Calm,0.5,2026,8,5,3
2024-01-13,Panamax,67167,Newcastle,Mumbai,Thermal Coal,6016.8,722.01,75.57,48.67,Moderate,6.6,2024,1,5,1
2024-06-16,Aframax,94046,Corpus Christi,Antwerp,Refined Petroleum,4922.6,702.26,94.51,53.91,Rough Sea,2.5,2024,6,6,2
2024-07-26,Capesize,176519,Santos,Qingdao,Iron Ore,12067.5,682.37,91.81,42.23,Calm,5.8,2024,7,4,3
2026-01-11,Capesize,199967,Newcastle,Mumbai,Thermal Coal,5735.5,687.76,98.14,21.29,Calm,1.8,2026,1,6,1
2024-04-15,VLCC,306134,Ras Tanura,Singapore,Crude Oil,3666.1,741.82,79.89,24.82,Rough Sea,1.2,2024,4,0,2
2025-05-19,Supramax,60269,Santos,Rotterdam,Bauxite,5583.7,594.2,99.12,53.2,Calm,1.3,2025,5,0,2
2025-07-21,Suezmax,156874,Corpus Christi,Antwerp,Refined Petroleum,4980.0,606.29,108.73,46.87,Stormy,4.5,2025,7,0,3
2024-01-09,LNG Carrier,79997,Dampier,Yokohama,LNG,4017.5,674.79,91.21,86.77,Moderate,0.5,2024,1,1,1
2026-09-25,Suezmax,142253,Ras Tanura,Singapore,Crude Oil,3827.6,659.85,124.54,52.6,Stormy,5.1,2026,9,4,3
2023-12-09,Aframax,103736,Houston,Rotterdam,Crude Oil,4792.6,684.63,92.74,50.98,Rough Sea,2.4,2023,12,5,4
2023-10-24,Capesize,167034,Tubarao,Qingdao,Iron Ore,11259.8,651.97,111.68,46.4,Calm,3.9,2023,10,1,4
2024-04-06,LNG Carrier,82708,Ras Laffan,Tokyo,LNG,6388.4,726.6,110.8,109.69,Moderate,1.9,2024,4,5,2
2024-05-17,Capesize,166004,Tubarao,Qingdao,Bauxite,11407.5,665.44,109.31,46.76,Stormy,4.1,2024,5,4,2
2024-10-05,LNG Carrier,83884,Ras Laffan,Tokyo,LNG,6354.7,629.78,121.41,118.67,Rough Sea,2.2,2024,10,5,4
2026-01-11,Supramax,51341,Houston,Rotterdam,Refined Petroleum,4799.4,690.62,99.91,52.73,Calm,2.3,2026,1,6,1
2024-01-15,Handysize,27255,Singapore,Dubai,Chemicals,3446.7,706.65,89.09,62.39,Calm,0.9,2024,1,0,1
2023-12-14,Aframax,86989,Corpus Christi,Antwerp,Crude Oil,4928.9,671.13,112.27,58.75,Calm,5.3,2023,12,3,4
2026-04-11,Panamax,74165,Santos,Qingdao,Grain,11777.0,698.05,99.75,74.28,Calm,10.0,2026,4,5,2
2026-02-09,Container Post-Panamax,134381,Shanghai,Los Angeles,Containerized Freight,5778.6,741.2,107.62,95.88,Calm,0.9,2026,2,0,1
2024-05-13,Supramax,52511,Santos,Rotterdam,Grain,5305.4,698.99,102.17,59.62,Calm,2.9,2024,5,0,2
2023-10-20,Capesize,168639,Tubarao,Qingdao,Iron Ore,11137.8,668.22,105.69,36.67,Calm,2.4,2023,10,4,4
2025-04-11,Capesize,188953,Tubarao,Qingdao,Iron Ore,10958.9,561.69,86.5,36.65,Rough Sea,3.3,2025,4,4,2
2024-02-21,Supramax,64837,Santos,Rotterdam,Bauxite,5420.3,700.37,85.55,60.25,Moderate,1.0,2024,2,2,1
2026-08-01,Panamax,66661,Newcastle,Mumbai,Thermal Coal,5772.2,661.66,115.41,52.14,Calm,5.2,2026,8,5,3
2026-02-02,Panamax,70771,Richards Bay,Rotterdam,Thermal Coal,7141.9,704.75,102.78,49.83,Calm,0.5,2026,2,0,1
2025-03-12,Panamax,81017,Santos,Rotterdam,Bauxite,5544.8,590.05,100.55,44.9,Rough Sea,4.4,2025,3,2,1
2024-01-13,Handysize,32248,Singapore,Dubai,Chemicals,3443.5,644.02,99.14,56.79,Moderate,0.6,2024,1,5,1
2024-03-13,Suezmax,138985,Ras Tanura,Qingdao,Crude Oil,6189.5,732.29,107.21,43.14,Moderate,1.6,2024,3,2,1
2026-05-15,Capesize,168785,Santos,Qingdao,Grain,11746.3,693.58,95.6,37.43,Moderate,2.2,2026,5,4,2
2025-10-30,LNG Carrier,76311,Ras Laffan,Tokyo,LNG,6406.4,634.45,99.26,126.18,Stormy,5.8,2025,10,3,4
2025-03-05,Panamax,65978,Santos,Rotterdam,Grain,5553.7,547.59,87.66,46.7,Calm,9.6,2025,3,2,1
2025-04-19,LNG Carrier,79548,Dampier,Yokohama,Iron Ore,3869.9,548.29,95.04,79.71,Calm,2.6,2025,4,5,2
2025-07-04,LNG Carrier,75725,Dampier,Yokohama,LNG,3889.5,604.46,91.41,91.55,Rough Sea,4.7,2025,7,4,3
2026-06-26,Panamax,82346,Santos,Qingdao,Grain,11605.8,685.5,110.02,72.68,Moderate,1.3,2026,6,4,2
2026-01-19,VLCC,294508,Ras Tanura,Singapore,Crude Oil,3796.5,705.28,91.55,25.4,Calm,2.5,2026,1,0,1
2026-03-04,Suezmax,140734,Ras Tanura,Qingdao,Crude Oil,6217.2,700.57,90.87,45.67,Moderate,3.2,2026,3,2,1
2026-02-22,Panamax,73967,Tubarao,Qingdao,Iron Ore,11439.9,751.18,104.56,84.2,Rough Sea,10.9,2026,2,6,1
2026-07-30,Container Post-Panamax,116462,Ningbo,Hamburg,Containerized Freight,10677.5,664.69,100.63,126.14,Calm,0.5,2026,7,3,3
2024-08-21,Suezmax,153319,Corpus Christi,Antwerp,Refined Petroleum,4799.6,696.26,90.33,53.6,Monsoon/Tropical Cyclone,9.1,2024,8,2,3
2024-05-01,Suezmax,130755,Houston,Rotterdam,Crude Oil,4713.3,703.88,106.12,45.76,Rough Sea,1.0,2024,5,2,2
2024-07-29,Capesize,161401,Santos,Qingdao,Iron Ore,11544.4,673.29,113.59,41.29,Calm,0.5,2024,7,0,3
2024-10-19,Suezmax,147505,Houston,Rotterdam,Chemicals,4800.7,666.44,102.73,42.49,Calm,1.2,2024,10,5,4
2026-08-12,Container Post-Panamax,123017,Shanghai,Los Angeles,Containerized Freight,5632.7,662.96,103.4,92.03,Calm,1.3,2026,8,2,3
2026-09-06,Capesize,208263,Dampier,Yokohama,LNG,3856.7,633.18,110.93,18.37,Calm,0.5,2026,9,6,3
2026-03-10,Handysize,32974,Singapore,Dubai,Chemicals,3398.1,717.3,98.17,59.73,Calm,1.2,2026,3,1,1
2026-04-05,LNG Carrier,77980,Ras Laffan,Tokyo,LNG,6623.2,737.32,109.05,109.42,Calm,2.0,2026,4,6,2
2026-01-03,Container Post-Panamax,119686,Ningbo,Hamburg,Containerized Freight,10659.1,687.07,103.83,138.1,Rough Sea,0.5,2026,1,5,1
2025-11-01,Container Post-Panamax,123374,Shanghai,Los Angeles,Containerized Freight,5759.7,653.62,108.85,92.98,Calm,6.2,2025,11,5,4
2025-03-14,Panamax,67361,Richards Bay,Rotterdam,Thermal Coal,7053.9,585.45,114.34,50.43,Calm,2.3,2025,3,4,1
2024-10-14,Capesize,169369,Santos,Qingdao,Grain,11772.4,623.7,115.46,45.75,Rough Sea,3.4,2024,10,0,4
2026-06-13,Panamax,73891,Tubarao,Qingdao,Iron Ore,10914.8,705.55,89.22,64.43,Calm,4.2,2026,6,5,2
2026-05-04,LNG Carrier,87189,Dampier,Yokohama,Iron Ore,4024.9,728.46,96.13,91.92,Moderate,6.6,2026,5,0,2
2025-09-09,Capesize,199387,Port Hedland,Qingdao,Iron Ore,3744.6,650.77,111.84,26.27,Moderate,0.5,2025,9,1,3
2026-04-05,Capesize,177759,Tubarao,Qingdao,Bauxite,11078.3,697.04,85.48,34.03,Moderate,1.6,2026,4,6,2
2026-08-02,Capesize,187629,Port Hedland,Qingdao,Iron Ore,3702.2,666.95,88.3,17.55,Rough Sea,0.5,2026,8,6,3
2025-11-20,Capesize,184047,Port Hedland,Qingdao,Iron Ore,3630.5,617.96,106.61,23.01,Calm,1.5,2025,11,3,4
2024-05-24,Capesize,198250,Dampier,Yokohama,LNG,3888.4,704.39,106.49,24.87,Moderate,4.4,2024,5,4,2
2024-05-16,Panamax,71675,Newcastle,Mumbai,Thermal Coal,5912.9,665.38,119.81,55.81,Moderate,3.2,2024,5,3,2
2026-05-23,Supramax,62857,Houston,Rotterdam,Chemicals,4734.8,699.89,119.39,59.16,Calm,3.3,2026,5,5,2
2026-09-02,Panamax,78848,Tubarao,Qingdao,Bauxite,11466.3,669.65,96.58,71.71,Moderate,3.1,2026,9,2,3
2025-03-08,Container Post-Panamax,127577,Ningbo,Hamburg,Containerized Freight,10513.1,564.39,103.9,129.61,Calm,13.3,2025,3,5,1
2025-04-12,Suezmax,154358,Ras Tanura,Qingdao,Crude Oil,6088.6,598.68,106.53,43.38,Moderate,0.5,2025,4,5,2
2026-01-04,Aframax,82237,Corpus Christi,Antwerp,Crude Oil,5040.2,672.14,115.46,53.65,Calm,2.1,2026,1,6,1
2023-12-04,Panamax,79337,Santos,Qingdao,Iron Ore,11737.1,688.42,102.47,66.34,Calm,0.5,2023,12,0,4
2024-03-15,Suezmax,131976,Corpus Christi,Antwerp,Crude Oil,4810.7,715.81,96.52,41.83,Calm,0.5,2024,3,4,1
2024-12-24,Container Post-Panamax,93492,Singapore,Dubai,Chemicals,3448.8,592.9,108.21,71.42,Calm,1.2,2024,12,1,4
2025-11-02,Capesize,191171,Port Hedland,Qingdao,Iron Ore,3736.6,666.5,101.63,26.82,Calm,8.3,2025,11,6,4
2024-07-22,Capesize,189004,Newcastle,Mumbai,Thermal Coal,5814.1,677.11,102.19,23.8,Moderate,0.5,2024,7,0,3
2024-05-05,Capesize,160184,Richards Bay,Rotterdam,Thermal Coal,7067.3,700.52,107.69,35.03,Moderate,1.7,2024,5,6,2
2024-12-17,Panamax,77233,Tubarao,Qingdao,Iron Ore,10866.3,596.65,96.26,63.22,Calm,0.5,2024,12,1,4
2024-08-09,Aframax,94184,Corpus Christi,Antwerp,Refined Petroleum,4941.5,733.07,86.37,45.68,Calm,2.1,2024,8,4,3
2025-08-10,Container Post-Panamax,94100,Shanghai,Los Angeles,Containerized Freight,5770.8,630.72,105.75,98.81,Rough Sea,0.9,2025,8,6,3
2025-09-08,Supramax,55814,Houston,Rotterdam,Chemicals,4909.3,642.76,96.91,55.44,Rough Sea,1.6,2025,9,0,3
2024-05-03,Panamax,80670,Tubarao,Qingdao,Bauxite,11053.4,729.11,94.35,68.4,Calm,7.3,2024,5,4,2
2026-09-12,LNG Carrier,74761,Ras Laffan,Tokyo,LNG,6537.1,643.08,106.14,108.41,Moderate,1.1,2026,9,5,3
2025-06-29,Suezmax,158724,Corpus Christi,Antwerp,Refined Petroleum,4855.9,600.55,84.82,47.13,Stormy,6.9,2025,6,6,2
2026-05-07,Suezmax,132005,Ras Tanura,Singapore,Crude Oil,3651.4,708.19,106.83,41.73,Calm,3.2,2026,5,3,2
2025-07-17,Suezmax,139779,Ras Tanura,Singapore,Crude Oil,3654.3,582.05,97.83,45.7,Monsoon/Tropical Cyclone,3.9,2025,7,3,3
2024-05-25,Container Post-Panamax,110714,Ningbo,Hamburg,Containerized Freight,10694.5,705.71,96.92,159.04,Monsoon/Tropical Cyclone,4.3,2024,5,5,2
2026-07-14,Capesize,195189,Port Hedland,Qingdao,Iron Ore,3686.9,678.86,111.27,20.05,Calm,1.5,2026,7,1,3
2025-06-24,Capesize,177480,Richards Bay,Rotterdam,Thermal Coal,7174.1,586.89,96.34,29.16,Moderate,4.1,2025,6,1,2
2023-11-29,LNG Carrier,86548,Ras Laffan,Tokyo,LNG,6413.9,705.54,93.26,113.79,Rough Sea,0.5,2023,11,2,4
2025-06-15,Panamax,75832,Tubarao,Qingdao,Iron Ore,10884.6,607.01,104.42,62.7,Calm,3.0,2025,6,6,2
2024-01-08,Capesize,196722,Santos,Qingdao,Iron Ore,12127.2,668.5,84.21,49.9,Rough Sea,15.7,2024,1,0,1
2024-10-27,Panamax,84374,Tubarao,Qingdao,Bauxite,10984.9,605.64,121.9,71.7,Calm,9.2,2024,10,6,4
2025-03-11,Suezmax,150264,Houston,Rotterdam,Crude Oil,4870.0,532.28,97.79,40.28,Moderate,11.0,2025,3,1,1
2025-08-27,Suezmax,150060,Corpus Christi,Antwerp,Crude Oil,5052.4,624.1,99.91,33.53,Calm,1.1,2025,8,2,3
2026-05-31,Container Post-Panamax,86604,Ningbo,Hamburg,Containerized Freight,10752.1,708.95,91.8,122.67,Calm,0.5,2026,5,6,2
2024-06-02,Aframax,104486,Corpus Christi,Antwerp,Refined Petroleum,4956.5,684.89,104.05,55.69,Moderate,1.9,2024,6,6,2
2026-07-07,Suezmax,132059,Ras Tanura,Singapore,Crude Oil,3790.7,679.8,114.42,45.01,Calm,7.1,2026,7,1,3
2025-06-22,Container Post-Panamax,85009,Shanghai,Los Angeles,Containerized Freight,5865.3,567.7,107.27,86.98,Calm,1.9,2025,6,6,2
2026-07-01,Panamax,65919,Santos,Qingdao,Iron Ore,11899.7,665.21,106.57,89.78,Monsoon/Tropical Cyclone,2.3,2026,7,2,3
2023-11-17,Container Post-Panamax,102592,Singapore,Dubai,Steel Coils,3343.9,668.94,106.1,74.13,Moderate,0.5,2023,11,4,4
2024-05-16,Aframax,93932,Corpus Christi,Antwerp,Crude Oil,4881.2,689.23,104.16,56.72,Moderate,1.0,2024,5,3,2
2025-04-28,Capesize,169051,Port Hedland,Qingdao,Iron Ore,3551.5,571.55,99.61,24.32,Rough Sea,2.9,2025,4,0,2
2025-07-14,Panamax,78762,Newcastle,Mumbai,Thermal Coal,5846.2,578.8,97.98,47.51,Calm,7.3,2025,7,0,3
2026-09-08,Supramax,64007,Singapore,Dubai,Containerized Freight,3471.9,673.99,112.03,64.95,Monsoon/Tropical Cyclone,4.9,2026,9,1,3
2024-02-25,Capesize,173392,Richards Bay,Rotterdam,Thermal Coal,7197.0,705.59,99.48,29.95,Moderate,0.8,2024,2,6,1
2026-04-08,Panamax,70095,Santos,Qingdao,Grain,11883.8,759.76,116.14,76.06,Calm,3.6,2026,4,2,2
2024-07-02,Suezmax,130535,Ras Tanura,Qingdao,Crude Oil,6191.2,701.73,87.95,43.45,Calm,0.8,2024,7,1,3
2025-01-22,Capesize,203391,Newcastle,Mumbai,Thermal Coal,5912.5,596.01,91.54,21.26,Calm,1.4,2025,1,2,1
2024-04-28,Panamax,73000,Santos,Rotterdam,Bauxite,5501.0,740.65,91.31,44.24,Calm,1.0,2024,4,6,2
2026-08-16,Supramax,62826,Santos,Rotterdam,Grain,5567.3,668.9,89.94,56.17,Calm,2.8,2026,8,6,3
2024-01-27,Container Post-Panamax,124649,Shanghai,Los Angeles,Containerized Freight,5560.8,707.51,92.54,95.6,Moderate,5.8,2024,1,5,1
2025-04-17,Aframax,81237,Corpus Christi,Antwerp,Crude Oil,4976.1,549.94,112.78,55.05,Rough Sea,3.7,2025,4,3,2
2024-03-01,Container Post-Panamax,110862,Singapore,Dubai,Containerized Freight,3322.2,758.45,97.38,77.53,Calm,5.7,2024,3,4,1
2026-05-16,Capesize,163970,Newcastle,Mumbai,Thermal Coal,5883.5,742.06,107.07,39.58,Monsoon/Tropical Cyclone,4.7,2026,5,5,2
2023-11-26,Panamax,65913,Santos,Rotterdam,Grain,5498.3,641.58,121.23,55.71,Calm,8.9,2023,11,6,4
2024-08-15,LNG Carrier,80812,Ras Laffan,Tokyo,LNG,6521.9,636.95,99.35,117.56,Rough Sea,3.1,2024,8,3,3
2026-05-04,Panamax,77718,Santos,Qingdao,Iron Ore,11822.8,718.95,94.46,69.29,Calm,3.1,2026,5,0,2
2024-04-08,Container Post-Panamax,83283,Shanghai,Los Angeles,Containerized Freight,5576.7,704.57,87.64,103.57,Stormy,2.3,2024,4,0,2
2026-08-17,Capesize,198599,Newcastle,Mumbai,Thermal Coal,5837.7,677.91,80.68,21.88,Moderate,3.6,2026,8,0,3
2024-02-12,Suezmax,164440,Ras Tanura,Qingdao,Crude Oil,6123.4,704.97,106.41,48.88,Rough Sea,1.1,2024,2,0,1
2024-07-11,LNG Carrier,76214,Ras Laffan,Tokyo,LNG,6735.7,668.57,79.92,108.03,Moderate,0.5,2024,7,3,3
2024-02-17,Container Post-Panamax,132505,Shanghai,Los Angeles,Containerized Freight,5580.0,683.46,91.83,90.46,Moderate,6.9,2024,2,5,1
2025-08-24,Suezmax,148565,Ras Tanura,Qingdao,Crude Oil,6196.4,594.01,120.46,47.68,Calm,5.0,2025,8,6,3
2026-02-20,Container Post-Panamax,102489,Singapore,Dubai,Containerized Freight,3347.0,701.89,75.67,70.28,Calm,2.6,2026,2,4,1
2025-05-31,LNG Carrier,74365,Ras Laffan,Tokyo,LNG,6410.0,593.1,101.46,106.98,Moderate,2.6,2025,5,5,2
2026-07-25,Capesize,189792,Santos,Qingdao,Iron Ore,12122.5,698.7,100.07,50.76,Moderate,13.3,2026,7,5,3
2023-11-21,LNG Carrier,71979,Ras Laffan,Tokyo,LNG,6572.4,643.24,103.47,110.21,Calm,4.1,2023,11,1,4
2026-01-27,Capesize,208259,Port Hedland,Qingdao,Iron Ore,3697.2,684.25,89.31,31.89,Calm,17.6,2026,1,1,1
2024-01-12,Capesize,179258,Tubarao,Qingdao,Iron Ore,10892.6,679.99,90.25,33.23,Calm,1.4,2024,1,4,1
2024-09-02,Container Post-Panamax,114748,Ningbo,Hamburg,Containerized Freight,10613.2,646.49,117.65,129.55,Calm,2.6,2024,9,0,3
2025-05-06,LNG Carrier,92024,Ras Laffan,Tokyo,LNG,6366.8,534.94,88.41,98.11,Calm,0.5,2025,5,1,2
2025-04-20,Supramax,63233,Houston,Rotterdam,Chemicals,4784.5,577.93,118.7,57.66,Calm,7.5,2025,4,6,2
2025-05-27,Supramax,55960,Houston,Rotterdam,Chemicals,4773.4,576.83,75.98,45.43,Moderate,2.4,2025,5,1,2
2023-12-03,Container Post-Panamax,97601,Singapore,Dubai,Containerized Freight,3442.6,678.95,83.59,76.29,Calm,2.9,2023,12,6,4
2025-05-02,Supramax,61370,Houston,Rotterdam,Crude Oil,4860.8,552.6,103.7,48.54,Calm,0.5,2025,5,4,2
2024-02-09,Suezmax,133779,Houston,Rotterdam,Crude Oil,4934.0,680.34,92.51,35.11,Moderate,0.5,2024,2,4,1
2026-09-13,VLCC,297276,Ras Tanura,Qingdao,Crude Oil,6083.2,630.1,99.76,39.81,Monsoon/Tropical Cyclone,2.9,2026,9,6,3
2025-02-17,Container Post-Panamax,96714,Shanghai,Los Angeles,Containerized Freight,5682.7,514.73,92.75,79.88,Calm,1.8,2025,2,0,1
2025-09-03,VLCC,314064,Ras Tanura,Singapore,Crude Oil,3677.4,598.92,107.81,20.12,Calm,1.8,2025,9,2,3
2026-07-18,Capesize,192781,Dampier,Yokohama,Iron Ore,3963.9,688.34,109.38,41.99,Monsoon/Tropical Cyclone,14.2,2026,7,5,3
2024-10-19,Panamax,70869,Newcastle,Mumbai,Thermal Coal,5989.3,614.99,104.2,46.63,Moderate,2.3,2024,10,5,4
2024-12-14,Capesize,171070,Port Hedland,Qingdao,Iron Ore,3553.7,588.38,96.0,28.2,Rough Sea,7.5,2024,12,5,4
2024-09-01,Container Post-Panamax,80978,Ningbo,Hamburg,Containerized Freight,10785.3,655.44,111.92,131.8,Moderate,0.5,2024,9,6,3
2025-01-11,LNG Carrier,72808,Ras Laffan,Tokyo,LNG,6560.4,593.71,90.16,101.77,Calm,0.5,2025,1,5,1
2024-10-06,Container Post-Panamax,97715,Ningbo,Hamburg,Containerized Freight,10224.6,666.41,89.73,123.51,Moderate,1.1,2024,10,6,4
2025-08-29,Aframax,108896,Houston,Rotterdam,Crude Oil,4756.7,585.26,101.89,52.52,Calm,13.1,2025,8,4,3
2025-07-30,Capesize,171200,Newcastle,Mumbai,Thermal Coal,5922.3,585.27,91.04,19.66,Moderate,1.4,2025,7,2,3
2026-02-19,LNG Carrier,77173,Ras Laffan,Tokyo,LNG,6532.8,704.72,91.2,103.67,Calm,1.8,2026,2,3,1
2026-09-25,Supramax,51427,Singapore,Dubai,Chemicals,3369.8,663.52,124.84,58.53,Moderate,2.5,2026,9,4,3
2024-07-18,Panamax,70971,Tubarao,Qingdao,Iron Ore,11343.1,674.56,95.99,68.99,Calm,6.5,2024,7,3,3
2024-08-16,Supramax,55623,Singapore,Dubai,Chemicals,3378.3,664.6,94.57,49.94,Moderate,1.5,2024,8,4,3
2024-12-21,Suezmax,140087,Ras Tanura,Singapore,Crude Oil,3611.0,612.9,115.36,40.25,Calm,5.8,2024,12,5,4
2024-08-30,Supramax,56441,Singapore,Dubai,Steel Coils,3452.0,652.61,103.23,47.84,Moderate,2.8,2024,8,4,3
2025-10-04,Capesize,171360,Newcastle,Mumbai,Thermal Coal,5762.1,655.22,104.97,33.5,Calm,10.7,2025,10,5,4
2025-04-30,Capesize,205996,Richards Bay,Rotterdam,Thermal Coal,7216.9,578.43,133.94,52.39,Stormy,13.0,2025,4,2,2
2025-10-27,Container Post-Panamax,104355,Ningbo,Hamburg,Containerized Freight,10470.2,656.58,123.06,150.42,Rough Sea,9.6,2025,10,0,4
2026-03-31,Capesize,193324,Richards Bay,Rotterdam,Thermal Coal,7212.0,698.9,100.97,32.67,Moderate,0.9,2026,3,1,1
2024-11-08,LNG Carrier,72354,Dampier,Yokohama,LNG,3871.9,612.85,102.53,88.19,Moderate,4.5,2024,11,4,4
2026-07-07,Panamax,79367,Santos,Qingdao,Grain,11797.9,681.09,118.93,72.08,Calm,3.0,2026,7,1,3
2026-02-26,Container Post-Panamax,82470,Shanghai,Los Angeles,Containerized Freight,5815.9,702.38,86.31,95.37,Rough Sea,0.6,2026,2,3,1
2024-07-15,Container Post-Panamax,83998,Shanghai,Los Angeles,Containerized Freight,5578.8,723.49,96.1,97.88,Calm,5.1,2024,7,0,3
2024-07-24,Capesize,180390,Dampier,Yokohama,Iron Ore,4047.5,639.65,92.59,21.87,Rough Sea,1.8,2024,7,2,3
2024-09-28,Supramax,52233,Singapore,Dubai,Steel Coils,3342.8,639.26,106.25,54.38,Rough Sea,6.5,2024,9,5,3
2026-02-03,VLCC,317071,Ras Tanura,Singapore,Crude Oil,3676.7,639.39,81.92,26.87,Rough Sea,5.7,2026,2,1,1
2026-01-22,Aframax,112346,Houston,Rotterdam,Chemicals,4887.5,737.69,81.09,50.96,Moderate,4.7,2026,1,3,1
2025-04-14,Container Post-Panamax,127685,Ningbo,Hamburg,Containerized Freight,10743.3,563.8,100.75,126.08,Moderate,0.5,2025,4,0,2
2024-02-03,Panamax,66207,Tubarao,Qingdao,Bauxite,11404.7,677.26,102.02,71.59,Rough Sea,1.2,2024,2,5,1
2025-01-25,Panamax,80969,Newcastle,Mumbai,Thermal Coal,5938.6,550.86,99.16,47.08,Rough Sea,2.8,2025,1,5,1
2026-08-31,VLCC,294863,Ras Tanura,Singapore,Crude Oil,3660.7,645.46,96.73,26.65,Moderate,3.2,2026,8,0,3
2025-11-23,Container Post-Panamax,111321,Ningbo,Hamburg,Containerized Freight,10448.9,678.49,103.33,128.9,Moderate,0.8,2025,11,6,4
2024-05-24,Panamax,82043,Newcastle,Mumbai,Thermal Coal,5833.3,711.45,104.05,44.67,Calm,2.5,2024,5,4,2
2025-09-02,Handysize,33614,Singapore,Dubai,Containerized Freight,3349.7,605.82,116.3,78.92,Stormy,7.2,2025,9,1,3
2024-07-03,Capesize,208911,Dampier,Yokohama,LNG,3945.5,688.49,85.89,19.77,Moderate,0.5,2024,7,2,3
2025-04-08,VLCC,299253,Ras Tanura,Qingdao,Crude Oil,6253.9,569.25,114.16,34.39,Rough Sea,1.8,2025,4,1,2
2024-05-18,Panamax,79002,Tubarao,Qingdao,Iron Ore,10871.4,720.46,103.34,69.76,Calm,4.8,2024,5,5,2
2026-03-08,Capesize,182485,Port Hedland,Qingdao,Iron Ore,3739.5,757.17,110.4,38.17,Moderate,14.6,2026,3,6,1
2026-06-11,Capesize,170836,Dampier,Yokohama,LNG,3875.7,713.89,112.41,26.69,Calm,0.5,2026,6,3,2
2026-05-13,Supramax,59022,Houston,Rotterdam,Crude Oil,4707.3,729.16,99.28,57.53,Rough Sea,1.1,2026,5,2,2
2025-12-19,Suezmax,159399,Ras Tanura,Singapore,Crude Oil,3803.5,647.06,82.59,39.29,Moderate,7.8,2025,12,4,4
2023-10-27,Capesize,173227,Port Hedland,Qingdao,Iron Ore,3551.0,680.09,111.37,29.25,Calm,8.4,2023,10,4,4
2024-01-27,LNG Carrier,73569,Ras Laffan,Tokyo,LNG,6691.7,659.11,93.03,102.61,Calm,1.4,2024,1,5,1
2025-10-08,Aframax,105357,Corpus Christi,Antwerp,Crude Oil,4777.7,657.94,112.75,61.08,Calm,7.5,2025,10,2,4
2024-05-08,Capesize,189969,Newcastle,Mumbai,Thermal Coal,5911.9,699.62,96.11,30.4,Moderate,0.5,2024,5,2,2
2024-01-31,Aframax,89964,Corpus Christi,Antwerp,Crude Oil,5020.5,706.5,89.66,57.33,Calm,12.6,2024,1,2,1
2025-05-08,VLCC,284030,Ras Tanura,Singapore,Crude Oil,3707.8,541.45,111.29,26.63,Rough Sea,0.5,2025,5,3,2
2024-03-10,Container Post-Panamax,126066,Ningbo,Hamburg,Containerized Freight,10611.9,684.93,86.96,151.37,Stormy,3.7,2024,3,6,1
2024-06-03,Suezmax,137659,Ras Tanura,Singapore,Crude Oil,3620.8,676.13,94.63,42.57,Moderate,9.0,2024,6,0,2
2023-12-23,Capesize,190071,Port Hedland,Qingdao,Iron Ore,3604.6,689.79,95.21,27.7,Calm,9.2,2023,12,5,4
2024-02-08,VLCC,300437,Ras Tanura,Qingdao,Crude Oil,6409.6,683.32,110.3,36.31,Moderate,1.4,2024,2,3,1
2025-12-27,VLCC,298729,Ras Tanura,Qingdao,Crude Oil,6357.0,666.35,92.26,29.47,Calm,0.6,2025,12,5,4
2024-12-15,Capesize,166831,Dampier,Yokohama,Iron Ore,3924.7,531.05,90.4,21.26,Rough Sea,4.3,2024,12,6,4
2026-03-21,Handysize,28289,Singapore,Dubai,Containerized Freight,3403.3,727.91,111.6,67.02,Moderate,0.5,2026,3,5,1
2025-04-22,VLCC,304972,Ras Tanura,Singapore,Crude Oil,3725.6,608.03,109.62,26.2,Calm,1.0,2025,4,1,2
2024-04-22,Container Post-Panamax,111782,Singapore,Dubai,Steel Coils,3453.2,704.28,84.97,69.13,Moderate,1.0,2024,4,0,2
2026-02-05,Panamax,78115,Santos,Qingdao,Grain,11567.9,718.12,96.76,76.22,Rough Sea,5.1,2026,2,3,1
2024-07-25,Panamax,82275,Richards Bay,Rotterdam,Thermal Coal,7203.0,688.27,102.79,50.3,Calm,1.9,2024,7,3,3
2025-12-04,Container Post-Panamax,111445,Singapore,Dubai,Chemicals,3362.9,677.89,97.62,71.53,Calm,1.2,2025,12,3,4
2026-01-12,LNG Carrier,73566,Ras Laffan,Tokyo,LNG,6379.2,678.32,87.54,99.95,Calm,0.5,2026,1,0,1
2026-01-17,Aframax,108085,Corpus Christi,Antwerp,Refined Petroleum,5000.0,673.27,98.83,59.43,Calm,13.3,2026,1,5,1
2024-10-30,Container Post-Panamax,108022,Singapore,Dubai,Chemicals,3397.5,612.4,109.69,82.29,Moderate,10.7,2024,10,2,4
2026-03-26,Handysize,38020,Singapore,Dubai,Steel Coils,3428.2,697.38,106.36,64.31,Moderate,2.1,2026,3,3,1
2024-01-30,Panamax,73235,Newcastle,Mumbai,Thermal Coal,5802.1,763.78,109.71,53.81,Calm,0.7,2024,1,1,1
2025-08-06,LNG Carrier,78722,Ras Laffan,Tokyo,LNG,6720.7,612.56,116.59,131.31,Moderate,18.0,2025,8,2,3
2024-06-12,Capesize,180262,Port Hedland,Qingdao,Iron Ore,3751.3,695.04,109.55,25.39,Rough Sea,3.8,2024,6,2,2
2026-03-18,Supramax,61012,Houston,Rotterdam,Refined Petroleum,4913.6,714.81,114.63,65.95,Moderate,5.4,2026,3,2,1
2024-07-22,LNG Carrier,90353,Dampier,Yokohama,Iron Ore,4005.5,679.64,111.53,89.15,Calm,4.0,2024,7,0,3
2023-11-07,Capesize,192920,Port Hedland,Qingdao,Iron Ore,3606.0,667.49,123.56,35.65,Rough Sea,8.0,2023,11,1,4
2024-07-27,Panamax,81215,Richards Bay,Rotterdam,Thermal Coal,7073.3,707.68,91.8,47.98,Calm,3.8,2024,7,5,3
2024-06-15,Panamax,79333,Newcastle,Mumbai,Thermal Coal,5741.9,683.28,108.08,57.92,Stormy,3.5,2024,6,5,2
2025-10-15,Capesize,200529,Port Hedland,Qingdao,Iron Ore,3724.1,649.12,94.03,25.0,Rough Sea,5.1,2025,10,2,4
2024-09-03,Panamax,67840,Richards Bay,Rotterdam,Thermal Coal,7037.4,675.03,96.78,51.69,Calm,2.6,2024,9,1,3
2024-07-14,Suezmax,136831,Corpus Christi,Antwerp,Crude Oil,4893.0,688.66,99.73,41.2,Moderate,1.4,2024,7,6,3
2025-06-05,Panamax,70142,Tubarao,Qingdao,Bauxite,11095.2,561.9,113.1,64.64,Moderate,0.8,2025,6,3,2
2025-04-25,LNG Carrier,77927,Dampier,Yokohama,Iron Ore,3914.9,583.43,100.94,80.5,Calm,1.1,2025,4,4,2
2024-06-01,Container Post-Panamax,97736,Shanghai,Los Angeles,Containerized Freight,5763.5,713.64,89.75,87.26,Calm,1.2,2024,6,5,2
2025-11-23,VLCC,312074,Ras Tanura,Singapore,Crude Oil,3719.7,650.66,124.75,29.3,Moderate,2.2,2025,11,6,4
2024-09-22,Panamax,73291,Santos,Rotterdam,Grain,5322.8,639.17,115.83,59.47,Monsoon/Tropical Cyclone,3.8,2024,9,6,3
2026-06-19,Container Post-Panamax,105386,Ningbo,Hamburg,Containerized Freight,10244.8,677.86,102.42,121.88,Calm,0.6,2026,6,4,2
2025-07-12,LNG Carrier,77125,Ras Laffan,Tokyo,LNG,6701.3,587.3,103.71,106.64,Calm,0.5,2025,7,5,3
2026-09-17,Handysize,38206,Singapore,Dubai,Steel Coils,3451.4,653.41,107.87,70.08,Calm,10.8,2026,9,3,3
2025-09-13,Supramax,64828,Houston,Rotterdam,Crude Oil,4805.1,644.73,117.85,62.52,Moderate,6.3,2025,9,5,3
2024-12-21,Suezmax,139512,Ras Tanura,Qingdao,Crude Oil,6336.7,584.94,104.45,54.63,Rough Sea,11.0,2024,12,5,4
2024-03-12,Capesize,163944,Port Hedland,Qingdao,Iron Ore,3544.6,696.47,91.19,20.22,Calm,1.3,2024,3,1,1
2026-04-11,LNG Carrier,89572,Ras Laffan,Tokyo,LNG,6738.8,698.72,110.74,123.39,Rough Sea,0.5,2026,4,5,2
2024-07-10,Panamax,73850,Richards Bay,Rotterdam,Thermal Coal,7036.0,690.53,109.26,66.14,Rough Sea,7.3,2024,7,2,3
2026-02-11,Aframax,90566,Corpus Christi,Antwerp,Refined Petroleum,5032.4,725.05,86.1,49.4,Calm,0.8,2026,2,2,1
2025-04-08,Container Post-Panamax,93412,Ningbo,Hamburg,Containerized Freight,10526.3,569.58,104.27,123.4,Calm,0.6,2025,4,1,2
2024-04-30,LNG Carrier,80487,Dampier,Yokohama,LNG,3963.3,701.84,112.45,90.5,Calm,3.8,2024,4,1,2
2026-05-31,Suezmax,154502,Ras Tanura,Qingdao,Crude Oil,6256.3,708.14,98.48,54.15,Moderate,12.5,2026,5,6,2
2025-06-13,Panamax,67439,Tubarao,Qingdao,Bauxite,11166.9,567.15,101.97,71.13,Rough Sea,2.6,2025,6,4,2
2026-07-19,Aframax,88584,Houston,Rotterdam,Chemicals,4705.1,688.41,97.53,55.33,Moderate,5.2,2026,7,6,3
2026-09-17,Capesize,196389,Port Hedland,Qingdao,Iron Ore,3540.5,644.35,90.93,15.53,Rough Sea,0.5,2026,9,3,3
2023-11-24,Capesize,164018,Richards Bay,Rotterdam,Thermal Coal,7024.2,672.18,118.72,30.6,Calm,2.1,2023,11,4,4
2026-01-27,Capesize,171528,Newcastle,Mumbai,Thermal Coal,6029.9,704.7,79.97,24.16,Moderate,1.4,2026,1,1,1
2024-02-25,Supramax,50396,Houston,Rotterdam,Refined Petroleum,4857.9,683.53,109.73,55.44,Calm,0.5,2024,2,6,1
2025-07-26,Capesize,206165,Port Hedland,Qingdao,Iron Ore,3581.3,612.68,111.75,29.41,Calm,10.9,2025,7,5,3
2026-02-18,Capesize,196331,Dampier,Yokohama,LNG,3929.8,722.16,100.97,23.74,Calm,0.7,2026,2,2,1
2024-11-24,Container Post-Panamax,85538,Shanghai,Los Angeles,Containerized Freight,5598.7,618.38,125.07,106.01,Rough Sea,5.0,2024,11,6,4
2025-12-24,Supramax,62129,Singapore,Dubai,Containerized Freight,3394.3,691.96,104.63,53.11,Moderate,5.0,2025,12,2,4
2023-11-13,Capesize,176846,Tubarao,Qingdao,Bauxite,11428.2,695.3,117.59,54.02,Stormy,5.0,2023,11,0,4
2025-08-27,Container Post-Panamax,102157,Ningbo,Hamburg,Containerized Freight,10271.5,607.46,89.06,129.61,Rough Sea,3.5,2025,8,2,3
2025-05-06,VLCC,303823,Ras Tanura,Qingdao,Crude Oil,6194.2,571.15,93.56,29.43,Moderate,6.0,2025,5,1,2
2026-06-07,Panamax,77648,Tubarao,Qingdao,Iron Ore,10987.1,687.16,98.09,61.97,Calm,1.3,2026,6,6,2
2025-12-16,LNG Carrier,81806,Dampier,Yokohama,LNG,3843.3,710.01,85.02,84.72,Moderate,2.2,2025,12,1,4
2026-06-01,LNG Carrier,74648,Dampier,Yokohama,LNG,3901.3,692.46,84.12,89.2,Rough Sea,0.9,2026,6,0,2
2026-01-11,Panamax,83274,Tubarao,Qingdao,Iron Ore,11339.0,717.83,80.05,72.89,Stormy,3.1,2026,1,6,1
2025-08-23,Capesize,188306,Port Hedland,Qingdao,Iron Ore,3712.1,610.2,85.62,21.04,Calm,6.6,2025,8,5,3
2025-07-20,Capesize,177931,Port Hedland,Qingdao,Iron Ore,3708.7,585.86,94.9,17.77,Calm,0.5,2025,7,6,3
2025-04-27,Capesize,186179,Dampier,Yokohama,LNG,3885.9,585.65,110.69,21.77,Calm,1.8,2025,4,6,2
2024-07-04,VLCC,295089,Ras Tanura,Singapore,Crude Oil,3795.4,692.61,101.53,28.3,Calm,6.5,2024,7,3,3
2023-10-04,Capesize,161492,Santos,Qingdao,Iron Ore,11641.1,628.96,114.32,52.16,Moderate,12.3,2023,10,2,4
2024-05-22,Handysize,37028,Singapore,Dubai,Containerized Freight,3486.1,725.6,81.36,60.86,Rough Sea,0.9,2024,5,2,2
2024-04-08,Capesize,182123,Santos,Qingdao,Grain,11575.5,714.84,101.4,40.09,Calm,2.6,2024,4,0,2
2023-12-24,Panamax,74386,Richards Bay,Rotterdam,Thermal Coal,7297.2,725.85,95.51,70.56,Monsoon/Tropical Cyclone,7.1,2023,12,6,4
2026-04-18,Suezmax,161039,Houston,Rotterdam,Crude Oil,4741.3,723.03,87.78,41.78,Stormy,4.3,2026,4,5,2
2024-08-07,Container Post-Panamax,82717,Singapore,Dubai,Containerized Freight,3395.4,646.28,107.77,83.02,Moderate,2.4,2024,8,2,3
2024-03-06,Container Post-Panamax,110169,Singapore,Dubai,Chemicals,3428.8,705.82,88.53,76.41,Rough Sea,0.7,2024,3,2,1
2024-04-15,Container Post-Panamax,110237,Shanghai,Los Angeles,Containerized Freight,5779.6,711.23,102.62,91.44,Calm,1.2,2024,4,0,2
2024-07-04,Suezmax,140177,Ras Tanura,Singapore,Crude Oil,3755.8,689.83,87.11,43.47,Rough Sea,7.0,2024,7,3,3
2024-11-27,Capesize,169992,Dampier,Yokohama,LNG,3973.7,604.05,81.9,18.99,Calm,2.6,2024,11,2,4
2024-06-19,LNG Carrier,74516,Ras Laffan,Tokyo,LNG,6590.5,711.47,89.41,117.15,Rough Sea,2.1,2024,6,2,2
2023-11-25,Suezmax,140366,Houston,Rotterdam,Chemicals,4822.4,654.69,99.83,37.94,Moderate,2.7,2023,11,5,4
2025-04-28,Capesize,164693,Tubarao,Qingdao,Bauxite,11100.2,555.21,101.97,41.97,Rough Sea,5.8,2025,4,0,2
2025-01-14,Panamax,77711,Newcastle,Mumbai,Thermal Coal,6024.8,598.24,65.18,36.65,Calm,1.4,2025,1,1,1
2025-06-06,Capesize,206282,Richards Bay,Rotterdam,Thermal Coal,6977.7,574.86,105.28,38.1,Calm,17.1,2025,6,4,2
2025-01-03,LNG Carrier,71223,Dampier,Yokohama,LNG,3954.0,558.98,88.22,96.43,Monsoon/Tropical Cyclone,2.0,2025,1,4,1
2024-03-19,Capesize,197886,Port Hedland,Qingdao,Iron Ore,3558.5,725.94,99.88,43.86,Stormy,16.5,2024,3,1,1
2024-11-19,Container Post-Panamax,82475,Ningbo,Hamburg,Containerized Freight,10421.9,597.01,100.65,130.45,Rough Sea,0.5,2024,11,1,4
2023-11-02,Capesize,172091,Port Hedland,Qingdao,Iron Ore,3718.6,646.59,110.92,22.82,Calm,1.1,2023,11,3,4
2025-09-27,Supramax,56934,Singapore,Dubai,Steel Coils,3315.9,677.43,100.61,50.95,Moderate,0.8,2025,9,5,3
2025-02-23,Suezmax,141532,Ras Tanura,Qingdao,Crude Oil,6311.6,547.0,95.57,50.86,Stormy,2.7,2025,2,6,1
2025-01-28,VLCC,295841,Ras Tanura,Singapore,Crude Oil,3829.5,598.56,90.68,18.11,Calm,1.2,2025,1,1,1
2025-10-08,Container Post-Panamax,124894,Ningbo,Hamburg,Containerized Freight,10775.0,651.83,116.65,133.8,Calm,4.3,2025,10,2,4
2025-03-29,Container Post-Panamax,108066,Ningbo,Hamburg,Containerized Freight,10479.9,556.98,96.06,126.84,Moderate,5.7,2025,3,5,1
2024-11-02,Suezmax,130982,Houston,Rotterdam,Refined Petroleum,4867.3,590.46,102.61,36.25,Moderate,1.0,2024,11,5,4
2024-12-11,Suezmax,143879,Corpus Christi,Antwerp,Crude Oil,4931.7,643.62,113.64,40.5,Calm,1.8,2024,12,2,4
2025-11-14,Suezmax,148474,Ras Tanura,Qingdao,Crude Oil,6254.3,654.54,112.31,50.27,Rough Sea,3.8,2025,11,4,4
2024-07-18,Panamax,66450,Tubarao,Qingdao,Iron Ore,11405.0,670.28,99.42,100.17,Monsoon/Tropical Cyclone,18.0,2024,7,3,3
2024-03-06,VLCC,302923,Ras Tanura,Qingdao,Crude Oil,6349.8,717.92,102.13,38.95,Rough Sea,5.5,2024,3,2,1
2026-08-02,LNG Carrier,93530,Dampier,Yokohama,LNG,3978.9,669.67,108.33,92.88,Rough Sea,0.7,2026,8,6,3
2026-03-19,Suezmax,138216,Corpus Christi,Antwerp,Crude Oil,4995.2,714.99,98.68,41.88,Rough Sea,0.6,2026,3,3,1
2023-12-10,Panamax,78561,Santos,Rotterdam,Grain,5500.2,668.29,93.35,44.13,Calm,1.2,2023,12,6,4
2025-02-02,Container Post-Panamax,119414,Shanghai,Los Angeles,Containerized Freight,5673.2,594.58,104.38,102.85,Moderate,13.8,2025,2,6,1
2025-09-03,VLCC,316539,Ras Tanura,Qingdao,Crude Oil,6175.6,605.78,101.87,27.93,Calm,1.7,2025,9,2,3
2026-06-10,Panamax,76795,Santos,Qingdao,Iron Ore,11739.6,719.48,113.6,85.85,Rough Sea,7.4,2026,6,2,2
2025-09-06,Capesize,209839,Port Hedland,Qingdao,Iron Ore,3702.1,644.05,111.41,22.71,Calm,1.7,2025,9,5,3
2025-03-17,Suezmax,162151,Ras Tanura,Qingdao,Crude Oil,6270.8,539.41,105.45,35.06,Moderate,0.5,2025,3,0,1
2023-12-16,Capesize,187301,Tubarao,Qingdao,Bauxite,11100.0,672.22,97.89,34.24,Calm,5.8,2023,12,5,4
2025-09-06,Panamax,74568,Tubarao,Qingdao,Iron Ore,11070.4,617.73,115.26,85.28,Monsoon/Tropical Cyclone,3.5,2025,9,5,3
2026-01-10,VLCC,284644,Ras Tanura,Singapore,Crude Oil,3660.8,709.39,91.7,29.55,Moderate,6.9,2026,1,5,1
2026-08-29,Suezmax,130610,Ras Tanura,Singapore,Crude Oil,3732.4,635.93,106.27,37.58,Calm,1.5,2026,8,5,3
2025-07-29,VLCC,288995,Ras Tanura,Qingdao,Crude Oil,6281.6,573.8,88.7,25.71,Rough Sea,2.0,2025,7,1,3
2026-02-22,Capesize,165976,Tubarao,Qingdao,Bauxite,11287.4,725.75,93.19,34.39,Calm,1.7,2026,2,6,1
2025-12-02,Suezmax,157284,Ras Tanura,Qingdao,Crude Oil,6436.9,656.06,99.07,44.48,Calm,3.5,2025,12,1,4
2024-10-27,Suezmax,153249,Corpus Christi,Antwerp,Crude Oil,4998.9,607.74,92.07,34.84,Calm,3.6,2024,10,6,4
2026-02-06,Panamax,71257,Santos,Rotterdam,Grain,5469.4,719.11,88.62,43.62,Calm,0.9,2026,2,4,1
2026-01-27,LNG Carrier,72095,Dampier,Yokohama,LNG,3943.2,670.09,95.32,90.24,Rough Sea,0.9,2026,1,1,1
2024-09-04,Capesize,175970,Dampier,Yokohama,LNG,3858.8,655.73,118.29,25.71,Calm,2.2,2024,9,2,3
2026-07-28,Capesize,207315,Richards Bay,Rotterdam,Thermal Coal,6977.1,702.97,86.3,24.86,Calm,1.7,2026,7,1,3
2025-03-30,Panamax,68992,Tubarao,Qingdao,Bauxite,10935.1,584.94,94.8,61.89,Calm,3.8,2025,3,6,1
2024-07-13,Capesize,191855,Newcastle,Mumbai,Thermal Coal,6047.8,702.92,89.76,21.35,Calm,1.7,2024,7,5,3
2026-04-30,Capesize,208353,Richards Bay,Rotterdam,Thermal Coal,7048.3,717.85,111.27,30.3,Calm,0.5,2026,4,3,2
2025-05-18,Suezmax,131266,Houston,Rotterdam,Crude Oil,4962.9,606.48,96.84,38.16,Calm,1.9,2025,5,6,2
2024-03-29,Container Post-Panamax,103744,Singapore,Dubai,Chemicals,3428.5,721.46,82.88,97.5,Monsoon/Tropical Cyclone,8.1,2024,3,4,1
2026-09-30,Panamax,69006,Santos,Qingdao,Grain,11801.1,625.68,95.1,68.61,Moderate,4.4,2026,9,2,3
2025-01-02,Container Post-Panamax,98763,Shanghai,Los Angeles,Containerized Freight,5529.3,586.12,87.93,84.67,Calm,3.0,2025,1,3,1
2024-12-24,Suezmax,138696,Corpus Christi,Antwerp,Crude Oil,4830.5,577.64,83.12,34.34,Moderate,3.0,2024,12,1,4
2025-11-17,Supramax,55324,Houston,Rotterdam,Chemicals,4836.7,692.13,95.29,55.77,Moderate,4.4,2025,11,0,4
2024-06-01,VLCC,314507,Ras Tanura,Qingdao,Crude Oil,6106.1,700.49,117.47,43.19,Rough Sea,9.9,2024,6,5,2
2023-12-22,Panamax,78081,Newcastle,Mumbai,Thermal Coal,5923.4,713.95,114.08,50.06,Calm,0.5,2023,12,4,4
2026-01-17,Capesize,192925,Richards Bay,Rotterdam,Thermal Coal,7158.7,713.36,80.39,26.9,Calm,4.7,2026,1,5,1
2026-02-05,Container Post-Panamax,116394,Singapore,Dubai,Steel Coils,3473.5,690.23,110.72,78.77,Moderate,1.2,2026,2,3,1
2024-10-04,Capesize,201368,Port Hedland,Qingdao,Iron Ore,3566.6,631.51,107.46,23.79,Calm,3.2,2024,10,4,4
2025-07-11,Supramax,53069,Singapore,Dubai,Chemicals,3361.4,608.61,96.56,42.5,Calm,0.5,2025,7,4,3
2026-07-06,Supramax,61984,Singapore,Dubai,Steel Coils,3402.6,708.08,113.88,60.7,Stormy,2.6,2026,7,0,3
2024-07-04,Panamax,73720,Santos,Qingdao,Grain,11756.1,699.8,111.06,70.1,Moderate,3.8,2024,7,3,3
2025-01-03,Capesize,179615,Santos,Qingdao,Iron Ore,11993.1,542.39,98.71,50.68,Rough Sea,16.2,2025,1,4,1
2024-08-18,Handysize,27558,Singapore,Dubai,Containerized Freight,3494.2,696.87,90.63,62.87,Calm,7.1,2024,8,6,3
2024-11-21,Panamax,76530,Santos,Rotterdam,Bauxite,5514.9,596.65,124.97,46.29,Calm,2.1,2024,11,3,4
2025-11-28,Capesize,206409,Santos,Qingdao,Iron Ore,12121.1,694.99,111.3,40.39,Moderate,1.0,2025,11,4,4
2025-08-26,Container Post-Panamax,82649,Singapore,Dubai,Chemicals,3384.2,571.84,83.19,66.28,Moderate,4.3,2025,8,1,3
2025-04-06,Container Post-Panamax,94685,Singapore,Dubai,Steel Coils,3348.4,565.13,111.26,70.63,Calm,0.5,2025,4,6,2
2025-07-23,Container Post-Panamax,133989,Ningbo,Hamburg,Containerized Freight,10211.2,610.58,90.91,124.95,Calm,8.6,2025,7,2,3
2025-02-27,Capesize,177487,Port Hedland,Qingdao,Iron Ore,3570.1,543.28,100.41,20.99,Calm,2.4,2025,2,3,1
2025-07-04,Capesize,179657,Dampier,Yokohama,Iron Ore,3858.6,596.89,95.42,17.92,Calm,0.5,2025,7,4,3
2024-12-29,Container Post-Panamax,89623,Ningbo,Hamburg,Containerized Freight,10548.2,589.93,113.77,144.21,Rough Sea,7.9,2024,12,6,4
2024-06-10,Capesize,197386,Dampier,Yokohama,Iron Ore,3999.4,701.54,96.54,23.07,Moderate,6.1,2024,6,0,2
2026-01-14,Suezmax,155757,Ras Tanura,Singapore,Crude Oil,3685.2,718.19,108.32,40.28,Moderate,4.4,2026,1,2,1
2024-01-20,Supramax,54751,Singapore,Dubai,Containerized Freight,3446.4,707.86,85.67,52.94,Moderate,7.0,2024,1,5,1
2024-06-19,Panamax,75764,Tubarao,Qingdao,Iron Ore,11192.0,725.99,90.53,64.92,Calm,4.2,2024,6,2,2
2025-03-30,Suezmax,155636,Corpus Christi,Antwerp,Crude Oil,4964.0,543.47,105.53,41.02,Moderate,6.6,2025,3,6,1
2023-12-01,Capesize,197621,Dampier,Yokohama,Iron Ore,3954.1,677.48,100.24,19.56,Calm,0.6,2023,12,4,4
2023-12-01,LNG Carrier,77735,Ras Laffan,Tokyo,LNG,6574.5,649.12,107.97,112.18,Moderate,1.1,2023,12,4,4
2025-05-18,Capesize,201578,Port Hedland,Qingdao,Iron Ore,3752.2,572.52,93.57,21.11,Calm,2.8,2025,5,6,2
2026-09-18,Container Post-Panamax,82646,Ningbo,Hamburg,Containerized Freight,10540.0,631.12,103.85,128.01,Calm,0.5,2026,9,4,3
2024-10-16,Capesize,184821,Port Hedland,Qingdao,Iron Ore,3567.7,620.11,104.15,18.66,Moderate,0.5,2024,10,2,4
2024-02-27,Container Post-Panamax,130594,Ningbo,Hamburg,Containerized Freight,10705.8,711.24,110.89,135.05,Moderate,0.5,2024,2,1,1
2024-12-23,Supramax,59307,Santos,Rotterdam,Bauxite,5382.6,605.18,99.35,58.2,Rough Sea,0.5,2024,12,0,4
2025-09-17,LNG Carrier,78021,Ras Laffan,Tokyo,LNG,6624.0,619.21,108.18,113.98,Calm,9.7,2025,9,2,3
2026-08-12,Supramax,57256,Santos,Rotterdam,Bauxite,5455.9,645.01,80.0,50.31,Calm,0.5,2026,8,2,3
2024-04-14,Capesize,199279,Santos,Qingdao,Iron Ore,11495.3,741.63,89.43,36.23,Calm,1.4,2024,4,6,2
2024-01-01,Suezmax,133446,Corpus Christi,Antwerp,Refined Petroleum,4978.4,681.25,90.53,39.61,Calm,2.3,2024,1,0,1
2026-05-21,Container Post-Panamax,126220,Singapore,Dubai,Steel Coils,3455.4,714.44,112.58,84.53,Calm,9.2,2026,5,3,2
2026-03-23,LNG Carrier,74786,Ras Laffan,Tokyo,LNG,6497.3,719.98,98.81,108.83,Moderate,1.2,2026,3,0,1
2025-06-14,Suezmax,138876,Houston,Rotterdam,Crude Oil,4821.3,535.58,107.03,39.99,Rough Sea,2.8,2025,6,5,2
2025-07-24,Container Post-Panamax,87965,Ningbo,Hamburg,Containerized Freight,10242.7,621.9,111.8,140.79,Rough Sea,8.1,2025,7,3,3
2023-12-16,Capesize,184849,Dampier,Yokohama,LNG,3954.0,687.05,101.72,19.47,Calm,0.9,2023,12,5,4
2024-11-26,Panamax,75003,Newcastle,Mumbai,Thermal Coal,5898.3,602.54,110.63,48.35,Calm,0.5,2024,11,1,4
2024-06-05,Container Post-Panamax,82307,Ningbo,Hamburg,Containerized Freight,10406.0,698.6,102.51,156.42,Stormy,9.7,2024,6,2,2
2026-04-11,Capesize,189309,Richards Bay,Rotterdam,Thermal Coal,7208.5,689.33,96.24,29.57,Calm,3.0,2026,4,5,2
2023-11-13,Supramax,58346,Singapore,Dubai,Steel Coils,3355.3,681.98,105.27,55.66,Stormy,1.7,2023,11,0,4
2026-09-18,Panamax,81712,Richards Bay,Rotterdam,Thermal Coal,7211.0,623.56,113.82,66.76,Stormy,5.4,2026,9,4,3
2026-02-28,Capesize,163579,Port Hedland,Qingdao,Iron Ore,3606.3,715.05,102.59,23.78,Moderate,3.7,2026,2,5,1
2025-01-18,Suezmax,151306,Ras Tanura,Qingdao,Crude Oil,6163.8,587.96,84.55,41.56,Moderate,5.8,2025,1,5,1
2023-11-14,LNG Carrier,80647,Ras Laffan,Tokyo,LNG,6569.5,676.11,108.24,117.03,Rough Sea,0.5,2023,11,1,4
2026-07-31,Container Post-Panamax,100312,Ningbo,Hamburg,Containerized Freight,10767.1,698.99,113.39,137.88,Moderate,2.5,2026,7,4,3
2024-06-08,Container Post-Panamax,105550,Ningbo,Hamburg,Containerized Freight,10508.3,683.32,116.01,135.79,Moderate,5.9,2024,6,5,2
2026-05-08,Container Post-Panamax,100887,Ningbo,Hamburg,Containerized Freight,10760.6,716.77,89.5,125.27,Calm,0.5,2026,5,4,2
2024-04-04,Panamax,69799,Santos,Rotterdam,Grain,5523.3,703.56,99.96,46.55,Moderate,0.5,2024,4,3,2
2025-11-11,LNG Carrier,77089,Ras Laffan,Tokyo,LNG,6656.0,717.37,107.87,109.9,Calm,0.5,2025,11,1,4
2026-01-12,Suezmax,162806,Corpus Christi,Antwerp,Refined Petroleum,4986.2,728.57,77.4,37.99,Moderate,1.9,2026,1,0,1
2024-04-28,Panamax,73630,Santos,Qingdao,Grain,12035.2,722.0,117.21,96.82,Rough Sea,18.0,2024,4,6,2
2024-11-13,Suezmax,139157,Ras Tanura,Qingdao,Crude Oil,6394.9,583.1,103.63,38.11,Moderate,0.5,2024,11,2,4
2024-01-22,Suezmax,146315,Corpus Christi,Antwerp,Crude Oil,4930.0,708.57,86.83,46.57,Calm,9.6,2024,1,0,1
2024-09-04,LNG Carrier,85725,Ras Laffan,Tokyo,LNG,6689.6,624.65,118.23,114.87,Moderate,4.0,2024,9,2,3
2025-09-30,Panamax,67101,Richards Bay,Rotterdam,Thermal Coal,7270.4,628.83,98.6,53.3,Calm,2.1,2025,9,1,3
2026-08-27,Capesize,180724,Dampier,Yokohama,LNG,4001.6,665.7,108.95,26.19,Calm,4.9,2026,8,3,3
2024-06-25,Aframax,86720,Houston,Rotterdam,Crude Oil,4877.7,701.17,115.59,58.67,Calm,6.1,2024,6,1,2
2026-05-31,Panamax,65151,Santos,Rotterdam,Bauxite,5498.3,742.47,85.58,58.3,Stormy,4.9,2026,5,6,2
2023-11-12,LNG Carrier,73009,Ras Laffan,Tokyo,LNG,6441.3,673.76,127.43,111.75,Calm,5.8,2023,11,6,4
2024-12-08,Supramax,54606,Santos,Rotterdam,Grain,5317.5,588.53,94.8,51.61,Moderate,0.5,2024,12,6,4
2026-03-18,Container Post-Panamax,92454,Singapore,Dubai,Steel Coils,3418.4,708.31,105.46,81.19,Moderate,0.7,2026,3,2,1
2024-02-21,Panamax,84813,Santos,Rotterdam,Grain,5349.6,670.77,102.45,54.14,Moderate,7.4,2024,2,2,1
2026-01-08,VLCC,318779,Ras Tanura,Qingdao,Crude Oil,6284.4,738.66,105.5,49.41,Monsoon/Tropical Cyclone,6.9,2026,1,3,1
2026-04-05,LNG Carrier,79475,Ras Laffan,Tokyo,LNG,6464.1,714.64,83.66,106.41,Moderate,1.4,2026,4,6,2
2025-09-19,Handysize,37921,Singapore,Dubai,Steel Coils,3459.0,629.83,103.42,53.8,Calm,0.5,2025,9,4,3
2025-04-19,Capesize,192251,Port Hedland,Qingdao,Iron Ore,3685.0,574.22,93.74,23.78,Calm,7.2,2025,4,5,2
2024-11-21,Suezmax,141100,Ras Tanura,Qingdao,Crude Oil,6286.9,603.59,95.51,56.22,Moderate,11.7,2024,11,3,4
2024-03-30,Container Post-Panamax,114187,Shanghai,Los Angeles,Containerized Freight,5772.4,706.27,118.41,99.56,Calm,3.2,2024,3,5,1
2025-08-27,Container Post-Panamax,85713,Ningbo,Hamburg,Containerized Freight,10345.5,618.44,94.73,145.01,Stormy,2.0,2025,8,2,3
2025-05-28,Capesize,196859,Santos,Qingdao,Iron Ore,11448.0,573.14,98.38,39.3,Calm,6.2,2025,5,2,2
2024-07-16,Capesize,192225,Tubarao,Qingdao,Bauxite,10995.2,704.29,102.74,36.6,Calm,0.9,2024,7,1,3
2024-10-22,Container Post-Panamax,98259,Shanghai,Los Angeles,Containerized Freight,5738.4,589.91,106.77,99.9,Rough Sea,1.0,2024,10,1,4
2024-05-19,Capesize,206489,Richards Bay,Rotterdam,Thermal Coal,6997.9,703.53,98.34,30.2,Calm,4.4,2024,5,6,2
2026-07-09,Aframax,90675,Corpus Christi,Antwerp,Refined Petroleum,4983.6,670.68,88.24,51.64,Calm,6.4,2026,7,3,3
2023-12-31,LNG Carrier,90143,Ras Laffan,Tokyo,LNG,6726.1,706.22,108.13,120.91,Rough Sea,3.8,2023,12,6,4
2025-05-22,Panamax,76941,Santos,Qingdao,Grain,11646.6,537.56,80.77,59.3,Calm,2.6,2025,5,3,2
2026-08-12,Container Post-Panamax,104578,Ningbo,Hamburg,Containerized Freight,10266.7,672.12,103.42,130.44,Moderate,5.3,2026,8,2,3
2024-11-05,Capesize,185154,Tubarao,Qingdao,Bauxite,11288.6,582.53,118.91,43.91,Moderate,6.0,2024,11,1,4
2023-12-07,Suezmax,146356,Ras Tanura,Singapore,Crude Oil,3750.6,614.49,109.4,34.89,Calm,1.3,2023,12,3,4
2025-10-08,Suezmax,158662,Ras Tanura,Singapore,Crude Oil,3748.7,666.32,103.63,42.32,Stormy,3.7,2025,10,2,4
2024-07-13,Panamax,67142,Santos,Rotterdam,Grain,5502.6,685.93,97.22,58.51,Rough Sea,13.0,2024,7,5,3
2025-06-04,Capesize,172429,Dampier,Yokohama,LNG,3867.5,581.33,99.23,20.89,Calm,1.7,2025,6,2,2
2025-05-17,Supramax,50469,Santos,Rotterdam,Bauxite,5310.9,599.83,108.35,60.27,Calm,7.1,2025,5,5,2
2026-08-25,Capesize,161496,Newcastle,Mumbai,Thermal Coal,5897.9,694.29,97.03,30.26,Calm,3.5,2026,8,1,3
2025-02-21,Panamax,81913,Santos,Rotterdam,Bauxite,5357.0,588.93,103.92,44.99,Moderate,0.5,2025,2,4,1
2024-04-10,Suezmax,147634,Ras Tanura,Qingdao,Crude Oil,6307.3,676.13,99.22,39.49,Calm,2.6,2024,4,2,2
2025-12-29,Panamax,75397,Santos,Qingdao,Iron Ore,12096.4,670.55,92.68,68.17,Calm,3.7,2025,12,0,4
2023-11-13,Container Post-Panamax,121393,Ningbo,Hamburg,Containerized Freight,10675.1,671.45,102.39,129.16,Moderate,0.5,2023,11,0,4
2026-03-02,Capesize,207515,Port Hedland,Qingdao,Iron Ore,3696.2,731.69,121.91,36.13,Moderate,6.9,2026,3,0,1
2026-07-24,Capesize,189925,Dampier,Yokohama,LNG,3946.8,686.24,88.04,21.35,Rough Sea,0.9,2026,7,4,3
2025-01-31,Capesize,165818,Port Hedland,Qingdao,Iron Ore,3678.8,586.12,108.86,22.2,Calm,1.8,2025,1,4,1
2026-09-29,Capesize,197787,Port Hedland,Qingdao,Iron Ore,3554.0,638.85,101.5,26.06,Stormy,5.6,2026,9,1,3
2023-10-18,Container Post-Panamax,123734,Singapore,Dubai,Containerized Freight,3432.6,643.48,121.98,88.12,Calm,11.4,2023,10,2,4
2024-04-10,Suezmax,158081,Ras Tanura,Singapore,Crude Oil,3650.3,740.48,115.53,45.52,Rough Sea,3.1,2024,4,2,2
2024-09-15,Capesize,178512,Richards Bay,Rotterdam,Thermal Coal,6962.1,678.52,100.42,29.31,Moderate,6.0,2024,9,6,3
2026-05-27,Panamax,77879,Tubarao,Qingdao,Bauxite,11516.9,724.68,99.17,69.2,Moderate,1.4,2026,5,2,2
2026-01-22,Container Post-Panamax,108085,Ningbo,Hamburg,Containerized Freight,10501.8,729.6,106.37,141.62,Rough Sea,1.9,2026,1,3,1
2023-11-18,Container Post-Panamax,100250,Ningbo,Hamburg,Containerized Freight,10455.0,695.3,110.77,134.8,Moderate,4.9,2023,11,5,4
2026-08-15,Container Post-Panamax,89645,Shanghai,Los Angeles,Containerized Freight,5785.3,662.23,92.8,95.82,Calm,9.0,2026,8,5,3
2026-02-05,LNG Carrier,88022,Ras Laffan,Tokyo,LNG,6538.2,681.79,95.6,108.01,Calm,1.1,2026,2,3,1
2024-10-25,Container Post-Panamax,82825,Ningbo,Hamburg,Containerized Freight,10397.7,620.36,108.71,116.6,Calm,1.4,2024,10,4,4
2025-08-17,Supramax,53517,Santos,Rotterdam,Bauxite,5479.7,630.24,80.85,55.08,Moderate,5.7,2025,8,6,3
2025-01-14,Panamax,83086,Santos,Qingdao,Iron Ore,11649.7,550.29,95.48,71.0,Rough Sea,4.4,2025,1,1,1
2024-11-07,Suezmax,150448,Ras Tanura,Singapore,Crude Oil,3680.6,647.78,132.95,50.19,Calm,10.1,2024,11,3,4
2024-10-07,LNG Carrier,85640,Ras Laffan,Tokyo,LNG,6411.0,614.98,78.46,136.33,Monsoon/Tropical Cyclone,14.5,2024,10,0,4
2025-04-05,Capesize,197480,Tubarao,Qingdao,Bauxite,11501.7,564.9,106.81,34.47,Moderate,1.5,2025,4,5,2
2024-01-29,Panamax,72228,Tubarao,Qingdao,Bauxite,11250.7,647.87,110.57,76.58,Stormy,2.6,2024,1,0,1
2026-05-31,Capesize,182013,Tubarao,Qingdao,Bauxite,11403.2,666.95,106.38,41.4,Rough Sea,1.6,2026,5,6,2
2025-08-21,Panamax,78940,Tubarao,Qingdao,Bauxite,11115.0,642.48,115.27,69.66,Calm,5.4,2025,8,3,3
2025-09-28,Capesize,202543,Santos,Qingdao,Grain,12090.6,646.47,111.43,46.36,Rough Sea,3.4,2025,9,6,3
2026-06-02,Suezmax,160364,Houston,Rotterdam,Refined Petroleum,4849.3,697.2,103.78,39.29,Calm,1.7,2026,6,1,2
2026-09-10,Aframax,86204,Houston,Rotterdam,Crude Oil,4983.9,646.78,103.84,51.4,Calm,1.6,2026,9,3,3
2025-10-13,Capesize,193857,Richards Bay,Rotterdam,Thermal Coal,7119.3,650.03,98.3,30.88,Rough Sea,2.7,2025,10,0,4
2026-03-03,Container Post-Panamax,86242,Ningbo,Hamburg,Containerized Freight,10294.1,699.83,105.76,127.07,Calm,1.6,2026,3,1,1
2026-03-06,Capesize,163972,Port Hedland,Qingdao,Iron Ore,3657.4,705.54,108.93,22.62,Moderate,0.6,2026,3,4,1
2024-01-10,Suezmax,153447,Corpus Christi,Antwerp,Crude Oil,4808.9,692.86,91.15,37.08,Rough Sea,1.4,2024,1,2,1
2024-12-18,Suezmax,135165,Ras Tanura,Qingdao,Crude Oil,6433.8,596.06,89.04,43.02,Calm,4.9,2024,12,2,4
2026-04-25,Panamax,70334,Tubarao,Qingdao,Bauxite,11077.6,729.46,109.08,71.46,Calm,4.8,2026,4,5,2
2023-10-12,Supramax,55711,Santos,Rotterdam,Grain,5468.1,654.87,113.49,69.69,Rough Sea,7.6,2023,10,3,4
2025-11-23,Suezmax,137956,Houston,Rotterdam,Crude Oil,4749.3,647.77,108.41,45.9,Moderate,3.6,2025,11,6,4
2024-06-11,Capesize,193143,Santos,Qingdao,Grain,11753.7,704.75,97.18,47.77,Monsoon/Tropical Cyclone,4.5,2024,6,1,2
2026-03-26,Aframax,103671,Houston,Rotterdam,Chemicals,4723.5,694.05,99.28,46.23,Calm,0.5,2026,3,3,1
2024-12-28,Panamax,78667,Tubarao,Qingdao,Bauxite,11178.9,556.73,103.31,64.69,Moderate,2.3,2024,12,5,4
2026-09-26,Capesize,197349,Dampier,Yokohama,Iron Ore,3903.4,628.3,99.91,21.55,Moderate,2.1,2026,9,5,3
2026-08-13,Supramax,59243,Singapore,Dubai,Containerized Freight,3449.1,703.47,81.11,45.89,Moderate,1.0,2026,8,3,3
2026-07-14,Capesize,201949,Richards Bay,Rotterdam,Thermal Coal,7072.0,671.32,117.05,41.0,Moderate,8.8,2026,7,1,3
2023-12-25,Panamax,80263,Santos,Rotterdam,Grain,5544.1,751.74,110.82,47.06,Moderate,0.5,2023,12,0,4
2026-01-02,Panamax,67367,Tubarao,Qingdao,Iron Ore,11480.4,729.2,85.48,63.48,Moderate,0.5,2026,1,4,1
2024-01-02,Container Post-Panamax,109563,Shanghai,Los Angeles,Containerized Freight,5762.4,679.83,92.52,93.81,Moderate,1.6,2024,1,1,1
2024-06-15,Capesize,179088,Newcastle,Mumbai,Thermal Coal,6043.4,704.28,96.29,26.12,Calm,1.4,2024,6,5,2
2025-01-04,LNG Carrier,89770,Ras Laffan,Tokyo,LNG,6469.5,552.02,104.11,105.25,Moderate,1.2,2025,1,5,1
2024-12-15,Capesize,173088,Port Hedland,Qingdao,Iron Ore,3717.5,556.89,116.0,38.02,Moderate,13.1,2024,12,6,4
2026-02-21,Capesize,180899,Santos,Qingdao,Iron Ore,12053.8,693.21,96.94,37.24,Moderate,3.4,2026,2,5,1
2025-12-03,Capesize,174487,Santos,Qingdao,Grain,11692.0,704.78,95.61,40.8,Calm,4.9,2025,12,2,4
2026-06-19,Handysize,31784,Singapore,Dubai,Chemicals,3369.1,687.84,103.27,81.56,Stormy,10.6,2026,6,4,2
2026-08-01,Supramax,56159,Santos,Rotterdam,Grain,5334.3,684.97,84.5,54.86,Moderate,2.3,2026,8,5,3
2024-11-13,Aframax,83743,Corpus Christi,Antwerp,Crude Oil,4872.4,603.49,100.25,51.91,Moderate,2.0,2024,11,2,4
2026-05-02,Panamax,80426,Tubarao,Qingdao,Iron Ore,11302.3,735.21,103.45,73.5,Calm,8.3,2026,5,5,2
2025-12-16,Aframax,84677,Corpus Christi,Antwerp,Refined Petroleum,4987.9,708.11,111.48,55.02,Moderate,1.2,2025,12,1,4
2025-08-26,Panamax,83540,Santos,Qingdao,Iron Ore,11638.3,614.31,106.04,70.89,Calm,7.6,2025,8,1,3
2023-11-20,VLCC,280761,Ras Tanura,Singapore,Crude Oil,3731.1,707.12,91.5,26.92,Calm,5.2,2023,11,0,4
2023-11-16,Panamax,80081,Santos,Rotterdam,Grain,5395.4,672.9,119.44,49.9,Calm,2.3,2023,11,3,4
2024-09-28,Capesize,172505,Dampier,Yokohama,Iron Ore,3886.0,638.47,117.05,29.46,Calm,2.3,2024,9,5,3
2023-10-03,Capesize,176396,Santos,Qingdao,Iron Ore,11561.5,653.01,114.42,42.13,Moderate,8.0,2023,10,1,4
2025-09-02,Panamax,82927,Santos,Qingdao,Iron Ore,11718.3,599.89,115.73,71.73,Rough Sea,3.3,2025,9,1,3
2025-01-16,Suezmax,163044,Ras Tanura,Singapore,Crude Oil,3696.9,627.62,83.8,28.81,Calm,0.5,2025,1,3,1
2024-07-30,Handysize,29038,Singapore,Dubai,Containerized Freight,3467.1,669.71,102.21,68.64,Moderate,5.5,2024,7,1,3
2024-07-02,Panamax,76082,Tubarao,Qingdao,Bauxite,11317.3,697.09,92.59,65.25,Moderate,0.6,2024,7,1,3
2025-10-10,Supramax,54930,Singapore,Dubai,Containerized Freight,3323.5,609.06,103.97,47.0,Calm,0.8,2025,10,4,4
2025-08-15,Capesize,169399,Newcastle,Mumbai,Thermal Coal,5794.1,653.38,92.93,27.8,Calm,0.5,2025,8,4,3
2024-07-21,Container Post-Panamax,108678,Shanghai,Los Angeles,Containerized Freight,5712.8,696.56,91.79,88.54,Calm,3.8,2024,7,6,3
2024-10-30,Container Post-Panamax,126057,Shanghai,Los Angeles,Containerized Freight,5649.4,610.67,110.21,87.89,Calm,2.3,2024,10,2,4
2025-07-31,Capesize,184879,Richards Bay,Rotterdam,Thermal Coal,7108.2,639.88,97.63,32.57,Moderate,4.9,2025,7,3,3
2024-03-15,Panamax,82485,Newcastle,Mumbai,Thermal Coal,5901.7,726.91,110.08,50.48,Moderate,1.6,2024,3,4,1
2024-12-03,Container Post-Panamax,102913,Ningbo,Hamburg,Containerized Freight,10304.6,644.44,104.77,123.05,Calm,6.1,2024,12,1,4
2026-09-15,Supramax,55536,Santos,Rotterdam,Grain,5379.1,622.15,108.72,59.99,Rough Sea,1.4,2026,9,1,3
2025-12-29,Capesize,187648,Port Hedland,Qingdao,Iron Ore,3742.9,664.35,91.17,19.23,Moderate,0.9,2025,12,0,4
2025-03-26,Capesize,180398,Dampier,Yokohama,LNG,3999.6,567.51,95.59,20.04,Calm,2.5,2025,3,2,1
2026-03-11,Aframax,111739,Corpus Christi,Antwerp,Crude Oil,4952.5,718.33,114.39,57.53,Calm,5.3,2026,3,2,1
2024-12-07,Aframax,89739,Houston,Rotterdam,Refined Petroleum,4970.8,610.38,92.36,49.48,Calm,2.5,2024,12,5,4
2026-07-16,Panamax,83998,Tubarao,Qingdao,Bauxite,11027.9,641.47,105.0,78.41,Monsoon/Tropical Cyclone,2.7,2026,7,3,3
2025-06-22,Suezmax,163629,Ras Tanura,Singapore,Crude Oil,3768.7,581.71,97.91,34.06,Rough Sea,5.1,2025,6,6,2
2026-05-16,Supramax,59283,Santos,Rotterdam,Bauxite,5453.5,706.7,111.77,59.54,Moderate,0.5,2026,5,5,2
2025-07-09,Container Post-Panamax,85433,Ningbo,Hamburg,Containerized Freight,10737.2,548.27,96.52,121.14,Calm,0.8,2025,7,2,3
2026-09-03,Capesize,170152,Richards Bay,Rotterdam,Thermal Coal,7139.5,659.01,106.33,31.79,Calm,4.7,2026,9,3,3
2025-03-13,Panamax,81922,Tubarao,Qingdao,Bauxite,11291.0,597.4,76.08,56.66,Rough Sea,0.5,2025,3,3,1
2026-05-17,Suezmax,150311,Ras Tanura,Qingdao,Crude Oil,6264.8,726.0,120.86,58.53,Moderate,6.5,2026,5,6,2
2025-07-16,Container Post-Panamax,114300,Singapore,Dubai,Steel Coils,3379.6,561.42,93.51,76.92,Calm,8.5,2025,7,2,3
2024-06-23,Supramax,57121,Santos,Rotterdam,Grain,5471.1,713.59,103.32,58.98,Calm,0.5,2024,6,6,2
2025-07-30,Capesize,199856,Newcastle,Mumbai,Thermal Coal,5820.4,596.7,100.15,26.89,Calm,4.2,2025,7,2,3
2025-03-22,Capesize,171974,Tubarao,Qingdao,Bauxite,11500.2,605.01,107.37,40.41,Rough Sea,1.8,2025,3,5,1
2024-07-01,Container Post-Panamax,87110,Ningbo,Hamburg,Containerized Freight,10445.9,716.35,101.47,138.66,Rough Sea,0.9,2024,7,0,3
2026-05-05,Capesize,182966,Richards Bay,Rotterdam,Thermal Coal,6928.2,738.47,102.56,35.32,Calm,2.1,2026,5,1,2
2025-02-28,Aframax,89381,Houston,Rotterdam,Refined Petroleum,4791.4,574.81,99.91,49.96,Calm,0.5,2025,2,4,1
2026-05-18,Suezmax,144780,Ras Tanura,Singapore,Crude Oil,3725.6,717.36,117.67,50.65,Moderate,10.0,2026,5,0,2
2023-11-25,LNG Carrier,90199,Ras Laffan,Tokyo,LNG,6599.9,663.28,111.43,114.48,Moderate,3.6,2023,11,5,4
2023-10-20,Container Post-Panamax,124346,Ningbo,Hamburg,Containerized Freight,10732.9,651.92,100.98,126.17,Calm,1.4,2023,10,4,4
2026-07-11,Suezmax,143811,Corpus Christi,Antwerp,Refined Petroleum,4789.2,707.21,96.49,42.93,Calm,2.0,2026,7,5,3
2026-07-30,VLCC,304119,Ras Tanura,Qingdao,Crude Oil,6191.2,697.32,80.97,29.23,Rough Sea,0.8,2026,7,3,3
2026-04-09,Container Post-Panamax,130402,Ningbo,Hamburg,Containerized Freight,10341.2,753.01,86.04,121.26,Calm,0.8,2026,4,3,2
2026-09-06,Capesize,189763,Tubarao,Qingdao,Bauxite,11422.4,629.65,95.41,40.34,Rough Sea,4.5,2026,9,6,3
2026-08-03,Capesize,189881,Richards Bay,Rotterdam,Thermal Coal,7142.4,694.73,97.92,27.89,Moderate,0.7,2026,8,0,3
2025-12-27,Supramax,55112,Santos,Rotterdam,Bauxite,5588.1,690.66,96.32,63.62,Rough Sea,5.8,2025,12,5,4
2025-10-03,Supramax,64769,Santos,Rotterdam,Bauxite,5551.8,640.81,111.16,60.79,Calm,10.4,2025,10,4,4
2023-10-28,Supramax,52247,Singapore,Dubai,Steel Coils,3469.7,664.01,115.82,65.66,Calm,18.0,2023,10,5,4
2024-05-16,VLCC,306305,Ras Tanura,Singapore,Crude Oil,3674.2,727.57,88.52,24.88,Calm,4.7,2024,5,3,2
2025-09-03,Suezmax,143118,Ras Tanura,Singapore,Crude Oil,3641.1,617.31,112.59,34.52,Calm,0.9,2025,9,2,3
2024-09-15,Supramax,64120,Houston,Rotterdam,Chemicals,4993.1,609.25,100.49,51.29,Calm,0.5,2024,9,6,3
2025-08-19,Container Post-Panamax,117088,Ningbo,Hamburg,Containerized Freight,10362.5,612.26,89.85,116.83,Calm,3.7,2025,8,1,3
2024-01-15,Aframax,81124,Houston,Rotterdam,Chemicals,4921.0,712.75,90.42,57.03,Calm,3.2,2024,1,0,1
2025-06-08,Suezmax,138448,Ras Tanura,Qingdao,Crude Oil,6327.5,619.1,113.09,45.47,Moderate,3.3,2025,6,6,2
2025-07-27,Capesize,195001,Richards Bay,Rotterdam,Thermal Coal,7283.4,601.45,104.23,29.48,Moderate,4.1,2025,7,6,3
2026-01-21,Suezmax,137640,Ras Tanura,Singapore,Crude Oil,3648.2,681.8,88.68,32.99,Calm,1.0,2026,1,2,1
2025-10-22,Suezmax,150835,Corpus Christi,Antwerp,Crude Oil,4920.3,659.61,101.14,44.79,Rough Sea,2.3,2025,10,2,4
2026-05-30,Panamax,82448,Richards Bay,Rotterdam,Thermal Coal,7089.7,662.12,89.45,49.61,Moderate,0.5,2026,5,5,2
2026-02-02,Container Post-Panamax,107731,Shanghai,Los Angeles,Containerized Freight,5659.7,715.94,124.0,108.07,Moderate,7.8,2026,2,0,1
2025-03-26,Container Post-Panamax,104740,Shanghai,Los Angeles,Containerized Freight,5773.2,516.6,110.87,87.67,Calm,2.6,2025,3,2,1
2024-06-16,Panamax,76000,Santos,Rotterdam,Bauxite,5574.5,704.05,97.68,54.19,Stormy,3.3,2024,6,6,2
2025-09-24,Panamax,68846,Santos,Rotterdam,Grain,5538.0,680.26,122.76,55.76,Moderate,4.9,2025,9,2,3
2026-02-17,Container Post-Panamax,110702,Ningbo,Hamburg,Containerized Freight,10600.5,704.39,96.92,128.14,Calm,1.7,2026,2,1,1
2026-02-25,LNG Carrier,73941,Ras Laffan,Tokyo,LNG,6636.0,738.33,92.22,127.39,Stormy,1.6,2026,2,2,1
2025-02-15,VLCC,314429,Ras Tanura,Singapore,Crude Oil,3807.4,594.34,87.7,24.91,Moderate,4.3,2025,2,5,1
2025-05-13,Panamax,71061,Santos,Rotterdam,Bauxite,5543.1,598.12,101.23,42.55,Calm,1.1,2025,5,1,2
2025-03-01,Capesize,164931,Newcastle,Mumbai,Thermal Coal,5820.5,567.15,107.39,26.21,Calm,3.5,2025,3,5,1
2024-11-23,LNG Carrier,79945,Ras Laffan,Tokyo,LNG,6541.5,593.28,87.56,120.34,Rough Sea,8.3,2024,11,5,4
2026-06-19,Panamax,76005,Newcastle,Mumbai,Thermal Coal,5975.8,726.65,115.44,53.95,Moderate,3.0,2026,6,4,2
2025-08-12,Suezmax,143931,Houston,Rotterdam,Chemicals,4745.0,620.57,83.32,29.06,Moderate,1.1,2025,8,1,3
2024-04-20,Suezmax,149711,Corpus Christi,Antwerp,Crude Oil,4799.3,676.86,105.53,38.83,Moderate,0.7,2024,4,5,2
2025-09-29,Aframax,109720,Corpus Christi,Antwerp,Crude Oil,4842.7,657.79,107.26,51.37,Calm,2.9,2025,9,0,3
2024-03-26,Capesize,209679,Port Hedland,Qingdao,Iron Ore,3637.7,764.37,111.1,30.5,Rough Sea,5.4,2024,3,1,1
2024-09-08,VLCC,301202,Ras Tanura,Singapore,Crude Oil,3632.5,666.63,105.05,27.79,Calm,1.1,2024,9,6,3
2026-05-05,Container Post-Panamax,90509,Shanghai,Los Angeles,Containerized Freight,5538.3,696.99,84.35,100.52,Rough Sea,5.2,2026,5,1,2
2025-08-29,Supramax,50901,Houston,Rotterdam,Crude Oil,4973.0,617.23,98.48,51.94,Calm,1.1,2025,8,4,3
2025-10-06,Supramax,63115,Houston,Rotterdam,Crude Oil,4862.5,660.35,108.64,57.64,Rough Sea,1.0,2025,10,0,4
2025-10-02,Aframax,80236,Corpus Christi,Antwerp,Refined Petroleum,5024.2,641.63,121.38,57.19,Calm,4.9,2025,10,3,4
2024-05-20,Panamax,74715,Tubarao,Qingdao,Bauxite,10992.3,693.46,98.41,65.17,Calm,2.2,2024,5,0,2
2023-12-30,Aframax,90637,Houston,Rotterdam,Refined Petroleum,4860.2,685.1,89.38,52.54,Calm,4.9,2023,12,5,4
2025-06-24,Capesize,177673,Newcastle,Mumbai,Thermal Coal,5766.1,580.65,101.22,21.44,Moderate,0.5,2025,6,1,2
2026-02-15,Capesize,166025,Tubarao,Qingdao,Iron Ore,11393.5,731.36,92.72,39.85,Moderate,5.0,2026,2,6,1
2026-02-05,LNG Carrier,89995,Dampier,Yokohama,Iron Ore,3986.2,747.19,98.81,90.93,Moderate,0.5,2026,2,3,1
2024-03-21,Container Post-Panamax,128073,Ningbo,Hamburg,Containerized Freight,10607.5,703.69,96.74,123.89,Calm,1.5,2024,3,3,1
2025-12-09,Container Post-Panamax,130407,Singapore,Dubai,Chemicals,3411.4,688.6,102.43,80.01,Moderate,1.6,2025,12,1,4
2026-02-13,Handysize,31307,Singapore,Dubai,Chemicals,3454.4,742.97,110.29,68.57,Calm,3.2,2026,2,4,1
2024-10-11,Capesize,184998,Tubarao,Qingdao,Bauxite,11460.0,639.7,119.9,42.47,Moderate,5.6,2024,10,4,4
2025-02-19,Container Post-Panamax,120214,Shanghai,Los Angeles,Containerized Freight,5557.6,556.86,85.12,82.26,Calm,1.5,2025,2,2,1
2025-01-19,Panamax,75939,Santos,Rotterdam,Grain,5500.2,563.87,105.51,52.03,Moderate,12.6,2025,1,6,1
2026-06-19,Capesize,197206,Port Hedland,Qingdao,Iron Ore,3756.0,704.38,99.42,18.94,Calm,0.5,2026,6,4,2
2026-09-25,Capesize,172228,Dampier,Yokohama,Iron Ore,3890.3,617.58,108.54,23.96,Calm,3.4,2026,9,4,3
2024-10-10,Supramax,52192,Santos,Rotterdam,Bauxite,5483.0,613.51,129.89,71.27,Moderate,6.2,2024,10,3,4
2024-01-06,Container Post-Panamax,97256,Shanghai,Los Angeles,Containerized Freight,5693.2,683.01,99.05,94.39,Moderate,0.9,2024,1,5,1
2024-03-10,LNG Carrier,87702,Ras Laffan,Tokyo,LNG,6673.1,705.92,76.72,129.01,Stormy,6.8,2024,3,6,1
2024-03-07,Supramax,50553,Santos,Rotterdam,Bauxite,5593.4,690.05,90.13,58.6,Moderate,0.6,2024,3,3,1
2024-05-31,LNG Carrier,88442,Ras Laffan,Tokyo,LNG,6658.0,663.03,89.28,125.8,Stormy,1.5,2024,5,4,2
2025-11-05,Aframax,115906,Corpus Christi,Antwerp,Crude Oil,5012.9,664.8,109.86,56.4,Moderate,4.1,2025,11,2,4
2025-06-21,Capesize,169586,Newcastle,Mumbai,Thermal Coal,5850.2,605.27,101.6,27.3,Moderate,1.5,2025,6,5,2
2024-04-06,LNG Carrier,72181,Ras Laffan,Tokyo,LNG,6661.2,730.74,92.36,109.56,Moderate,1.1,2024,4,5,2
2025-07-17,Container Post-Panamax,97758,Ningbo,Hamburg,Containerized Freight,10532.7,582.27,100.22,133.58,Rough Sea,2.5,2025,7,3,3
2025-12-31,LNG Carrier,81052,Ras Laffan,Tokyo,LNG,6618.1,697.89,106.63,112.52,Moderate,2.8,2025,12,2,4
2023-12-12,Suezmax,164845,Houston,Rotterdam,Crude Oil,4736.3,671.56,102.24,39.93,Moderate,1.5,2023,12,1,4
2025-11-02,Suezmax,156221,Corpus Christi,Antwerp,Crude Oil,4795.0,640.02,103.32,40.41,Calm,0.5,2025,11,6,4
2023-11-17,Capesize,179918,Newcastle,Mumbai,Thermal Coal,6003.4,679.9,110.74,28.9,Rough Sea,2.0,2023,11,4,4
2025-12-11,LNG Carrier,87592,Ras Laffan,Tokyo,LNG,6476.3,711.87,112.51,120.43,Rough Sea,1.5,2025,12,3,4
2025-09-09,Capesize,185061,Newcastle,Mumbai,Thermal Coal,5976.5,633.03,104.63,28.96,Calm,5.1,2025,9,1,3
2024-01-14,Container Post-Panamax,127030,Ningbo,Hamburg,Containerized Freight,10795.0,709.07,91.38,125.44,Calm,2.0,2024,1,6,1
2024-11-05,Panamax,79310,Tubarao,Qingdao,Bauxite,11023.3,642.82,116.03,74.16,Moderate,7.1,2024,11,1,4
2025-01-26,Container Post-Panamax,125657,Ningbo,Hamburg,Containerized Freight,10614.1,556.06,103.71,134.62,Rough Sea,2.6,2025,1,6,1
2024-02-13,Aframax,117357,Corpus Christi,Antwerp,Crude Oil,4920.1,712.03,102.21,50.95,Moderate,1.0,2024,2,1,1
2025-05-29,VLCC,309157,Ras Tanura,Singapore,Crude Oil,3776.1,559.75,87.93,34.83,Monsoon/Tropical Cyclone,12.1,2025,5,3,2
2025-01-21,Capesize,201885,Dampier,Yokohama,LNG,4047.8,548.96,96.94,21.42,Rough Sea,2.3,2025,1,1,1
2025-05-05,Supramax,58195,Santos,Rotterdam,Bauxite,5563.8,596.49,103.61,56.77,Calm,6.0,2025,5,0,2
2024-12-23,Supramax,63886,Santos,Rotterdam,Grain,5371.2,585.35,83.51,51.96,Rough Sea,5.0,2024,12,0,4
2024-05-28,Capesize,187506,Tubarao,Qingdao,Bauxite,11172.1,706.31,98.56,48.71,Moderate,8.5,2024,5,1,2
2025-04-19,Panamax,75402,Santos,Rotterdam,Grain,5538.6,532.2,106.47,46.98,Stormy,1.7,2025,4,5,2
2023-11-25,Handysize,36229,Singapore,Dubai,Chemicals,3346.5,675.14,104.93,66.6,Moderate,1.5,2023,11,5,4
2025-06-12,Panamax,81044,Richards Bay,Rotterdam,Thermal Coal,7278.7,601.47,112.92,49.45,Calm,6.1,2025,6,3,2
2025-04-30,Panamax,71029,Santos,Rotterdam,Bauxite,5428.1,578.94,89.67,43.8,Rough Sea,0.5,2025,4,2,2
2024-05-10,VLCC,289765,Ras Tanura,Singapore,Crude Oil,3830.2,715.01,109.7,32.7,Moderate,0.9,2024,5,4,2
2025-05-21,Container Post-Panamax,111452,Ningbo,Hamburg,Containerized Freight,10692.0,560.12,110.33,131.22,Rough Sea,0.6,2025,5,2,2
2023-12-22,VLCC,283023,Ras Tanura,Singapore,Crude Oil,3651.4,684.7,87.71,27.43,Calm,5.5,2023,12,4,4
2026-05-28,Capesize,163522,Newcastle,Mumbai,Thermal Coal,5792.8,726.33,91.68,27.32,Calm,1.5,2026,5,3,2
2025-09-21,Capesize,193815,Richards Bay,Rotterdam,Thermal Coal,7158.2,610.12,106.21,40.52,Stormy,6.0,2025,9,6,3
2026-09-12,Panamax,82542,Santos,Qingdao,Grain,12111.9,586.31,108.58,73.68,Moderate,0.5,2026,9,5,3
2025-09-17,Panamax,76311,Richards Bay,Rotterdam,Thermal Coal,6887.1,614.4,111.23,54.4,Moderate,0.5,2025,9,2,3
2025-11-03,Container Post-Panamax,105465,Ningbo,Hamburg,Containerized Freight,10346.5,666.16,119.65,138.2,Calm,9.6,2025,11,0,4
2024-05-11,Container Post-Panamax,123421,Singapore,Dubai,Containerized Freight,3494.8,740.07,95.61,72.44,Calm,1.5,2024,5,5,2
2026-01-21,Suezmax,163487,Ras Tanura,Qingdao,Crude Oil,6132.6,694.25,101.8,42.73,Calm,0.5,2026,1,2,1
2025-06-17,Supramax,64444,Santos,Rotterdam,Grain,5535.6,598.05,100.49,54.99,Calm,5.4,2025,6,1,2
2025-12-01,Suezmax,139948,Ras Tanura,Singapore,Crude Oil,3667.8,688.3,86.83,35.55,Calm,0.5,2025,12,0,4
2026-04-11,Capesize,171782,Port Hedland,Qingdao,Iron Ore,3753.7,685.34,99.88,21.85,Calm,1.1,2026,4,5,2
2025-09-30,Panamax,71768,Richards Bay,Rotterdam,Thermal Coal,7098.6,647.52,98.24,49.38,Moderate,4.6,2025,9,1,3
2024-08-03,Panamax,73077,Tubarao,Qingdao,Bauxite,11139.2,696.9,82.43,76.2,Moderate,10.7,2024,8,5,3
2026-05-14,LNG Carrier,86944,Ras Laffan,Tokyo,LNG,6383.6,699.51,109.49,111.31,Calm,7.2,2026,5,3,2
2024-09-29,LNG Carrier,80970,Ras Laffan,Tokyo,LNG,6509.5,690.89,128.97,116.71,Calm,3.0,2024,9,6,3
2025-02-02,Supramax,52002,Singapore,Dubai,Steel Coils,3398.6,596.36,93.83,46.04,Rough Sea,0.5,2025,2,6,1
2025-01-09,Capesize,170457,Tubarao,Qingdao,Iron Ore,11264.0,595.6,104.27,38.2,Calm,0.6,2025,1,3,1
2024-05-03,Capesize,167939,Santos,Qingdao,Iron Ore,11842.3,730.68,112.99,43.73,Calm,2.9,2024,5,4,2
2026-05-04,Container Post-Panamax,98857,Shanghai,Los Angeles,Containerized Freight,5868.8,744.12,99.0,97.02,Calm,2.6,2026,5,0,2
2025-02-15,Panamax,65375,Newcastle,Mumbai,Thermal Coal,5861.4,569.49,92.59,46.04,Rough Sea,1.5,2025,2,5,1
2024-07-08,Container Post-Panamax,94243,Shanghai,Los Angeles,Containerized Freight,5747.1,701.56,107.32,92.23,Calm,0.5,2024,7,0,3
2025-07-23,Capesize,190809,Port Hedland,Qingdao,Iron Ore,3542.9,543.0,99.69,18.14,Moderate,2.6,2025,7,2,3
2024-09-09,Suezmax,154164,Houston,Rotterdam,Chemicals,4742.3,631.28,89.41,32.97,Calm,1.1,2024,9,0,3
2025-07-03,Panamax,81225,Santos,Qingdao,Iron Ore,11463.7,600.82,114.02,64.94,Calm,0.9,2025,7,3,3
2024-11-09,Suezmax,134133,Houston,Rotterdam,Crude Oil,4731.8,640.67,89.82,36.57,Calm,0.5,2024,11,5,4
2024-01-09,Capesize,181863,Port Hedland,Qingdao,Iron Ore,3607.6,701.91,96.49,22.7,Calm,2.3,2024,1,1,1
2023-12-04,Container Post-Panamax,134277,Ningbo,Hamburg,Containerized Freight,10528.0,703.39,102.25,129.02,Calm,0.5,2023,12,0,4
2024-11-24,Container Post-Panamax,101933,Shanghai,Los Angeles,Containerized Freight,5536.3,642.54,104.24,108.85,Rough Sea,14.7,2024,11,6,4
2025-01-15,VLCC,317137,Ras Tanura,Qingdao,Crude Oil,6371.9,577.29,103.14,30.92,Rough Sea,0.9,2025,1,2,1
2024-11-19,Supramax,56469,Houston,Rotterdam,Crude Oil,4882.3,599.71,96.45,58.64,Calm,6.1,2024,11,1,4
2026-06-02,Capesize,162557,Richards Bay,Rotterdam,Thermal Coal,6960.1,713.1,113.14,32.02,Moderate,2.3,2026,6,1,2
2026-02-24,Capesize,172744,Dampier,Yokohama,Iron Ore,3939.9,722.55,86.69,17.17,Rough Sea,2.5,2026,2,1,1
2026-04-18,Container Post-Panamax,121752,Shanghai,Los Angeles,Containerized Freight,5807.1,679.7,101.62,91.13,Moderate,0.7,2026,4,5,2
2025-08-04,LNG Carrier,76673,Ras Laffan,Tokyo,LNG,6401.2,617.3,102.63,106.66,Moderate,1.6,2025,8,0,3
2025-12-23,Capesize,184791,Port Hedland,Qingdao,Iron Ore,3675.5,683.43,106.95,31.63,Moderate,9.4,2025,12,1,4
2026-03-22,Capesize,206167,Port Hedland,Qingdao,Iron Ore,3686.2,717.23,123.37,33.2,Rough Sea,3.1,2026,3,6,1
2025-12-11,Panamax,66620,Newcastle,Mumbai,Thermal Coal,5906.2,687.04,101.98,54.18,Moderate,1.9,2025,12,3,4
2026-08-31,Container Post-Panamax,98610,Shanghai,Los Angeles,Containerized Freight,5791.0,677.0,99.79,110.98,Moderate,18.0,2026,8,0,3
2026-03-30,Container Post-Panamax,92886,Ningbo,Hamburg,Containerized Freight,10693.3,709.68,104.41,143.14,Rough Sea,0.6,2026,3,0,1
2025-11-29,Suezmax,161811,Ras Tanura,Qingdao,Crude Oil,6097.2,680.66,109.12,45.96,Moderate,3.8,2025,11,5,4
2024-09-01,LNG Carrier,85172,Ras Laffan,Tokyo,LNG,6522.6,648.09,100.43,104.64,Calm,1.6,2024,9,6,3
2026-01-14,Panamax,65609,Newcastle,Mumbai,Thermal Coal,5803.3,697.18,85.31,43.35,Calm,2.2,2026,1,2,1
2024-07-11,Capesize,164041,Port Hedland,Qingdao,Iron Ore,3609.8,677.18,108.5,31.53,Moderate,2.6,2024,7,3,3
2025-12-14,LNG Carrier,84201,Dampier,Yokohama,LNG,3938.9,697.09,96.36,89.65,Moderate,3.7,2025,12,6,4
2025-07-02,VLCC,301673,Ras Tanura,Qingdao,Crude Oil,6347.7,562.87,99.77,35.06,Calm,8.8,2025,7,2,3
2024-01-31,Container Post-Panamax,84674,Shanghai,Los Angeles,Containerized Freight,5676.2,750.61,72.11,95.55,Moderate,5.5,2024,1,2,1
2025-11-19,Capesize,172730,Dampier,Yokohama,Iron Ore,3893.6,675.83,107.41,33.45,Stormy,2.6,2025,11,2,4
2024-05-12,Suezmax,152121,Ras Tanura,Qingdao,Crude Oil,6309.1,704.15,89.29,50.8,Stormy,2.3,2024,5,6,2
2024-07-11,Container Post-Panamax,125276,Singapore,Dubai,Steel Coils,3411.3,704.57,83.13,70.79,Calm,1.4,2024,7,3,3
2026-06-16,Suezmax,162877,Ras Tanura,Singapore,Crude Oil,3724.7,753.26,97.09,36.52,Rough Sea,0.5,2026,6,1,2
2026-01-17,Suezmax,152736,Corpus Christi,Antwerp,Refined Petroleum,4970.6,681.29,94.82,54.04,Stormy,6.9,2026,1,5,1
2025-09-21,Capesize,197965,Port Hedland,Qingdao,Iron Ore,3734.9,627.56,115.37,30.43,Rough Sea,5.1,2025,9,6,3
2023-10-28,Aframax,111348,Houston,Rotterdam,Chemicals,4968.4,626.94,98.32,58.28,Stormy,3.3,2023,10,5,4
2025-04-03,Capesize,209709,Newcastle,Mumbai,Thermal Coal,5997.5,554.39,86.04,20.21,Moderate,1.1,2025,4,3,2
2025-09-16,Supramax,62420,Houston,Rotterdam,Refined Petroleum,4905.4,625.41,106.12,54.56,Moderate,1.2,2025,9,1,3
2024-02-09,Supramax,59932,Singapore,Dubai,Steel Coils,3337.6,721.21,87.79,45.96,Calm,0.5,2024,2,4,1
2025-11-10,Container Post-Panamax,122734,Ningbo,Hamburg,Containerized Freight,10317.0,647.93,104.65,123.15,Calm,2.6,2025,11,0,4
2025-07-18,LNG Carrier,89824,Ras Laffan,Tokyo,LNG,6655.2,579.06,115.49,134.71,Stormy,8.8,2025,7,4,3
2026-06-17,Aframax,102942,Corpus Christi,Antwerp,Crude Oil,4898.9,686.21,95.97,48.5,Calm,0.5,2026,6,2,2
2025-01-23,Suezmax,157080,Houston,Rotterdam,Refined Petroleum,4904.4,558.11,96.6,39.45,Calm,5.8,2025,1,3,1
2026-05-27,Capesize,207833,Port Hedland,Qingdao,Iron Ore,3553.5,694.03,116.73,29.23,Calm,2.9,2026,5,2,2
2025-11-09,Panamax,69026,Tubarao,Qingdao,Iron Ore,11338.5,661.69,105.74,68.56,Calm,0.5,2025,11,6,4
2026-09-29,LNG Carrier,73532,Dampier,Yokohama,LNG,3875.0,671.97,91.75,86.79,Calm,6.5,2026,9,1,3
2024-01-02,Capesize,198850,Santos,Qingdao,Iron Ore,11852.9,711.19,108.08,43.7,Calm,6.6,2024,1,1,1
2024-05-14,Container Post-Panamax,82637,Shanghai,Los Angeles,Containerized Freight,5837.5,739.48,104.15,96.64,Calm,1.4,2024,5,1,2
2025-06-20,Capesize,169973,Newcastle,Mumbai,Thermal Coal,6011.3,641.47,92.34,26.74,Calm,0.9,2025,6,4,2
2026-05-15,Container Post-Panamax,107251,Shanghai,Los Angeles,Containerized Freight,5655.6,705.52,93.38,106.7,Calm,18.0,2026,5,4,2
2026-02-21,LNG Carrier,85124,Ras Laffan,Tokyo,LNG,6660.2,731.43,86.19,133.72,Stormy,5.6,2026,2,5,1
2025-08-07,LNG Carrier,90666,Ras Laffan,Tokyo,LNG,6434.6,649.64,97.95,118.0,Rough Sea,4.3,2025,8,3,3
2025-07-19,Capesize,205371,Dampier,Yokohama,LNG,3985.4,653.33,109.5,26.39,Calm,1.7,2025,7,5,3
2025-12-26,Aframax,88712,Corpus Christi,Antwerp,Crude Oil,4816.0,689.38,96.09,52.26,Moderate,2.2,2025,12,4,4
2026-03-12,Panamax,77523,Newcastle,Mumbai,Thermal Coal,5850.3,723.38,85.97,49.18,Rough Sea,0.7,2026,3,3,1
2024-09-03,Suezmax,148909,Ras Tanura,Qingdao,Crude Oil,6409.8,652.2,105.53,46.71,Moderate,3.9,2024,9,1,3
2026-05-30,Suezmax,161034,Ras Tanura,Singapore,Crude Oil,3638.3,657.53,105.48,36.15,Calm,2.5,2026,5,5,2
2026-07-14,Aframax,102468,Houston,Rotterdam,Refined Petroleum,4826.4,666.31,110.01,63.36,Calm,16.3,2026,7,1,3
2025-10-13,Capesize,185708,Newcastle,Mumbai,Thermal Coal,5846.6,635.54,88.2,23.36,Moderate,4.3,2025,10,0,4
2026-02-12,Container Post-Panamax,103036,Shanghai,Los Angeles,Containerized Freight,5769.0,713.39,89.29,91.74,Calm,3.8,2026,2,3,1
2025-06-06,Aframax,100575,Corpus Christi,Antwerp,Crude Oil,4837.7,565.45,101.09,44.66,Calm,1.4,2025,6,4,2
2026-05-13,Panamax,80757,Santos,Qingdao,Grain,11619.8,695.45,82.84,67.41,Rough Sea,1.4,2026,5,2,2
2026-04-12,Capesize,161114,Port Hedland,Qingdao,Iron Ore,3634.5,714.82,104.13,41.38,Monsoon/Tropical Cyclone,9.6,2026,4,6,2
2026-06-13,Panamax,69029,Santos,Rotterdam,Grain,5297.3,729.96,107.13,52.52,Moderate,4.3,2026,6,5,2
2026-05-01,Supramax,54998,Houston,Rotterdam,Refined Petroleum,4753.3,706.83,104.83,54.57,Calm,0.5,2026,5,4,2
2025-12-03,Suezmax,131601,Corpus Christi,Antwerp,Crude Oil,5013.8,658.19,93.11,51.02,Stormy,2.9,2025,12,2,4
2024-12-17,Container Post-Panamax,95014,Shanghai,Los Angeles,Containerized Freight,5630.8,587.7,85.58,89.85,Calm,7.1,2024,12,1,4
2024-09-22,LNG Carrier,70325,Ras Laffan,Tokyo,LNG,6534.7,606.03,99.38,115.96,Rough Sea,3.6,2024,9,6,3
2026-07-28,Suezmax,143137,Houston,Rotterdam,Refined Petroleum,4809.2,695.91,108.63,43.36,Moderate,0.5,2026,7,1,3
2026-09-24,Panamax,66490,Santos,Qingdao,Grain,11524.6,645.3,102.92,70.3,Moderate,0.5,2026,9,3,3
2025-07-05,Container Post-Panamax,84379,Ningbo,Hamburg,Containerized Freight,10799.1,591.59,102.35,134.25,Moderate,8.6,2025,7,5,3
2025-01-02,Container Post-Panamax,109022,Shanghai,Los Angeles,Containerized Freight,5552.2,583.98,93.04,90.34,Moderate,3.5,2025,1,3,1
2024-10-09,Panamax,82170,Newcastle,Mumbai,Thermal Coal,5885.1,636.77,103.95,43.13,Moderate,0.5,2024,10,2,4
2024-10-02,Container Post-Panamax,117123,Shanghai,Los Angeles,Containerized Freight,5707.6,632.27,101.8,93.49,Moderate,3.2,2024,10,2,4
2024-04-28,Container Post-Panamax,81685,Singapore,Dubai,Steel Coils,3426.1,716.85,94.51,81.73,Moderate,5.0,2024,4,6,2
2025-06-08,Panamax,69058,Santos,Rotterdam,Grain,5298.0,596.52,106.85,44.34,Moderate,0.5,2025,6,6,2
2023-12-10,Aframax,95228,Houston,Rotterdam,Crude Oil,4936.1,712.12,102.54,59.92,Calm,9.6,2023,12,6,4
2024-08-04,Aframax,90840,Corpus Christi,Antwerp,Refined Petroleum,4922.0,639.85,104.84,58.11,Calm,5.2,2024,8,6,3
2025-01-09,VLCC,284964,Ras Tanura,Qingdao,Crude Oil,6243.6,599.85,98.11,29.74,Calm,2.1,2025,1,3,1
2023-12-06,Container Post-Panamax,109035,Shanghai,Los Angeles,Containerized Freight,5800.5,666.56,117.9,97.96,Calm,3.6,2023,12,2,4
2025-12-29,LNG Carrier,76617,Ras Laffan,Tokyo,LNG,6454.5,726.99,77.91,104.74,Moderate,1.3,2025,12,0,4
2026-05-23,LNG Carrier,80319,Ras Laffan,Tokyo,LNG,6445.0,738.91,125.12,137.6,Stormy,4.5,2026,5,5,2
2026-04-08,Capesize,183169,Richards Bay,Rotterdam,Thermal Coal,7023.9,736.56,109.19,32.1,Moderate,1.8,2026,4,2,2
2023-10-28,Suezmax,140608,Corpus Christi,Antwerp,Crude Oil,5027.7,645.46,117.32,46.9,Moderate,2.5,2023,10,5,4
2025-12-13,Container Post-Panamax,115953,Ningbo,Hamburg,Containerized Freight,10373.7,661.06,104.51,135.11,Moderate,10.0,2025,12,5,4
2025-05-27,VLCC,294910,Ras Tanura,Qingdao,Crude Oil,6142.3,573.45,101.71,26.19,Moderate,1.0,2025,5,1,2
2025-02-11,Capesize,209348,Dampier,Yokohama,LNG,3870.8,535.41,93.18,12.27,Calm,1.1,2025,2,1,1
2026-08-29,Aframax,96433,Corpus Christi,Antwerp,Crude Oil,5031.3,670.53,93.56,50.4,Moderate,1.5,2026,8,5,3
2026-03-11,Capesize,174834,Dampier,Yokohama,Iron Ore,4026.2,719.27,124.99,30.87,Calm,2.6,2026,3,2,1
2023-11-18,Panamax,83089,Tubarao,Qingdao,Iron Ore,11322.6,673.09,122.1,76.46,Moderate,6.7,2023,11,5,4
2024-03-14,Container Post-Panamax,103246,Ningbo,Hamburg,Containerized Freight,10309.1,699.92,96.93,119.41,Calm,0.5,2024,3,3,1
2023-10-30,Suezmax,135289,Ras Tanura,Singapore,Crude Oil,3756.1,656.13,117.89,43.64,Rough Sea,4.0,2023,10,0,4
2025-02-07,Container Post-Panamax,124358,Ningbo,Hamburg,Containerized Freight,10744.1,531.56,91.57,128.18,Moderate,8.1,2025,2,4,1
2026-01-20,LNG Carrier,74143,Ras Laffan,Tokyo,LNG,6543.4,705.07,94.77,109.39,Moderate,1.7,2026,1,1,1
2026-08-09,Capesize,188424,Newcastle,Mumbai,Thermal Coal,5973.2,683.92,88.69,30.38,Moderate,7.4,2026,8,6,3
2024-04-12,Panamax,84458,Santos,Rotterdam,Grain,5456.4,744.53,106.37,48.41,Moderate,0.5,2024,4,4,2
2026-09-17,Handysize,39810,Singapore,Dubai,Containerized Freight,3330.1,672.13,113.71,63.42,Moderate,4.6,2026,9,3,3
2024-04-15,Supramax,61911,Houston,Rotterdam,Crude Oil,4794.5,725.62,94.45,63.89,Calm,10.8,2024,4,0,2
2026-06-12,Panamax,73003,Richards Bay,Rotterdam,Thermal Coal,6927.5,701.1,102.63,52.07,Moderate,0.5,2026,6,4,2
2025-04-04,Container Post-Panamax,126654,Shanghai,Los Angeles,Containerized Freight,5770.6,535.47,111.47,95.97,Moderate,12.3,2025,4,4,2
2025-07-24,Capesize,191490,Tubarao,Qingdao,Bauxite,11323.6,600.15,109.92,36.08,Calm,1.0,2025,7,3,3
2024-07-08,Suezmax,149549,Ras Tanura,Singapore,Crude Oil,3726.4,741.84,91.42,38.03,Stormy,1.7,2024,7,0,3
2026-06-13,Suezmax,154575,Corpus Christi,Antwerp,Crude Oil,4861.3,709.6,101.26,40.65,Moderate,0.8,2026,6,5,2
2025-11-02,Suezmax,162727,Corpus Christi,Antwerp,Crude Oil,4791.3,703.53,102.26,44.69,Rough Sea,0.5,2025,11,6,4
2025-08-07,Container Post-Panamax,89201,Shanghai,Los Angeles,Containerized Freight,5635.9,642.31,96.29,85.35,Calm,4.2,2025,8,3,3
2026-03-19,Supramax,62820,Singapore,Dubai,Containerized Freight,3324.7,725.07,98.45,47.12,Calm,0.5,2026,3,3,1
2023-11-10,Capesize,200099,Newcastle,Mumbai,Thermal Coal,6064.7,666.35,104.24,28.72,Calm,3.1,2023,11,4,4
2024-06-28,Container Post-Panamax,93681,Ningbo,Hamburg,Containerized Freight,10197.8,710.72,103.03,140.38,Rough Sea,4.1,2024,6,4,2
2024-04-02,Capesize,188206,Santos,Qingdao,Grain,11472.6,696.53,95.45,36.99,Moderate,0.8,2024,4,1,2
2026-09-17,Capesize,162536,Tubarao,Qingdao,Bauxite,11291.8,675.62,105.63,40.34,Moderate,4.1,2026,9,3,3
2026-04-06,Panamax,75722,Tubarao,Qingdao,Iron Ore,11324.8,720.02,92.25,68.74,Calm,0.5,2026,4,0,2
2025-07-04,Suezmax,137444,Corpus Christi,Antwerp,Crude Oil,4802.9,617.29,104.49,38.94,Calm,1.8,2025,7,4,3
2025-02-26,Suezmax,139802,Houston,Rotterdam,Refined Petroleum,4934.3,566.92,99.54,46.0,Monsoon/Tropical Cyclone,3.9,2025,2,2,1
2026-02-24,Container Post-Panamax,116652,Ningbo,Hamburg,Containerized Freight,10421.8,723.19,118.53,138.67,Rough Sea,3.9,2026,2,1,1
2024-11-24,LNG Carrier,88261,Ras Laffan,Tokyo,LNG,6615.2,604.35,113.09,114.33,Rough Sea,1.0,2024,11,6,4
2024-07-15,Panamax,84817,Santos,Rotterdam,Bauxite,5308.5,692.26,100.01,47.18,Moderate,0.5,2024,7,0,3
2024-08-12,VLCC,312250,Ras Tanura,Singapore,Crude Oil,3665.3,697.59,83.21,23.75,Calm,0.5,2024,8,0,3
2024-03-23,Container Post-Panamax,128001,Shanghai,Los Angeles,Containerized Freight,5611.4,752.61,114.35,102.82,Moderate,4.0,2024,3,5,1
2026-01-28,Panamax,65581,Tubarao,Qingdao,Iron Ore,10952.3,696.6,104.66,68.83,Moderate,0.5,2026,1,2,1
2024-07-09,Suezmax,149042,Houston,Rotterdam,Chemicals,4815.1,690.4,111.08,45.36,Moderate,1.6,2024,7,1,3
2024-08-17,Panamax,76366,Newcastle,Mumbai,Thermal Coal,5998.0,671.77,94.48,41.77,Moderate,0.5,2024,8,5,3
2024-01-27,Capesize,164756,Tubarao,Qingdao,Iron Ore,11166.4,716.09,100.7,40.44,Calm,2.2,2024,1,5,1
2025-05-11,VLCC,319860,Ras Tanura,Qingdao,Crude Oil,6226.9,557.01,108.98,36.97,Rough Sea,2.0,2025,5,6,2
2025-03-31,VLCC,306901,Ras Tanura,Qingdao,Crude Oil,6145.3,568.6,95.19,27.48,Calm,3.8,2025,3,0,1
2024-04-20,Capesize,160490,Tubarao,Qingdao,Bauxite,10897.4,695.4,79.44,35.0,Calm,2.3,2024,4,5,2
2025-02-23,VLCC,289958,Ras Tanura,Singapore,Crude Oil,3786.9,538.77,91.99,16.85,Rough Sea,0.5,2025,2,6,1
2025-11-27,LNG Carrier,74713,Dampier,Yokohama,Iron Ore,4047.4,710.98,123.22,101.9,Moderate,4.3,2025,11,3,4
2025-09-24,Supramax,51823,Santos,Rotterdam,Grain,5483.1,607.61,89.93,54.43,Moderate,3.4,2025,9,2,3
2024-12-29,Aframax,113162,Houston,Rotterdam,Chemicals,4774.7,563.28,90.86,44.18,Calm,5.5,2024,12,6,4
2026-03-28,Capesize,179925,Newcastle,Mumbai,Thermal Coal,5912.0,738.75,103.35,36.32,Stormy,5.1,2026,3,5,1
2023-10-19,Container Post-Panamax,132286,Shanghai,Los Angeles,Containerized Freight,5556.2,661.85,108.64,97.92,Rough Sea,0.5,2023,10,3,4
2023-11-02,Container Post-Panamax,85760,Singapore,Dubai,Steel Coils,3363.7,656.11,130.18,85.99,Moderate,5.5,2023,11,3,4
2026-02-06,Suezmax,152666,Houston,Rotterdam,Chemicals,4754.9,734.16,87.11,38.78,Moderate,2.0,2026,2,4,1
2026-08-23,VLCC,297358,Ras Tanura,Singapore,Crude Oil,3732.7,671.84,109.41,27.75,Calm,0.5,2026,8,6,3
2023-11-13,LNG Carrier,81093,Dampier,Yokohama,LNG,3858.8,664.75,109.46,85.7,Calm,0.9,2023,11,0,4
2025-05-21,Capesize,165659,Port Hedland,Qingdao,Iron Ore,3580.2,585.09,92.66,27.17,Stormy,5.2,2025,5,2,2
2026-09-25,Panamax,80331,Santos,Qingdao,Iron Ore,12025.0,651.58,101.94,74.86,Rough Sea,1.7,2026,9,4,3
2026-04-10,Capesize,162364,Richards Bay,Rotterdam,Thermal Coal,7012.0,672.45,114.54,31.67,Moderate,1.9,2026,4,4,2
2026-08-01,Suezmax,149959,Ras Tanura,Singapore,Crude Oil,3803.4,693.28,99.9,44.9,Stormy,3.1,2026,8,5,3
2025-03-13,Suezmax,143110,Ras Tanura,Qingdao,Crude Oil,6123.5,576.0,97.5,43.17,Calm,4.9,2025,3,3,1
2025-12-13,Panamax,74107,Tubarao,Qingdao,Bauxite,10903.5,700.29,103.09,68.07,Moderate,6.5,2025,12,5,4
2025-10-19,Capesize,178090,Tubarao,Qingdao,Bauxite,11376.5,624.46,111.67,46.14,Moderate,8.2,2025,10,6,4
2025-02-11,Suezmax,130797,Ras Tanura,Singapore,Crude Oil,3659.4,597.54,85.54,27.26,Moderate,1.1,2025,2,1,1
2026-01-01,Aframax,84674,Corpus Christi,Antwerp,Refined Petroleum,4890.7,676.81,101.2,57.81,Calm,8.8,2026,1,3,1
2023-10-27,LNG Carrier,81273,Dampier,Yokohama,LNG,3951.8,692.66,112.91,91.0,Calm,0.5,2023,10,4,4
2026-01-27,Suezmax,145892,Ras Tanura,Qingdao,Crude Oil,6087.7,691.79,91.58,60.98,Calm,17.1,2026,1,1,1
2026-08-15,Suezmax,139472,Ras Tanura,Qingdao,Crude Oil,6365.3,670.05,93.58,40.34,Calm,1.3,2026,8,5,3
2024-07-15,Aframax,99750,Corpus Christi,Antwerp,Refined Petroleum,5056.3,671.68,104.74,50.54,Calm,0.8,2024,7,0,3
2025-11-27,LNG Carrier,93547,Dampier,Yokohama,LNG,3984.5,711.47,122.42,108.54,Rough Sea,8.7,2025,11,3,4
2026-04-24,Container Post-Panamax,120913,Singapore,Dubai,Steel Coils,3379.1,728.87,109.79,85.45,Moderate,6.1,2026,4,4,2
2026-08-16,Container Post-Panamax,121060,Ningbo,Hamburg,Containerized Freight,10402.6,667.2,89.82,121.25,Calm,2.5,2026,8,6,3
2025-06-05,Supramax,61585,Singapore,Dubai,Containerized Freight,3492.4,588.1,97.03,54.36,Stormy,4.8,2025,6,3,2
2026-08-17,Capesize,207022,Santos,Qingdao,Grain,11702.1,630.67,92.84,37.97,Calm,3.6,2026,8,0,3
2024-09-15,Container Post-Panamax,100123,Shanghai,Los Angeles,Containerized Freight,5867.8,662.62,104.12,90.18,Moderate,0.5,2024,9,6,3
2024-09-01,Capesize,164200,Newcastle,Mumbai,Thermal Coal,5735.2,663.14,119.35,33.86,Rough Sea,5.3,2024,9,6,3
2024-05-25,Capesize,202419,Santos,Qingdao,Grain,11574.2,720.64,101.48,37.09,Moderate,0.5,2024,5,5,2
2023-12-14,Capesize,207816,Port Hedland,Qingdao,Iron Ore,3730.0,694.71,116.53,29.83,Calm,3.9,2023,12,3,4
2025-10-24,Suezmax,146225,Ras Tanura,Qingdao,Crude Oil,6403.9,621.99,104.74,46.96,Calm,4.0,2025,10,4,4
2024-07-07,Suezmax,131627,Ras Tanura,Singapore,Crude Oil,3722.9,698.99,102.47,44.39,Calm,8.0,2024,7,6,3
2024-07-29,Suezmax,158054,Ras Tanura,Qingdao,Crude Oil,6355.7,661.75,81.33,45.08,Calm,9.3,2024,7,0,3
2026-04-19,Suezmax,138369,Ras Tanura,Singapore,Crude Oil,3633.1,741.99,103.76,34.8,Calm,0.5,2026,4,6,2
2026-04-11,Suezmax,150162,Houston,Rotterdam,Crude Oil,4900.0,738.28,112.2,46.48,Calm,1.0,2026,4,5,2
2026-07-11,Capesize,182021,Port Hedland,Qingdao,Iron Ore,3629.9,683.49,108.27,25.89,Moderate,3.1,2026,7,5,3
2025-01-18,Supramax,64161,Singapore,Dubai,Containerized Freight,3412.9,607.64,85.18,40.68,Calm,1.1,2025,1,5,1
2024-12-12,Aframax,92317,Corpus Christi,Antwerp,Crude Oil,5062.6,588.93,93.61,44.52,Calm,1.1,2024,12,3,4
2024-08-16,Container Post-Panamax,89698,Ningbo,Hamburg,Containerized Freight,10654.9,691.18,104.15,133.46,Calm,6.5,2024,8,4,3
2026-03-28,LNG Carrier,83786,Ras Laffan,Tokyo,LNG,6377.0,724.06,98.95,104.17,Calm,1.6,2026,3,5,1
2026-09-11,Panamax,74083,Santos,Qingdao,Grain,11647.9,650.8,100.54,65.56,Moderate,0.7,2026,9,4,3
2025-12-31,LNG Carrier,71426,Ras Laffan,Tokyo,LNG,6517.9,733.89,97.74,117.89,Rough Sea,1.9,2025,12,2,4
2026-04-30,Container Post-Panamax,104153,Ningbo,Hamburg,Containerized Freight,10649.8,724.06,109.24,131.25,Calm,0.5,2026,4,3,2
2026-04-17,Aframax,97586,Corpus Christi,Antwerp,Refined Petroleum,5010.1,729.73,89.54,52.15,Calm,5.0,2026,4,4,2
2024-04-16,Capesize,173261,Port Hedland,Qingdao,Iron Ore,3598.7,671.15,83.51,24.06,Rough Sea,0.6,2024,4,1,2
2025-12-29,Suezmax,156586,Ras Tanura,Qingdao,Crude Oil,6391.7,702.87,117.15,46.78,Calm,3.3,2025,12,0,4
2025-01-22,Panamax,81989,Newcastle,Mumbai,Thermal Coal,5920.0,582.69,99.43,46.86,Rough Sea,3.3,2025,1,2,1
2026-03-30,Capesize,182954,Port Hedland,Qingdao,Iron Ore,3553.9,714.29,100.94,22.18,Calm,1.0,2026,3,0,1
2024-07-05,VLCC,314139,Ras Tanura,Qingdao,Crude Oil,6239.7,720.35,102.8,29.39,Calm,0.5,2024,7,4,3
2026-09-29,Suezmax,134445,Ras Tanura,Qingdao,Crude Oil,6224.2,649.14,107.39,43.27,Calm,1.9,2026,9,1,3
2024-11-23,Handysize,26943,Singapore,Dubai,Steel Coils,3440.2,619.42,93.3,75.89,Monsoon/Tropical Cyclone,6.1,2024,11,5,4
2026-06-10,Capesize,179983,Tubarao,Qingdao,Bauxite,11344.9,696.49,88.89,33.33,Calm,0.5,2026,6,2,2
2024-04-25,Capesize,167983,Dampier,Yokohama,LNG,3855.2,702.63,103.13,25.5,Calm,2.5,2024,4,3,2
2023-12-24,Panamax,77457,Newcastle,Mumbai,Thermal Coal,5922.0,696.73,96.56,42.61,Calm,0.5,2023,12,6,4
2026-07-02,Supramax,62597,Singapore,Dubai,Containerized Freight,3316.5,699.19,108.78,55.26,Moderate,3.6,2026,7,3,3
2025-05-02,Handysize,34291,Singapore,Dubai,Containerized Freight,3416.0,534.25,122.8,63.61,Moderate,5.6,2025,5,4,2
2025-05-31,Suezmax,133659,Ras Tanura,Singapore,Crude Oil,3654.6,550.46,82.8,30.31,Calm,3.2,2025,5,5,2
2023-10-11,LNG Carrier,94651,Dampier,Yokohama,Iron Ore,3990.2,688.36,98.1,110.35,Stormy,10.4,2023,10,2,4
2026-02-12,Container Post-Panamax,122064,Singapore,Dubai,Chemicals,3387.7,741.66,76.0,68.9,Calm,1.4,2026,2,3,1
2025-04-21,Container Post-Panamax,90129,Ningbo,Hamburg,Containerized Freight,10732.5,541.68,86.18,117.66,Calm,0.5,2025,4,0,2
2025-10-18,Capesize,168747,Newcastle,Mumbai,Thermal Coal,5887.4,620.45,106.14,29.93,Rough Sea,1.5,2025,10,5,4
2024-02-08,Panamax,76518,Newcastle,Mumbai,Thermal Coal,5825.9,703.1,87.0,56.96,Monsoon/Tropical Cyclone,2.0,2024,2,3,1
2024-02-21,Container Post-Panamax,98642,Ningbo,Hamburg,Containerized Freight,10525.9,723.4,87.72,124.43,Moderate,0.5,2024,2,2,1
2026-03-25,Capesize,195451,Port Hedland,Qingdao,Iron Ore,3753.2,722.39,107.68,41.2,Rough Sea,18.0,2026,3,2,1
2024-06-22,Capesize,186714,Port Hedland,Qingdao,Iron Ore,3663.5,722.32,111.22,23.37,Moderate,2.7,2024,6,5,2
2025-09-29,Capesize,168280,Port Hedland,Qingdao,Iron Ore,3633.6,610.45,111.71,21.72,Calm,1.9,2025,9,0,3
2025-10-20,Panamax,65364,Santos,Rotterdam,Bauxite,5569.4,660.92,101.39,48.32,Calm,3.8,2025,10,0,4
2025-02-03,Container Post-Panamax,123365,Singapore,Dubai,Containerized Freight,3345.4,579.31,95.67,73.64,Moderate,4.6,2025,2,0,1
2024-03-03,Panamax,80407,Santos,Rotterdam,Grain,5338.1,679.17,96.49,50.44,Moderate,8.7,2024,3,6,1
2026-09-29,Suezmax,137239,Ras Tanura,Singapore,Crude Oil,3686.5,642.16,95.51,39.9,Stormy,3.3,2026,9,1,3
2026-05-08,Handysize,31494,Singapore,Dubai,Chemicals,3408.7,691.66,96.5,58.98,Calm,0.5,2026,5,4,2
2026-08-13,Panamax,69170,Tubarao,Qingdao,Iron Ore,11299.7,645.56,101.78,62.24,Calm,1.8,2026,8,3,3
2025-10-05,Capesize,176358,Santos,Qingdao,Grain,11657.9,657.7,101.6,35.39,Calm,2.0,2025,10,6,4
2024-02-06,Supramax,52284,Santos,Rotterdam,Grain,5352.5,746.67,102.52,73.21,Moderate,9.1,2024,2,1,1
2025-12-21,LNG Carrier,76028,Ras Laffan,Tokyo,LNG,6361.6,661.95,99.6,116.8,Rough Sea,1.2,2025,12,6,4
2026-01-19,Aframax,104496,Houston,Rotterdam,Refined Petroleum,4914.5,728.07,95.51,68.33,Rough Sea,14.3,2026,1,0,1
2024-01-24,Container Post-Panamax,89578,Ningbo,Hamburg,Containerized Freight,10354.6,707.07,75.82,117.57,Calm,1.2,2024,1,2,1
2024-08-20,Capesize,172200,Port Hedland,Qingdao,Iron Ore,3598.2,664.01,95.28,30.14,Rough Sea,6.5,2024,8,1,3
2023-12-14,Capesize,198507,Santos,Qingdao,Grain,11990.1,654.82,89.43,32.83,Calm,0.5,2023,12,3,4
2024-02-21,Suezmax,146203,Corpus Christi,Antwerp,Crude Oil,4940.8,669.89,96.81,37.43,Calm,0.8,2024,2,2,1
2024-09-28,Suezmax,161258,Ras Tanura,Singapore,Crude Oil,3745.0,667.8,102.61,34.24,Calm,0.5,2024,9,5,3
2023-11-27,Capesize,206865,Santos,Qingdao,Grain,11578.0,667.48,101.63,46.28,Calm,9.2,2023,11,0,4
2024-09-09,LNG Carrier,87241,Dampier,Yokohama,LNG,3937.3,697.66,85.54,87.28,Moderate,3.3,2024,9,0,3
2025-04-12,Aframax,98701,Houston,Rotterdam,Crude Oil,4807.1,573.72,113.81,46.87,Calm,1.2,2025,4,5,2
2026-05-14,Suezmax,142928,Corpus Christi,Antwerp,Crude Oil,4864.4,712.3,100.08,46.28,Calm,5.1,2026,5,3,2
2025-11-14,Capesize,203142,Port Hedland,Qingdao,Iron Ore,3630.9,679.17,112.85,30.25,Monsoon/Tropical Cyclone,4.5,2025,11,4,4
2024-10-07,Aframax,88720,Houston,Rotterdam,Crude Oil,4766.1,637.88,118.93,65.36,Rough Sea,8.5,2024,10,0,4
2025-12-09,Panamax,83481,Santos,Rotterdam,Grain,5356.9,684.44,84.83,39.23,Calm,0.6,2025,12,1,4
2024-11-20,Container Post-Panamax,127459,Ningbo,Hamburg,Containerized Freight,10240.0,600.77,101.98,123.31,Moderate,2.2,2024,11,2,4
2025-10-08,Container Post-Panamax,94302,Singapore,Dubai,Containerized Freight,3477.4,687.04,90.61,69.36,Calm,0.8,2025,10,2,4
2025-10-23,Supramax,59916,Santos,Rotterdam,Grain,5489.8,612.33,114.61,60.27,Calm,0.7,2025,10,3,4
2026-09-03,Panamax,70059,Tubarao,Qingdao,Bauxite,11201.2,686.62,103.96,74.36,Calm,8.4,2026,9,3,3
2024-02-28,Supramax,64735,Singapore,Dubai,Steel Coils,3341.6,705.98,93.39,49.27,Calm,3.2,2024,2,2,1
2024-10-02,Panamax,77003,Newcastle,Mumbai,Thermal Coal,6040.2,643.47,104.24,46.86,Calm,1.8,2024,10,2,4
2024-02-03,Capesize,178746,Tubarao,Qingdao,Iron Ore,11154.9,720.9,93.34,37.83,Moderate,4.1,2024,2,5,1
2025-03-24,Suezmax,148766,Ras Tanura,Singapore,Crude Oil,3762.3,598.64,82.45,34.71,Calm,5.2,2025,3,0,1
2026-04-14,LNG Carrier,81874,Ras Laffan,Tokyo,LNG,6462.6,741.07,87.51,106.29,Moderate,1.8,2026,4,1,2
2025-07-01,Container Post-Panamax,131948,Shanghai,Los Angeles,Containerized Freight,5798.1,579.42,103.2,87.08,Calm,1.9,2025,7,1,3
2026-06-26,Panamax,74540,Santos,Rotterdam,Bauxite,5455.9,692.82,110.25,47.56,Moderate,1.1,2026,6,4,2
2025-03-02,Aframax,115298,Corpus Christi,Antwerp,Crude Oil,4932.9,567.61,96.03,43.06,Moderate,1.2,2025,3,6,1
2024-09-16,Container Post-Panamax,120615,Ningbo,Hamburg,Containerized Freight,10716.5,654.66,96.16,136.56,Rough Sea,0.5,2024,9,0,3
2025-10-31,Suezmax,162333,Corpus Christi,Antwerp,Refined Petroleum,4975.8,683.39,103.62,41.16,Calm,1.2,2025,10,4,4
2024-02-27,Panamax,81390,Tubarao,Qingdao,Bauxite,11130.3,667.69,90.56,61.48,Calm,1.8,2024,2,1,1
2025-12-14,Panamax,75972,Santos,Rotterdam,Grain,5378.7,712.75,80.92,39.85,Moderate,0.5,2025,12,6,4
2025-08-28,Container Post-Panamax,95540,Shanghai,Los Angeles,Containerized Freight,5808.3,651.64,126.65,100.69,Calm,6.2,2025,8,3,3
2025-06-03,Capesize,184836,Richards Bay,Rotterdam,Thermal Coal,7138.9,583.36,102.39,25.5,Calm,1.8,2025,6,1,2
2025-05-12,Supramax,60984,Singapore,Dubai,Steel Coils,3447.9,596.09,112.44,49.1,Moderate,3.8,2025,5,0,2
2024-04-24,Supramax,52484,Santos,Rotterdam,Grain,5483.9,661.8,112.34,64.72,Calm,5.1,2024,4,2,2
2025-05-03,Suezmax,132478,Corpus Christi,Antwerp,Crude Oil,4906.4,558.72,108.52,37.3,Moderate,0.5,2025,5,5,2
2026-03-22,Container Post-Panamax,99760,Ningbo,Hamburg,Containerized Freight,10361.0,732.61,106.62,131.59,Moderate,2.0,2026,3,6,1
2025-04-14,Panamax,69582,Tubarao,Qingdao,Iron Ore,10892.3,557.42,108.91,67.21,Rough Sea,5.5,2025,4,0,2
2025-09-12,Suezmax,141370,Ras Tanura,Qingdao,Crude Oil,6282.4,612.73,120.28,43.72,Calm,4.0,2025,9,4,3
2026-03-11,Panamax,68769,Santos,Rotterdam,Bauxite,5540.0,697.69,95.22,45.65,Calm,4.8,2026,3,2,1
2024-06-24,Capesize,195599,Port Hedland,Qingdao,Iron Ore,3564.7,686.71,104.43,31.76,Calm,12.8,2024,6,0,2
2026-07-24,Container Post-Panamax,102419,Ningbo,Hamburg,Containerized Freight,10554.1,645.81,93.1,122.1,Calm,2.2,2026,7,4,3
2024-11-16,Panamax,73389,Santos,Qingdao,Grain,11851.9,580.32,85.2,62.88,Calm,1.9,2024,11,5,4
2025-11-19,Handysize,28417,Singapore,Dubai,Steel Coils,3374.6,651.65,130.13,65.41,Calm,3.6,2025,11,2,4
2024-02-25,LNG Carrier,74120,Ras Laffan,Tokyo,LNG,6465.5,751.64,90.94,106.16,Moderate,0.5,2024,2,6,1
2026-06-24,Panamax,67774,Santos,Qingdao,Iron Ore,11716.0,677.68,79.83,65.03,Calm,2.6,2026,6,2,2
2025-02-12,Container Post-Panamax,96487,Ningbo,Hamburg,Containerized Freight,10697.4,573.72,87.16,121.25,Calm,5.4,2025,2,2,1
2024-05-30,Container Post-Panamax,107907,Singapore,Dubai,Chemicals,3455.3,705.39,95.92,77.17,Calm,3.2,2024,5,3,2
2025-10-21,Aframax,116992,Corpus Christi,Antwerp,Crude Oil,4957.7,633.59,103.07,56.6,Rough Sea,2.5,2025,10,1,4
2026-09-04,Suezmax,153910,Corpus Christi,Antwerp,Crude Oil,4867.1,668.99,100.03,37.86,Calm,0.5,2026,9,4,3
2026-04-21,Supramax,61049,Houston,Rotterdam,Chemicals,4854.3,756.17,89.06,47.63,Calm,0.5,2026,4,1,2
2026-08-10,Capesize,185662,Santos,Qingdao,Grain,11705.6,662.61,107.25,43.04,Rough Sea,1.0,2026,8,0,3
2025-11-01,Suezmax,163322,Corpus Christi,Antwerp,Refined Petroleum,4996.7,685.58,107.92,46.03,Moderate,1.0,2025,11,5,4
2026-04-27,Capesize,192215,Dampier,Yokohama,Iron Ore,3976.6,692.29,96.32,23.57,Calm,4.4,2026,4,0,2
2025-12-01,Capesize,170514,Dampier,Yokohama,Iron Ore,4063.0,653.89,91.89,17.61,Rough Sea,1.6,2025,12,0,4
2024-01-22,Capesize,182865,Santos,Qingdao,Iron Ore,11814.7,727.66,105.23,38.11,Rough Sea,0.5,2024,1,0,1
2025-07-28,Capesize,160564,Port Hedland,Qingdao,Iron Ore,3667.0,610.23,109.81,22.85,Moderate,0.8,2025,7,0,3
2025-03-30,Capesize,205228,Port Hedland,Qingdao,Iron Ore,3700.1,590.55,84.25,18.06,Calm,0.5,2025,3,6,1
2023-10-18,Capesize,204677,Richards Bay,Rotterdam,Thermal Coal,7307.3,658.56,112.74,33.7,Calm,4.0,2023,10,2,4
2026-06-15,Capesize,199807,Dampier,Yokohama,Iron Ore,3879.2,669.96,92.58,18.24,Calm,2.1,2026,6,0,2
2025-11-06,Aframax,110444,Corpus Christi,Antwerp,Refined Petroleum,4941.6,650.25,108.2,64.3,Stormy,6.6,2025,11,3,4
2025-09-23,LNG Carrier,94546,Ras Laffan,Tokyo,LNG,6468.1,631.29,121.72,108.72,Calm,4.9,2025,9,1,3
2025-05-07,VLCC,313472,Ras Tanura,Qingdao,Crude Oil,6147.9,602.65,80.05,23.97,Moderate,3.6,2025,5,2,2
2025-02-10,Container Post-Panamax,97922,Ningbo,Hamburg,Containerized Freight,10413.2,570.17,86.06,110.7,Calm,0.5,2025,2,0,1
2023-11-18,Panamax,79635,Santos,Qingdao,Iron Ore,12082.8,656.91,103.87,66.06,Moderate,1.4,2023,11,5,4
2026-03-21,Capesize,162081,Port Hedland,Qingdao,Iron Ore,3698.2,699.31,90.1,17.94,Calm,3.0,2026,3,5,1
2026-04-07,LNG Carrier,83535,Ras Laffan,Tokyo,LNG,6687.9,714.93,96.1,132.27,Rough Sea,11.9,2026,4,1,2
2026-05-03,Supramax,64236,Singapore,Dubai,Chemicals,3443.2,716.43,106.17,52.71,Moderate,4.9,2026,5,6,2
2026-03-23,Container Post-Panamax,129008,Ningbo,Hamburg,Containerized Freight,10203.9,721.77,98.48,129.12,Moderate,1.6,2026,3,0,1
2025-02-07,Aframax,93488,Corpus Christi,Antwerp,Crude Oil,4865.9,577.22,91.91,45.96,Calm,3.3,2025,2,4,1
2025-05-08,VLCC,314218,Ras Tanura,Qingdao,Crude Oil,6114.6,558.93,102.39,29.59,Calm,3.3,2025,5,3,2
2023-10-02,Container Post-Panamax,95437,Shanghai,Los Angeles,Containerized Freight,5706.8,669.67,104.14,96.71,Moderate,2.9,2023,10,0,4
2025-03-17,LNG Carrier,89461,Ras Laffan,Tokyo,LNG,6451.8,503.58,97.44,97.32,Calm,3.4,2025,3,0,1
2024-02-13,Capesize,198229,Santos,Qingdao,Iron Ore,12029.5,667.83,87.43,36.35,Calm,2.5,2024,2,1,1
2024-08-21,Suezmax,162818,Houston,Rotterdam,Chemicals,4821.5,666.04,84.57,40.86,Calm,8.8,2024,8,2,3
2025-09-16,Container Post-Panamax,90953,Shanghai,Los Angeles,Containerized Freight,5663.4,630.81,119.81,95.02,Moderate,2.9,2025,9,1,3
2025-08-21,Panamax,75443,Newcastle,Mumbai,Thermal Coal,5775.9,608.3,88.85,39.64,Calm,1.2,2025,8,3,3
2024-09-04,Container Post-Panamax,102081,Singapore,Dubai,Steel Coils,3429.2,623.71,122.25,88.7,Rough Sea,4.5,2024,9,2,3
2025-11-27,Capesize,168143,Port Hedland,Qingdao,Iron Ore,3628.4,677.7,98.32,44.4,Monsoon/Tropical Cyclone,18.0,2025,11,3,4
2025-11-15,Capesize,190822,Port Hedland,Qingdao,Iron Ore,3564.2,708.21,108.91,29.34,Calm,5.4,2025,11,5,4
2026-04-27,VLCC,312376,Ras Tanura,Qingdao,Crude Oil,6101.9,699.59,111.71,32.35,Calm,2.5,2026,4,0,2
2024-03-14,LNG Carrier,86291,Dampier,Yokohama,LNG,3902.3,722.83,89.74,106.54,Stormy,6.7,2024,3,3,1
2026-09-03,Suezmax,160506,Ras Tanura,Singapore,Crude Oil,3683.1,678.42,124.48,45.94,Moderate,4.1,2026,9,3,3
2024-08-22,LNG Carrier,76023,Dampier,Yokohama,Iron Ore,3948.3,702.07,122.05,93.27,Calm,5.3,2024,8,3,3
2026-06-20,VLCC,303036,Ras Tanura,Singapore,Crude Oil,3624.5,689.04,95.09,23.21,Calm,0.6,2026,6,5,2
2026-05-20,Panamax,71020,Santos,Rotterdam,Grain,5499.3,707.76,92.96,47.79,Rough Sea,2.8,2026,5,2,2
2025-12-09,LNG Carrier,86907,Ras Laffan,Tokyo,LNG,6410.4,677.29,89.23,121.98,Rough Sea,9.0,2025,12,1,4
2024-11-24,Capesize,208077,Newcastle,Mumbai,Thermal Coal,6027.8,592.74,114.36,30.58,Moderate,3.0,2024,11,6,4
2024-08-10,LNG Carrier,75990,Dampier,Yokohama,Iron Ore,3981.3,641.86,90.62,81.61,Moderate,0.7,2024,8,5,3
2023-11-24,Capesize,200871,Richards Bay,Rotterdam,Thermal Coal,7038.1,704.43,128.57,34.63,Moderate,3.3,2023,11,4,4
2026-03-18,Container Post-Panamax,85844,Ningbo,Hamburg,Containerized Freight,10706.0,724.76,118.82,137.65,Calm,7.1,2026,3,2,1
2024-03-05,Panamax,77428,Tubarao,Qingdao,Bauxite,11183.2,715.0,93.08,69.95,Moderate,9.0,2024,3,1,1
2024-11-23,Capesize,175108,Santos,Qingdao,Iron Ore,11978.6,606.2,97.97,40.85,Rough Sea,2.7,2024,11,5,4
2026-09-15,Capesize,186896,Dampier,Yokohama,Iron Ore,4020.7,629.13,126.49,26.05,Calm,2.3,2026,9,1,3
2024-03-08,Panamax,65988,Santos,Rotterdam,Grain,5421.0,658.08,86.8,45.5,Calm,5.4,2024,3,4,1
2024-01-26,Panamax,80381,Santos,Qingdao,Grain,11936.1,715.5,98.11,69.51,Moderate,2.0,2024,1,4,1
2026-02-02,VLCC,285340,Ras Tanura,Qingdao,Crude Oil,6355.5,700.61,83.99,33.55,Moderate,5.4,2026,2,0,1
2024-11-05,Capesize,165631,Richards Bay,Rotterdam,Thermal Coal,6969.4,642.78,113.3,30.18,Moderate,0.5,2024,11,1,4
2025-01-07,Capesize,191087,Port Hedland,Qingdao,Iron Ore,3670.6,597.41,98.88,34.87,Calm,15.4,2025,1,1,1
2024-04-10,Capesize,208437,Santos,Qingdao,Grain,11494.4,764.42,87.12,35.09,Calm,2.7,2024,4,2,2
2024-09-27,Container Post-Panamax,105040,Ningbo,Hamburg,Containerized Freight,10692.0,645.31,88.42,128.0,Calm,3.7,2024,9,4,3
2026-07-26,Capesize,174955,Port Hedland,Qingdao,Iron Ore,3606.3,659.52,113.31,26.5,Moderate,2.4,2026,7,6,3
2023-11-27,Suezmax,162280,Ras Tanura,Singapore,Crude Oil,3808.7,677.36,95.54,37.72,Moderate,2.3,2023,11,0,4
2024-10-02,Suezmax,152191,Ras Tanura,Qingdao,Crude Oil,6337.7,628.0,116.77,42.06,Calm,3.3,2024,10,2,4
2024-12-07,Panamax,80124,Santos,Qingdao,Grain,11891.4,607.48,91.95,63.89,Calm,5.2,2024,12,5,4
2026-05-05,VLCC,285293,Ras Tanura,Qingdao,Crude Oil,6216.5,706.18,96.77,41.12,Moderate,7.7,2026,5,1,2
2025-05-04,Supramax,59867,Houston,Rotterdam,Refined Petroleum,4966.6,554.92,113.1,53.15,Calm,5.9,2025,5,6,2
2026-02-12,LNG Carrier,86494,Ras Laffan,Tokyo,LNG,6696.9,682.42,93.66,118.49,Moderate,9.0,2026,2,3,1
2025-06-25,Supramax,50638,Singapore,Dubai,Containerized Freight,3327.0,607.77,97.92,61.4,Monsoon/Tropical Cyclone,3.0,2025,6,2,2
2026-08-21,VLCC,287957,Ras Tanura,Qingdao,Crude Oil,6080.6,662.49,85.66,33.94,Calm,5.2,2026,8,4,3
2026-03-13,Capesize,168696,Santos,Qingdao,Iron Ore,11752.1,731.94,102.63,39.06,Moderate,0.5,2026,3,4,1
2023-12-24,LNG Carrier,93584,Ras Laffan,Tokyo,LNG,6529.6,676.99,89.41,109.89,Moderate,4.1,2023,12,6,4
2025-04-22,Capesize,195065,Richards Bay,Rotterdam,Thermal Coal,7015.5,540.76,99.81,28.28,Moderate,4.3,2025,4,1,2
2026-06-01,Capesize,177509,Port Hedland,Qingdao,Iron Ore,3682.2,685.09,103.35,25.06,Moderate,5.2,2026,6,0,2
2024-10-10,Panamax,65771,Richards Bay,Rotterdam,Thermal Coal,6985.2,644.16,94.06,59.83,Stormy,4.3,2024,10,3,4
2026-03-12,VLCC,304601,Ras Tanura,Qingdao,Crude Oil,6162.9,710.03,95.31,34.6,Moderate,4.2,2026,3,3,1
2026-08-20,LNG Carrier,71052,Dampier,Yokohama,LNG,3978.8,649.66,121.15,93.05,Calm,3.9,2026,8,3,3
2026-06-14,VLCC,292912,Ras Tanura,Qingdao,Crude Oil,6166.7,719.08,100.22,38.81,Calm,5.1,2026,6,6,2
2025-04-02,Capesize,202514,Dampier,Yokohama,LNG,3848.9,555.36,103.26,22.04,Rough Sea,1.1,2025,4,2,2
2025-02-11,Suezmax,160995,Houston,Rotterdam,Chemicals,4857.0,556.84,113.48,39.7,Calm,2.4,2025,2,1,1
2024-01-24,Suezmax,154320,Corpus Christi,Antwerp,Refined Petroleum,4825.8,680.52,109.7,43.4,Rough Sea,1.0,2024,1,2,1
2026-07-08,Supramax,55310,Santos,Rotterdam,Grain,5541.1,714.83,88.42,64.37,Calm,4.9,2026,7,2,3
2026-09-18,Handysize,28398,Singapore,Dubai,Chemicals,3331.9,645.66,123.19,68.57,Moderate,3.3,2026,9,4,3
2026-01-27,Container Post-Panamax,110692,Ningbo,Hamburg,Containerized Freight,10213.8,707.92,97.78,128.42,Moderate,0.5,2026,1,1,1
2025-08-24,Supramax,62178,Santos,Rotterdam,Bauxite,5479.8,640.14,96.25,55.91,Calm,1.3,2025,8,6,3
2025-08-06,Panamax,76323,Santos,Rotterdam,Bauxite,5497.0,599.69,112.16,46.65,Calm,0.5,2025,8,2,3
2025-05-07,Container Post-Panamax,117403,Singapore,Dubai,Containerized Freight,3374.0,532.22,99.82,63.48,Calm,1.5,2025,5,2,2
2024-02-16,Capesize,171841,Tubarao,Qingdao,Bauxite,11292.2,677.11,93.21,35.91,Calm,2.3,2024,2,4,1
2026-06-18,VLCC,310222,Ras Tanura,Singapore,Crude Oil,3687.2,700.96,91.64,25.78,Rough Sea,2.4,2026,6,3,2
2026-01-09,Handysize,31673,Singapore,Dubai,Chemicals,3456.8,677.7,90.57,59.75,Moderate,1.6,2026,1,4,1
2025-10-24,Container Post-Panamax,94626,Shanghai,Los Angeles,Containerized Freight,5674.9,611.47,118.25,98.09,Moderate,5.3,2025,10,4,4
2026-04-02,Capesize,182662,Port Hedland,Qingdao,Iron Ore,3699.5,755.49,111.35,23.9,Calm,0.5,2026,4,3,2
2025-12-03,Container Post-Panamax,102885,Ningbo,Hamburg,Containerized Freight,10332.5,697.94,82.32,124.04,Calm,3.5,2025,12,2,4
2025-02-14,Capesize,191965,Dampier,Yokohama,Iron Ore,3878.8,578.51,98.49,17.08,Calm,0.7,2025,2,4,1
2024-01-14,Panamax,83962,Newcastle,Mumbai,Thermal Coal,5744.1,661.95,80.03,38.67,Calm,1.7,2024,1,6,1
2024-05-13,VLCC,312357,Ras Tanura,Singapore,Crude Oil,3831.0,679.75,88.82,27.06,Moderate,3.8,2024,5,0,2
2025-07-01,Suezmax,161881,Corpus Christi,Antwerp,Crude Oil,5016.7,588.59,89.2,34.12,Calm,1.9,2025,7,1,3
2025-09-21,Capesize,187406,Newcastle,Mumbai,Thermal Coal,6013.5,659.73,116.47,33.62,Moderate,6.0,2025,9,6,3
2025-08-29,Capesize,182625,Richards Bay,Rotterdam,Thermal Coal,6934.4,624.86,104.79,35.2,Moderate,5.3,2025,8,4,3
2026-01-16,Capesize,188779,Newcastle,Mumbai,Thermal Coal,5783.2,689.98,86.55,24.65,Rough Sea,0.5,2026,1,4,1
2024-10-05,Capesize,181981,Dampier,Yokohama,Iron Ore,3984.2,616.24,112.8,29.63,Stormy,2.0,2024,10,5,4
2025-09-26,Supramax,55064,Houston,Rotterdam,Refined Petroleum,4907.6,638.1,102.54,68.76,Moderate,14.3,2025,9,4,3
2025-10-03,Container Post-Panamax,102284,Ningbo,Hamburg,Containerized Freight,10485.5,667.5,105.18,131.02,Moderate,2.9,2025,10,4,4
2025-12-24,Panamax,81256,Santos,Qingdao,Grain,11739.1,659.81,122.0,82.03,Rough Sea,4.5,2025,12,2,4
2026-06-29,Panamax,79028,Santos,Rotterdam,Bauxite,5421.2,689.74,122.84,67.77,Moderate,18.0,2026,6,0,2
2026-01-04,Supramax,61390,Houston,Rotterdam,Chemicals,4839.6,738.39,90.99,59.01,Calm,5.0,2026,1,6,1
2026-08-16,LNG Carrier,93112,Ras Laffan,Tokyo,LNG,6555.3,673.57,105.03,110.44,Calm,3.4,2026,8,6,3
2026-05-08,Panamax,74077,Richards Bay,Rotterdam,Thermal Coal,7269.0,709.06,100.16,52.12,Moderate,1.7,2026,5,4,2
2024-02-20,Panamax,75957,Richards Bay,Rotterdam,Thermal Coal,7054.5,745.42,88.5,55.5,Moderate,0.8,2024,2,1,1
2024-06-16,Container Post-Panamax,102522,Shanghai,Los Angeles,Containerized Freight,5652.1,706.57,97.47,101.24,Rough Sea,1.2,2024,6,6,2
2024-08-07,Panamax,66342,Richards Bay,Rotterdam,Thermal Coal,6952.0,685.59,95.06,52.43,Calm,4.2,2024,8,2,3
2025-02-27,Container Post-Panamax,127083,Ningbo,Hamburg,Containerized Freight,10282.4,562.11,86.63,121.78,Moderate,3.1,2025,2,3,1
2024-02-19,Capesize,195008,Santos,Qingdao,Grain,12123.5,707.05,80.0,36.24,Calm,7.6,2024,2,0,1
2025-11-11,Panamax,76361,Santos,Rotterdam,Grain,5311.2,673.3,111.85,46.08,Moderate,1.4,2025,11,1,4
2025-04-30,Container Post-Panamax,89846,Shanghai,Los Angeles,Containerized Freight,5834.5,588.24,106.57,112.29,Monsoon/Tropical Cyclone,2.4,2025,4,2,2
2025-01-27,Panamax,73769,Santos,Rotterdam,Bauxite,5476.5,583.12,101.45,51.17,Calm,8.4,2025,1,0,1
2024-02-01,Panamax,75891,Santos,Rotterdam,Bauxite,5406.5,743.72,93.88,48.4,Calm,3.9,2024,2,3,1
2025-08-25,Panamax,77232,Tubarao,Qingdao,Bauxite,11057.8,599.28,94.3,79.65,Monsoon/Tropical Cyclone,2.5,2025,8,0,3
2023-11-02,Supramax,51011,Houston,Rotterdam,Chemicals,4883.9,646.65,99.97,51.58,Calm,3.1,2023,11,3,4
2024-01-22,LNG Carrier,70281,Dampier,Yokohama,LNG,4016.0,721.72,111.24,92.81,Calm,6.0,2024,1,0,1
2024-12-20,Capesize,169554,Santos,Qingdao,Iron Ore,11750.9,576.21,93.31,34.0,Moderate,0.5,2024,12,4,4
2024-05-09,Suezmax,141864,Corpus Christi,Antwerp,Refined Petroleum,5031.5,708.71,109.71,47.57,Moderate,0.6,2024,5,3,2
2026-04-15,Handysize,26786,Singapore,Dubai,Chemicals,3361.3,732.03,119.79,79.44,Rough Sea,5.6,2026,4,2,2
2024-02-24,Suezmax,146556,Ras Tanura,Singapore,Crude Oil,3727.1,700.53,84.05,40.08,Moderate,10.6,2024,2,5,1
2023-12-13,Supramax,51485,Houston,Rotterdam,Crude Oil,4716.3,699.68,108.42,57.91,Calm,0.8,2023,12,2,4
2026-04-20,LNG Carrier,79868,Ras Laffan,Tokyo,LNG,6537.1,665.64,103.15,108.22,Calm,1.1,2026,4,0,2
2024-04-18,Capesize,166967,Port Hedland,Qingdao,Iron Ore,3638.5,731.54,111.12,30.98,Calm,6.1,2024,4,3,2
2024-03-08,Suezmax,135884,Houston,Rotterdam,Crude Oil,4831.9,706.04,110.22,52.15,Stormy,3.4,2024,3,4,1
2024-06-06,Panamax,76396,Newcastle,Mumbai,Thermal Coal,5967.8,714.21,117.1,53.62,Rough Sea,2.1,2024,6,3,2
2024-11-06,Container Post-Panamax,110161,Ningbo,Hamburg,Containerized Freight,10671.1,582.14,106.92,148.1,Stormy,2.3,2024,11,2,4
2025-08-09,Suezmax,154913,Corpus Christi,Antwerp,Refined Petroleum,4901.3,610.58,93.44,34.06,Calm,3.3,2025,8,5,3
2026-09-28,Container Post-Panamax,122734,Shanghai,Los Angeles,Containerized Freight,5846.4,643.22,117.15,103.34,Rough Sea,2.4,2026,9,0,3
2025-08-01,LNG Carrier,72115,Ras Laffan,Tokyo,LNG,6419.9,613.73,103.21,115.16,Calm,12.6,2025,8,4,3
2024-09-27,Supramax,53520,Santos,Rotterdam,Grain,5603.4,631.5,121.05,70.91,Moderate,7.8,2024,9,4,3
2024-09-29,LNG Carrier,77972,Dampier,Yokohama,Iron Ore,3873.7,640.28,109.5,89.1,Moderate,3.3,2024,9,6,3
2025-08-07,Capesize,179703,Port Hedland,Qingdao,Iron Ore,3595.3,605.99,92.77,21.4,Rough Sea,1.2,2025,8,3,3
2025-11-17,Container Post-Panamax,91368,Shanghai,Los Angeles,Containerized Freight,5601.7,677.54,102.73,92.34,Moderate,1.3,2025,11,0,4
2023-12-08,Aframax,105025,Houston,Rotterdam,Chemicals,4767.9,665.97,85.27,46.92,Calm,5.1,2023,12,4,4
2025-10-05,Supramax,60610,Singapore,Dubai,Containerized Freight,3375.5,641.59,111.49,49.4,Calm,3.2,2025,10,6,4
2025-11-27,Container Post-Panamax,131252,Shanghai,Los Angeles,Containerized Freight,5729.5,635.72,107.28,89.75,Calm,1.3,2025,11,3,4
2026-05-22,Container Post-Panamax,130796,Shanghai,Los Angeles,Containerized Freight,5712.4,740.49,85.53,86.66,Calm,1.4,2026,5,4,2
2025-08-27,Capesize,201638,Port Hedland,Qingdao,Iron Ore,3701.2,624.4,90.73,17.5,Calm,4.2,2025,8,2,3
2026-06-11,Capesize,196214,Port Hedland,Qingdao,Iron Ore,3714.9,747.44,104.5,29.34,Moderate,2.9,2026,6,3,2
2025-07-17,Handysize,37209,Singapore,Dubai,Containerized Freight,3308.4,596.71,98.39,55.71,Moderate,2.4,2025,7,3,3
2025-06-27,Panamax,67694,Santos,Qingdao,Iron Ore,11812.8,585.75,105.55,68.34,Calm,5.2,2025,6,4,2
2023-10-31,Container Post-Panamax,87451,Shanghai,Los Angeles,Containerized Freight,5769.6,643.22,98.59,111.47,Stormy,8.5,2023,10,1,4
2023-12-14,LNG Carrier,79846,Dampier,Yokohama,Iron Ore,3904.8,681.0,94.05,85.49,Moderate,1.2,2023,12,3,4
2024-09-14,Capesize,163239,Richards Bay,Rotterdam,Thermal Coal,7219.5,657.32,77.6,28.66,Calm,7.3,2024,9,5,3
2024-10-26,Capesize,166749,Port Hedland,Qingdao,Iron Ore,3720.6,600.55,99.59,22.33,Moderate,1.2,2024,10,5,4
2025-09-11,LNG Carrier,74677,Ras Laffan,Tokyo,LNG,6456.6,595.06,109.22,102.66,Calm,0.5,2025,9,3,3
2026-07-15,Aframax,118891,Corpus Christi,Antwerp,Refined Petroleum,5011.6,697.12,92.28,60.69,Monsoon/Tropical Cyclone,1.9,2026,7,2,3
2025-11-20,Capesize,175740,Tubarao,Qingdao,Iron Ore,10944.3,666.86,115.97,51.02,Stormy,4.6,2025,11,3,4
2026-09-01,Aframax,108193,Corpus Christi,Antwerp,Refined Petroleum,4993.2,688.24,113.59,52.85,Calm,0.5,2026,9,1,3
2025-06-08,Supramax,62098,Houston,Rotterdam,Refined Petroleum,4947.4,576.37,96.97,48.36,Calm,1.5,2025,6,6,2
2025-02-03,Container Post-Panamax,113395,Ningbo,Hamburg,Containerized Freight,10403.4,560.51,90.54,124.95,Calm,9.7,2025,2,0,1
2024-05-26,Capesize,184026,Port Hedland,Qingdao,Iron Ore,3745.0,720.63,112.06,28.63,Moderate,3.3,2024,5,6,2
2026-03-21,Suezmax,141654,Ras Tanura,Singapore,Crude Oil,3800.4,728.68,99.9,41.83,Moderate,5.6,2026,3,5,1
2024-10-01,Suezmax,142564,Ras Tanura,Qingdao,Crude Oil,6155.1,630.14,104.0,43.54,Moderate,0.5,2024,10,1,4
2024-12-05,VLCC,294411,Ras Tanura,Qingdao,Crude Oil,6213.1,572.01,89.73,24.47,Moderate,0.5,2024,12,3,4
2026-04-02,Container Post-Panamax,120785,Singapore,Dubai,Chemicals,3347.5,718.55,106.88,84.0,Moderate,4.0,2026,4,3,2
2026-04-29,Suezmax,156873,Ras Tanura,Singapore,Crude Oil,3736.7,737.86,97.62,35.39,Calm,1.8,2026,4,2,2
2024-06-14,Handysize,28224,Singapore,Dubai,Chemicals,3453.3,709.38,106.59,82.49,Monsoon/Tropical Cyclone,4.5,2024,6,4,2
2025-02-28,Supramax,52804,Santos,Rotterdam,Grain,5333.9,543.94,86.65,62.38,Rough Sea,9.6,2025,2,4,1
2023-10-03,Capesize,183711,Dampier,Yokohama,Iron Ore,3928.9,670.6,99.18,21.44,Rough Sea,2.5,2023,10,1,4
2026-07-06,Container Post-Panamax,132878,Singapore,Dubai,Chemicals,3429.0,690.11,105.68,83.6,Moderate,9.2,2026,7,0,3
2024-03-24,Suezmax,140133,Ras Tanura,Singapore,Crude Oil,3683.4,709.96,97.58,35.74,Calm,0.5,2024,3,6,1
2024-06-24,Capesize,177926,Tubarao,Qingdao,Iron Ore,10877.9,647.49,83.4,33.7,Calm,3.5,2024,6,0,2
2025-03-05,Capesize,183224,Newcastle,Mumbai,Thermal Coal,6009.9,569.26,85.26,20.02,Calm,2.0,2025,3,2,1
2023-11-14,Capesize,163513,Dampier,Yokohama,LNG,3951.0,688.82,116.06,33.05,Rough Sea,7.5,2023,11,1,4
2026-04-23,Container Post-Panamax,126978,Shanghai,Los Angeles,Containerized Freight,5767.8,701.04,103.56,90.78,Calm,1.4,2026,4,3,2
2025-09-16,VLCC,309200,Ras Tanura,Qingdao,Crude Oil,6428.6,687.23,92.31,28.73,Calm,5.7,2025,9,1,3
2023-12-01,Panamax,84139,Tubarao,Qingdao,Bauxite,11532.4,667.05,98.13,75.83,Moderate,8.1,2023,12,4,4
2025-11-01,VLCC,291330,Ras Tanura,Qingdao,Crude Oil,6290.5,644.2,109.92,35.23,Moderate,5.4,2025,11,5,4
2024-11-08,Aframax,108386,Corpus Christi,Antwerp,Crude Oil,5047.0,595.96,114.38,62.66,Stormy,2.2,2024,11,4,4
2026-02-18,Aframax,92685,Houston,Rotterdam,Crude Oil,4820.1,719.09,86.97,56.09,Moderate,11.3,2026,2,2,1
2024-09-01,Suezmax,132076,Ras Tanura,Singapore,Crude Oil,3767.8,683.29,112.76,42.39,Calm,6.6,2024,9,6,3
2023-12-02,VLCC,305075,Ras Tanura,Qingdao,Crude Oil,6160.4,683.96,98.63,30.37,Calm,0.5,2023,12,5,4
2024-11-23,Container Post-Panamax,123832,Shanghai,Los Angeles,Containerized Freight,5771.2,577.48,103.14,87.32,Calm,1.5,2024,11,5,4
2025-03-14,Capesize,209661,Dampier,Yokohama,Iron Ore,3895.5,606.1,87.39,17.88,Calm,4.0,2025,3,4,1
2024-03-09,Capesize,178721,Newcastle,Mumbai,Thermal Coal,5967.3,694.46,104.77,33.76,Rough Sea,3.7,2024,3,5,1
2025-06-16,Supramax,56856,Houston,Rotterdam,Crude Oil,4860.8,613.5,70.33,54.61,Rough Sea,4.9,2025,6,0,2
2025-09-26,Suezmax,143780,Corpus Christi,Antwerp,Refined Petroleum,5011.5,653.48,111.63,39.97,Moderate,1.8,2025,9,4,3
2025-03-12,Suezmax,152177,Ras Tanura,Singapore,Crude Oil,3810.7,562.12,111.96,38.82,Stormy,1.7,2025,3,2,1
2024-04-14,Panamax,67660,Tubarao,Qingdao,Bauxite,10961.7,722.0,97.85,74.56,Calm,9.0,2024,4,6,2
2026-09-05,Capesize,183024,Port Hedland,Qingdao,Iron Ore,3747.3,654.38,102.81,24.7,Moderate,0.8,2026,9,5,3
2024-01-21,Suezmax,163825,Ras Tanura,Qingdao,Crude Oil,6256.8,728.19,96.84,49.76,Calm,5.8,2024,1,6,1
2025-10-08,Panamax,81003,Santos,Qingdao,Iron Ore,11698.9,665.14,81.25,65.19,Calm,1.2,2025,10,2,4
2024-10-25,Suezmax,150971,Ras Tanura,Singapore,Crude Oil,3625.4,622.38,122.43,39.38,Moderate,4.2,2024,10,4,4
2024-05-23,Container Post-Panamax,100063,Shanghai,Los Angeles,Containerized Freight,5817.8,689.56,100.04,102.14,Moderate,8.1,2024,5,3,2
2026-09-03,Aframax,119055,Houston,Rotterdam,Refined Petroleum,4942.6,629.27,105.82,48.94,Calm,1.8,2026,9,3,3
2023-10-20,Panamax,65520,Santos,Rotterdam,Bauxite,5432.8,648.2,89.08,58.9,Monsoon/Tropical Cyclone,4.0,2023,10,4,4
2025-11-15,Supramax,58149,Singapore,Dubai,Chemicals,3442.1,713.34,112.13,57.39,Rough Sea,1.0,2025,11,5,4
2023-11-12,LNG Carrier,78324,Ras Laffan,Tokyo,LNG,6587.5,659.59,97.43,107.72,Moderate,1.5,2023,11,6,4
2025-08-04,Supramax,54789,Santos,Rotterdam,Bauxite,5475.6,625.88,95.28,59.54,Calm,5.9,2025,8,0,3
2025-08-22,Capesize,206803,Santos,Qingdao,Iron Ore,11762.4,635.64,113.62,41.61,Calm,2.3,2025,8,4,3
2024-08-27,Panamax,83932,Santos,Qingdao,Grain,12035.7,665.87,99.89,81.99,Stormy,5.4,2024,8,1,3
2025-03-05,VLCC,291557,Ras Tanura,Singapore,Crude Oil,3766.6,556.45,107.8,31.47,Moderate,6.1,2025,3,2,1
2023-12-18,Container Post-Panamax,120922,Ningbo,Hamburg,Containerized Freight,10210.3,703.35,103.49,134.24,Moderate,7.2,2023,12,0,4
2025-11-20,Container Post-Panamax,104753,Ningbo,Hamburg,Containerized Freight,10614.0,673.9,113.58,137.59,Moderate,6.0,2025,11,3,4
2024-11-17,Supramax,58845,Santos,Rotterdam,Grain,5584.3,610.68,113.51,56.67,Calm,4.2,2024,11,6,4
2026-02-25,Capesize,205436,Dampier,Yokohama,LNG,3992.6,669.78,107.58,26.49,Moderate,2.1,2026,2,2,1
2023-11-06,Suezmax,141813,Ras Tanura,Singapore,Crude Oil,3667.0,675.83,109.47,38.36,Calm,4.7,2023,11,0,4
2025-03-21,Supramax,54910,Santos,Rotterdam,Bauxite,5446.1,586.11,109.75,55.73,Calm,1.4,2025,3,4,1
2024-06-23,Capesize,179046,Tubarao,Qingdao,Bauxite,10907.3,687.16,92.4,31.96,Calm,4.2,2024,6,6,2
2024-05-07,VLCC,316086,Ras Tanura,Singapore,Crude Oil,3708.2,680.71,97.46,30.61,Moderate,6.7,2024,5,1,2
2026-09-25,LNG Carrier,70495,Ras Laffan,Tokyo,LNG,6534.1,655.38,123.35,110.57,Calm,3.1,2026,9,4,3
2024-10-22,Suezmax,162270,Corpus Christi,Antwerp,Refined Petroleum,4797.7,630.47,97.66,36.28,Calm,1.3,2024,10,1,4
2024-11-14,Supramax,61917,Houston,Rotterdam,Refined Petroleum,4974.8,569.51,105.6,49.83,Calm,0.7,2024,11,3,4
2024-02-23,Supramax,52026,Singapore,Dubai,Containerized Freight,3435.2,730.92,88.85,58.75,Stormy,2.8,2024,2,4,1
2024-03-28,Capesize,164307,Dampier,Yokohama,Iron Ore,4004.0,741.4,104.42,25.15,Calm,2.0,2024,3,3,1
2025-12-03,Container Post-Panamax,117148,Ningbo,Hamburg,Containerized Freight,10192.5,690.46,115.65,130.63,Calm,2.9,2025,12,2,4
2025-01-06,Capesize,192866,Port Hedland,Qingdao,Iron Ore,3613.9,572.4,93.32,15.03,Calm,3.0,2025,1,0,1
2026-02-14,VLCC,301637,Ras Tanura,Qingdao,Crude Oil,6238.7,670.17,100.84,27.72,Calm,1.6,2026,2,5,1
2025-04-02,LNG Carrier,93354,Dampier,Yokohama,LNG,4066.5,595.64,96.44,80.77,Moderate,0.5,2025,4,2,2
2025-12-15,Supramax,62084,Santos,Rotterdam,Grain,5323.9,692.5,106.61,57.84,Calm,2.8,2025,12,0,4
2023-12-01,VLCC,301103,Ras Tanura,Qingdao,Crude Oil,6247.6,665.91,100.66,28.48,Moderate,2.2,2023,12,4,4
2024-01-15,Capesize,190530,Dampier,Yokohama,Iron Ore,3887.1,669.05,98.28,23.92,Monsoon/Tropical Cyclone,2.6,2024,1,0,1
2023-10-04,LNG Carrier,76231,Dampier,Yokohama,Iron Ore,4028.3,664.85,93.37,84.32,Calm,0.5,2023,10,2,4
2024-01-15,Panamax,66577,Tubarao,Qingdao,Iron Ore,10937.2,678.21,107.51,73.56,Moderate,8.4,2024,1,0,1
2023-10-25,Supramax,61119,Santos,Rotterdam,Bauxite,5413.2,653.31,107.03,56.34,Moderate,0.5,2023,10,2,4
2023-11-25,Supramax,62170,Houston,Rotterdam,Refined Petroleum,4959.9,658.15,123.94,61.9,Moderate,5.7,2023,11,5,4
2024-06-30,Container Post-Panamax,126947,Shanghai,Los Angeles,Containerized Freight,5563.8,695.57,98.07,86.96,Calm,2.0,2024,6,6,2
2026-04-13,Panamax,67709,Newcastle,Mumbai,Thermal Coal,5756.9,692.84,104.33,55.24,Moderate,5.8,2026,4,0,2
2024-10-19,Aframax,110294,Houston,Rotterdam,Refined Petroleum,4715.6,614.05,95.0,51.46,Moderate,3.6,2024,10,5,4
2024-12-16,Capesize,171117,Port Hedland,Qingdao,Iron Ore,3551.2,581.84,80.37,23.72,Stormy,7.8,2024,12,0,4
2025-05-22,Aframax,116022,Houston,Rotterdam,Chemicals,4896.6,585.06,86.71,54.87,Stormy,6.8,2025,5,3,2
2023-12-05,Capesize,205531,Richards Bay,Rotterdam,Thermal Coal,7117.8,663.84,100.53,30.47,Moderate,1.7,2023,12,1,4
2024-09-22,Supramax,56049,Houston,Rotterdam,Refined Petroleum,4757.9,669.39,105.7,71.72,Stormy,5.6,2024,9,6,3
2025-11-03,Suezmax,148065,Ras Tanura,Singapore,Crude Oil,3613.4,663.74,105.12,49.89,Stormy,6.8,2025,11,0,4
2024-05-21,LNG Carrier,92916,Ras Laffan,Tokyo,LNG,6516.2,713.21,85.16,107.91,Calm,3.3,2024,5,1,2
2024-05-07,LNG Carrier,73830,Ras Laffan,Tokyo,LNG,6564.9,718.28,101.46,117.72,Rough Sea,2.3,2024,5,1,2
2023-12-14,Panamax,81156,Richards Bay,Rotterdam,Thermal Coal,7275.5,644.22,104.58,60.55,Rough Sea,5.2,2023,12,3,4
2025-08-05,Capesize,169003,Dampier,Yokohama,LNG,4014.8,623.29,110.04,22.77,Moderate,2.5,2025,8,1,3
2026-07-12,Panamax,67694,Santos,Rotterdam,Grain,5485.1,658.19,106.71,48.62,Calm,4.5,2026,7,6,3
2026-08-28,Suezmax,146811,Ras Tanura,Qingdao,Crude Oil,6068.5,679.82,107.29,54.83,Calm,10.5,2026,8,4,3
2023-10-14,Panamax,75147,Tubarao,Qingdao,Bauxite,10911.8,677.56,116.46,87.22,Stormy,4.7,2023,10,5,4
2024-09-09,Container Post-Panamax,92132,Ningbo,Hamburg,Containerized Freight,10374.8,658.92,100.73,137.64,Rough Sea,4.1,2024,9,0,3
2024-04-14,Supramax,57015,Santos,Rotterdam,Grain,5523.9,727.39,114.75,65.18,Moderate,0.5,2024,4,6,2
2023-10-13,LNG Carrier,83236,Dampier,Yokohama,Iron Ore,3934.1,644.73,98.55,87.36,Moderate,1.4,2023,10,4,4
2025-11-15,Aframax,105393,Corpus Christi,Antwerp,Crude Oil,4792.6,672.23,131.54,62.32,Calm,8.3,2025,11,5,4
2024-09-27,Container Post-Panamax,93483,Ningbo,Hamburg,Containerized Freight,10375.4,665.69,89.29,124.75,Calm,2.5,2024,9,4,3
2024-01-17,Capesize,181383,Port Hedland,Qingdao,Iron Ore,3714.3,698.44,90.47,21.27,Moderate,3.4,2024,1,2,1
2026-02-11,Panamax,69497,Santos,Rotterdam,Bauxite,5386.2,726.64,83.71,50.01,Calm,5.4,2026,2,2,1
2025-10-14,Aframax,110428,Houston,Rotterdam,Crude Oil,4953.8,655.22,107.02,62.76,Rough Sea,4.3,2025,10,1,4
2024-05-10,LNG Carrier,90985,Ras Laffan,Tokyo,LNG,6563.7,720.18,95.24,111.1,Moderate,0.5,2024,5,4,2
2025-09-04,Supramax,55937,Santos,Rotterdam,Grain,5512.6,585.88,121.42,68.17,Rough Sea,6.7,2025,9,3,3
2023-10-02,Capesize,202373,Newcastle,Mumbai,Thermal Coal,5798.4,637.52,109.02,24.66,Calm,1.2,2023,10,0,4
2026-03-03,Capesize,188782,Port Hedland,Qingdao,Iron Ore,3579.1,698.58,91.99,19.72,Calm,0.6,2026,3,1,1
2025-08-01,LNG Carrier,73336,Ras Laffan,Tokyo,LNG,6614.1,581.09,117.9,115.04,Moderate,3.4,2025,8,4,3
2024-08-04,Panamax,71445,Richards Bay,Rotterdam,Thermal Coal,7300.7,671.09,98.55,57.42,Moderate,2.6,2024,8,6,3
2026-09-11,Container Post-Panamax,126172,Ningbo,Hamburg,Containerized Freight,10205.5,624.6,119.75,126.85,Calm,3.3,2026,9,4,3
2024-09-19,Panamax,75578,Santos,Rotterdam,Grain,5328.1,640.98,131.27,64.46,Rough Sea,8.5,2024,9,3,3
2026-08-02,Capesize,163270,Port Hedland,Qingdao,Iron Ore,3626.1,610.67,95.81,22.46,Calm,3.3,2026,8,6,3
2024-11-29,VLCC,297886,Ras Tanura,Singapore,Crude Oil,3792.4,605.73,106.6,24.97,Calm,0.5,2024,11,4,4
2023-10-26,Capesize,192979,Newcastle,Mumbai,Thermal Coal,5886.9,678.47,99.85,31.08,Moderate,6.4,2023,10,3,4
2024-01-01,Panamax,71686,Santos,Qingdao,Iron Ore,11699.8,698.45,96.33,74.43,Moderate,3.4,2024,1,0,1
2024-10-30,Container Post-Panamax,102672,Shanghai,Los Angeles,Containerized Freight,5715.7,620.47,107.37,88.46,Calm,2.8,2024,10,2,4
2026-05-24,Supramax,57213,Houston,Rotterdam,Refined Petroleum,4932.8,686.55,112.66,58.06,Calm,2.4,2026,5,6,2
2024-05-20,Panamax,67177,Richards Bay,Rotterdam,Thermal Coal,7055.1,693.88,90.59,47.25,Calm,0.5,2024,5,0,2
2025-05-26,Aframax,105235,Houston,Rotterdam,Refined Petroleum,4767.1,534.78,91.33,42.12,Calm,2.5,2025,5,0,2
2025-08-13,Panamax,65338,Santos,Qingdao,Grain,11856.7,604.95,119.21,80.39,Moderate,5.8,2025,8,2,3
2026-04-05,Suezmax,155338,Ras Tanura,Qingdao,Crude Oil,6246.1,726.3,106.96,44.79,Moderate,1.1,2026,4,6,2
2026-05-12,LNG Carrier,75810,Dampier,Yokohama,Iron Ore,3948.6,669.74,85.54,81.08,Calm,2.7,2026,5,1,2
2026-04-15,Capesize,164467,Newcastle,Mumbai,Thermal Coal,5980.3,721.06,89.31,25.29,Moderate,0.9,2026,4,2,2
2025-01-13,Capesize,161300,Newcastle,Mumbai,Thermal Coal,5911.5,535.29,92.67,22.82,Calm,1.0,2025,1,0,1
2024-12-02,LNG Carrier,82245,Ras Laffan,Tokyo,LNG,6684.1,553.3,108.61,103.17,Calm,5.1,2024,12,0,4
2023-12-09,Capesize,201353,Dampier,Yokohama,LNG,3866.1,656.34,116.91,25.46,Calm,2.7,2023,12,5,4
2026-09-22,Suezmax,164421,Ras Tanura,Singapore,Crude Oil,3724.3,637.3,109.07,38.77,Calm,3.1,2026,9,1,3
2026-09-29,LNG Carrier,83740,Dampier,Yokohama,LNG,4043.5,617.79,115.24,92.44,Moderate,2.9,2026,9,1,3
2023-10-15,Capesize,193161,Santos,Qingdao,Grain,11544.3,708.54,93.96,32.21,Calm,2.9,2023,10,6,4
2025-10-04,LNG Carrier,90215,Ras Laffan,Tokyo,LNG,6529.1,651.34,108.86,104.58,Calm,1.8,2025,10,5,4
2026-06-15,Suezmax,149420,Corpus Christi,Antwerp,Crude Oil,4896.4,689.61,100.24,45.88,Stormy,2.2,2026,6,0,2
2026-09-26,Container Post-Panamax,105089,Ningbo,Hamburg,Containerized Freight,10751.5,645.75,104.13,128.76,Calm,0.5,2026,9,5,3
2026-06-09,Container Post-Panamax,93453,Ningbo,Hamburg,Containerized Freight,10227.2,706.21,93.67,122.97,Calm,1.6,2026,6,1,2
2024-04-20,LNG Carrier,93785,Dampier,Yokohama,Iron Ore,4006.6,720.5,97.71,87.89,Calm,3.0,2024,4,5,2
2024-05-02,Suezmax,146470,Ras Tanura,Qingdao,Crude Oil,6296.2,670.7,85.52,38.19,Moderate,2.6,2024,5,3,2
2024-10-01,VLCC,283823,Ras Tanura,Singapore,Crude Oil,3710.3,649.9,94.85,27.24,Moderate,2.4,2024,10,1,4
2023-12-02,Aframax,109938,Corpus Christi,Antwerp,Crude Oil,4975.6,696.83,96.6,64.57,Monsoon/Tropical Cyclone,2.5,2023,12,5,4
2026-01-29,Supramax,61055,Santos,Rotterdam,Bauxite,5319.7,720.98,92.02,55.31,Calm,0.5,2026,1,3,1
2024-08-30,Suezmax,157239,Ras Tanura,Qingdao,Crude Oil,6219.1,640.04,99.81,41.4,Moderate,1.2,2024,8,4,3
2025-02-15,Panamax,66608,Richards Bay,Rotterdam,Thermal Coal,6889.9,577.82,97.32,53.22,Moderate,3.7,2025,2,5,1
2025-06-20,Panamax,68460,Santos,Rotterdam,Grain,5605.6,583.69,108.83,50.11,Stormy,1.8,2025,6,4,2
2025-08-03,Container Post-Panamax,96737,Singapore,Dubai,Steel Coils,3299.0,585.02,97.28,73.83,Moderate,6.3,2025,8,6,3
2024-01-22,LNG Carrier,81319,Dampier,Yokohama,LNG,3996.3,727.23,97.73,87.15,Calm,0.5,2024,1,0,1
2025-09-02,Capesize,178126,Newcastle,Mumbai,Thermal Coal,6012.5,636.79,103.76,21.46,Calm,2.8,2025,9,1,3
2024-11-14,Suezmax,151733,Ras Tanura,Qingdao,Crude Oil,6214.8,604.81,101.92,45.61,Rough Sea,1.1,2024,11,3,4
2024-01-31,Capesize,191809,Dampier,Yokohama,LNG,3963.3,702.27,95.3,21.65,Moderate,1.9,2024,1,2,1
2024-10-18,Panamax,76299,Richards Bay,Rotterdam,Thermal Coal,7035.6,568.83,111.13,49.99,Calm,1.6,2024,10,4,4
2024-11-19,LNG Carrier,72025,Ras Laffan,Tokyo,LNG,6641.5,613.97,109.25,113.61,Calm,6.0,2024,11,1,4
2025-07-03,Container Post-Panamax,93824,Ningbo,Hamburg,Containerized Freight,10522.6,588.76,96.65,127.23,Moderate,5.9,2025,7,3,3
2026-06-16,Capesize,189398,Richards Bay,Rotterdam,Thermal Coal,7207.3,691.84,97.73,29.33,Rough Sea,0.5,2026,6,1,2
2025-09-27,Handysize,28116,Singapore,Dubai,Chemicals,3473.8,624.71,106.99,70.2,Rough Sea,6.7,2025,9,5,3
2025-04-30,VLCC,301024,Ras Tanura,Qingdao,Crude Oil,6262.8,572.39,90.47,25.78,Calm,1.9,2025,4,2,2
2024-04-03,Panamax,83440,Newcastle,Mumbai,Thermal Coal,5942.1,704.76,114.6,49.07,Calm,2.2,2024,4,2,2
2024-11-10,Container Post-Panamax,110239,Singapore,Dubai,Chemicals,3299.4,629.31,116.04,92.26,Stormy,8.5,2024,11,6,4
2026-09-05,Suezmax,138431,Houston,Rotterdam,Chemicals,4830.1,684.88,106.96,40.73,Moderate,0.9,2026,9,5,3
2025-10-02,Container Post-Panamax,91171,Ningbo,Hamburg,Containerized Freight,10524.9,666.01,103.22,123.44,Calm,1.7,2025,10,3,4
2026-09-30,Container Post-Panamax,107915,Ningbo,Hamburg,Containerized Freight,10298.7,635.06,95.94,119.41,Calm,1.6,2026,9,2,3
2024-01-02,Supramax,59642,Houston,Rotterdam,Chemicals,4796.4,644.17,110.65,62.45,Calm,8.0,2024,1,1,1
2024-09-11,Supramax,58896,Santos,Rotterdam,Bauxite,5511.7,656.76,114.38,61.2,Moderate,6.9,2024,9,2,3
2024-05-14,Suezmax,134538,Corpus Christi,Antwerp,Crude Oil,4937.2,706.84,107.06,49.65,Rough Sea,3.4,2024,5,1,2
2024-11-09,Handysize,37099,Singapore,Dubai,Steel Coils,3421.8,619.66,115.53,66.7,Moderate,4.8,2024,11,5,4
2024-01-19,Panamax,73011,Tubarao,Qingdao,Bauxite,11059.8,721.19,95.36,75.45,Calm,10.4,2024,1,4,1
2025-12-31,Container Post-Panamax,114546,Singapore,Dubai,Chemicals,3493.5,671.62,79.6,87.74,Stormy,7.6,2025,12,2,4
2025-06-16,Container Post-Panamax,116336,Ningbo,Hamburg,Containerized Freight,10699.3,589.86,102.52,132.64,Rough Sea,2.4,2025,6,0,2
2024-04-11,Suezmax,163597,Corpus Christi,Antwerp,Refined Petroleum,4833.8,708.9,115.47,46.45,Moderate,3.1,2024,4,3,2
2025-01-14,LNG Carrier,86371,Ras Laffan,Tokyo,LNG,6600.7,607.42,116.21,113.44,Moderate,3.8,2025,1,1,1
2025-09-13,Panamax,74277,Tubarao,Qingdao,Iron Ore,11286.3,616.82,113.89,79.53,Rough Sea,5.9,2025,9,5,3
2025-01-07,Suezmax,146927,Ras Tanura,Singapore,Crude Oil,3828.1,576.26,75.41,25.44,Rough Sea,0.5,2025,1,1,1
2024-01-24,Capesize,162806,Dampier,Yokohama,Iron Ore,4045.5,704.25,106.29,25.13,Calm,3.5,2024,1,2,1
2024-08-25,Suezmax,159592,Ras Tanura,Singapore,Crude Oil,3820.6,657.43,105.95,44.66,Monsoon/Tropical Cyclone,2.0,2024,8,6,3
2024-12-01,Container Post-Panamax,99519,Shanghai,Los Angeles,Containerized Freight,5551.5,591.69,105.18,92.21,Moderate,2.2,2024,12,6,4
2025-06-20,Capesize,200797,Richards Bay,Rotterdam,Thermal Coal,6968.6,587.27,107.0,27.77,Calm,0.5,2025,6,4,2
2024-09-16,Capesize,184726,Richards Bay,Rotterdam,Thermal Coal,7010.0,643.67,115.18,36.38,Stormy,3.8,2024,9,0,3
2024-09-24,Container Post-Panamax,85140,Ningbo,Hamburg,Containerized Freight,10241.5,598.01,109.91,122.74,Moderate,0.9,2024,9,1,3
2024-04-27,Container Post-Panamax,117355,Ningbo,Hamburg,Containerized Freight,10251.4,720.7,106.01,127.92,Calm,2.2,2024,4,5,2
2026-08-18,Capesize,208690,Newcastle,Mumbai,Thermal Coal,5988.2,696.34,103.8,24.82,Moderate,0.5,2026,8,1,3
2024-02-05,VLCC,293593,Ras Tanura,Qingdao,Crude Oil,6308.5,743.23,93.05,31.86,Calm,0.5,2024,2,0,1
2024-08-19,Suezmax,164820,Ras Tanura,Singapore,Crude Oil,3608.6,633.82,105.51,42.55,Rough Sea,7.0,2024,8,0,3
2024-10-15,Suezmax,158943,Ras Tanura,Qingdao,Crude Oil,6397.3,625.21,106.4,46.23,Moderate,5.3,2024,10,1,4
2023-10-07,Capesize,172028,Tubarao,Qingdao,Bauxite,11408.3,601.65,123.71,42.73,Moderate,3.0,2023,10,5,4
2025-09-23,Capesize,201676,Richards Bay,Rotterdam,Thermal Coal,7186.2,638.46,117.54,33.17,Calm,2.8,2025,9,1,3
2026-08-03,LNG Carrier,71831,Ras Laffan,Tokyo,LNG,6712.0,690.27,93.01,105.27,Calm,0.5,2026,8,0,3
2024-10-16,Suezmax,161900,Corpus Christi,Antwerp,Refined Petroleum,4794.2,613.16,93.36,39.2,Moderate,4.0,2024,10,2,4
2026-02-08,Capesize,185063,Newcastle,Mumbai,Thermal Coal,5884.0,641.39,88.97,23.7,Rough Sea,0.9,2026,2,6,1
2026-03-21,Capesize,202028,Dampier,Yokohama,Iron Ore,4030.1,738.22,99.04,34.22,Monsoon/Tropical Cyclone,1.8,2026,3,5,1
2026-07-07,Container Post-Panamax,112561,Shanghai,Los Angeles,Containerized Freight,5728.6,692.26,98.95,100.68,Rough Sea,0.5,2026,7,1,3
2024-06-30,Capesize,170646,Tubarao,Qingdao,Bauxite,10942.3,683.27,109.64,38.04,Calm,3.7,2024,6,6,2
2025-04-14,Suezmax,135780,Ras Tanura,Singapore,Crude Oil,3684.7,572.08,83.82,36.91,Moderate,5.4,2025,4,0,2
2025-05-18,Suezmax,147808,Ras Tanura,Singapore,Crude Oil,3781.4,614.56,107.06,41.88,Rough Sea,4.2,2025,5,6,2
2025-03-24,Container Post-Panamax,118973,Shanghai,Los Angeles,Containerized Freight,5797.3,563.02,95.42,91.27,Moderate,1.3,2025,3,0,1
2026-04-17,Container Post-Panamax,122232,Ningbo,Hamburg,Containerized Freight,10201.2,732.27,101.68,134.22,Rough Sea,0.5,2026,4,4,2
2023-12-22,Aframax,83223,Corpus Christi,Antwerp,Crude Oil,4816.7,675.68,120.76,59.79,Calm,7.3,2023,12,4,4
2025-03-22,VLCC,317957,Ras Tanura,Qingdao,Crude Oil,6314.4,570.61,81.88,28.07,Moderate,4.7,2025,3,5,1
2025-12-31,Suezmax,136278,Houston,Rotterdam,Refined Petroleum,4787.1,673.26,90.18,36.74,Calm,2.8,2025,12,2,4
2024-06-23,Capesize,185836,Port Hedland,Qingdao,Iron Ore,3631.7,692.79,106.59,27.36,Moderate,3.9,2024,6,6,2
2025-09-03,Container Post-Panamax,82559,Ningbo,Hamburg,Containerized Freight,10732.7,601.09,86.0,121.6,Moderate,0.9,2025,9,2,3
2025-02-25,Capesize,171289,Santos,Qingdao,Grain,11553.0,558.11,88.09,28.0,Calm,1.0,2025,2,1,1
2026-03-21,Container Post-Panamax,95660,Shanghai,Los Angeles,Containerized Freight,5644.9,724.81,97.72,99.29,Rough Sea,0.6,2026,3,5,1
2024-08-08,VLCC,283712,Ras Tanura,Singapore,Crude Oil,3701.9,665.71,94.2,30.29,Rough Sea,6.6,2024,8,3,3
2026-03-08,Aframax,116386,Corpus Christi,Antwerp,Crude Oil,4827.5,728.07,95.15,60.8,Stormy,3.0,2026,3,6,1
2024-01-31,Capesize,171121,Port Hedland,Qingdao,Iron Ore,3611.6,717.58,91.98,35.97,Calm,18.0,2024,1,2,1
2026-01-06,Container Post-Panamax,124480,Shanghai,Los Angeles,Containerized Freight,5568.8,671.71,81.59,99.5,Stormy,1.9,2026,1,1,1
2024-02-23,Capesize,172049,Port Hedland,Qingdao,Iron Ore,3572.1,707.94,102.86,31.42,Calm,5.9,2024,2,4,1
2026-07-11,Capesize,160405,Richards Bay,Rotterdam,Thermal Coal,6932.6,697.45,109.01,37.72,Rough Sea,9.2,2026,7,5,3
2025-11-20,Supramax,55731,Santos,Rotterdam,Bauxite,5386.7,685.45,98.0,72.28,Moderate,11.7,2025,11,3,4
2023-11-01,Panamax,66800,Newcastle,Mumbai,Thermal Coal,5753.7,636.18,117.8,49.73,Moderate,4.8,2023,11,2,4
2025-04-19,Container Post-Panamax,119266,Shanghai,Los Angeles,Containerized Freight,5562.9,577.11,105.44,89.07,Moderate,2.3,2025,4,5,2
2024-06-26,VLCC,312548,Ras Tanura,Singapore,Crude Oil,3755.1,671.47,118.68,42.34,Calm,18.0,2024,6,2,2
2023-12-08,Panamax,71514,Santos,Qingdao,Grain,11467.2,697.41,80.31,65.09,Moderate,4.5,2023,12,4,4
2024-03-13,LNG Carrier,76117,Ras Laffan,Tokyo,LNG,6488.2,709.44,81.47,104.45,Calm,1.1,2024,3,2,1
2025-05-19,Capesize,208415,Santos,Qingdao,Grain,12147.3,556.04,95.18,37.24,Calm,1.4,2025,5,0,2
2025-05-28,Capesize,174393,Richards Bay,Rotterdam,Thermal Coal,7268.0,593.01,103.41,29.42,Moderate,2.5,2025,5,2,2
2024-01-26,Aframax,103905,Corpus Christi,Antwerp,Refined Petroleum,5007.6,700.42,110.04,51.9,Calm,2.2,2024,1,4,1
2025-02-22,VLCC,307450,Ras Tanura,Qingdao,Crude Oil,6091.1,594.61,88.18,35.79,Stormy,4.4,2025,2,5,1
2026-05-24,Capesize,165880,Port Hedland,Qingdao,Iron Ore,3713.5,709.93,107.59,24.98,Calm,0.9,2026,5,6,2
2024-05-22,LNG Carrier,90719,Dampier,Yokohama,Iron Ore,3960.2,701.82,99.4,89.02,Moderate,3.3,2024,5,2,2
2024-02-09,VLCC,297885,Ras Tanura,Qingdao,Crude Oil,6393.8,688.77,93.48,35.71,Moderate,5.3,2024,2,4,1
2025-05-18,Capesize,173906,Newcastle,Mumbai,Thermal Coal,5730.5,555.67,86.32,24.94,Rough Sea,2.7,2025,5,6,2
2023-11-04,LNG Carrier,89640,Ras Laffan,Tokyo,LNG,6432.2,658.34,101.06,102.29,Calm,0.7,2023,11,5,4
2024-06-28,LNG Carrier,71112,Ras Laffan,Tokyo,LNG,6647.9,674.83,114.09,113.24,Calm,3.2,2024,6,4,2
2024-12-25,Supramax,55367,Santos,Rotterdam,Grain,5427.8,595.54,113.04,65.9,Stormy,2.2,2024,12,2,4
2024-11-26,Panamax,76561,Tubarao,Qingdao,Iron Ore,11017.0,654.08,106.25,79.29,Stormy,3.2,2024,11,1,4
2026-07-06,VLCC,318368,Ras Tanura,Qingdao,Crude Oil,6229.1,700.36,90.47,31.38,Rough Sea,1.0,2026,7,0,3
2024-08-04,VLCC,315992,Ras Tanura,Qingdao,Crude Oil,6268.0,675.99,124.01,51.06,Moderate,11.4,2024,8,6,3
2026-07-03,Panamax,69487,Tubarao,Qingdao,Iron Ore,11405.1,667.11,105.26,73.9,Moderate,1.6,2026,7,4,3
2025-04-27,Panamax,75059,Santos,Qingdao,Iron Ore,11484.5,576.18,101.42,63.21,Moderate,1.7,2025,4,6,2
2024-08-15,Suezmax,141917,Corpus Christi,Antwerp,Refined Petroleum,4994.5,659.52,80.5,32.6,Calm,1.2,2024,8,3,3
2023-12-06,Supramax,59727,Santos,Rotterdam,Bauxite,5395.1,641.35,109.65,52.28,Calm,0.5,2023,12,2,4
2026-06-04,Suezmax,151864,Ras Tanura,Qingdao,Crude Oil,6349.2,692.4,104.08,51.63,Rough Sea,7.0,2026,6,3,2
2025-03-21,VLCC,302869,Ras Tanura,Qingdao,Crude Oil,6307.2,588.09,103.92,35.6,Rough Sea,4.9,2025,3,4,1
2024-07-04,Container Post-Panamax,96524,Ningbo,Hamburg,Containerized Freight,10407.5,688.48,117.66,134.77,Moderate,2.7,2024,7,3,3
2024-11-25,VLCC,299125,Ras Tanura,Qingdao,Crude Oil,6304.7,567.19,124.47,30.77,Calm,3.1,2024,11,0,4
2025-01-26,Capesize,170910,Port Hedland,Qingdao,Iron Ore,3631.8,561.6,113.02,23.74,Calm,1.9,2025,1,6,1
2024-07-21,Container Post-Panamax,98975,Shanghai,Los Angeles,Containerized Freight,5635.0,703.53,110.31,94.36,Calm,1.6,2024,7,6,3
2023-11-13,Capesize,188859,Dampier,Yokohama,Iron Ore,3914.0,672.38,115.93,30.88,Moderate,3.8,2023,11,0,4
2025-11-04,Container Post-Panamax,122262,Shanghai,Los Angeles,Containerized Freight,5659.6,673.09,97.77,89.05,Moderate,0.5,2025,11,1,4
2024-04-13,Supramax,60087,Santos,Rotterdam,Bauxite,5359.9,721.26,123.55,87.68,Stormy,13.0,2024,4,5,2
2024-05-30,Panamax,82783,Santos,Rotterdam,Bauxite,5416.7,706.62,88.52,47.13,Moderate,2.4,2024,5,3,2
2024-10-03,Capesize,189519,Port Hedland,Qingdao,Iron Ore,3582.3,647.18,98.53,27.12,Rough Sea,6.4,2024,10,3,4
2024-06-26,Container Post-Panamax,126846,Shanghai,Los Angeles,Containerized Freight,5753.2,692.08,108.99,88.86,Calm,0.5,2024,6,2,2
2025-12-19,Capesize,207777,Santos,Qingdao,Iron Ore,12062.0,732.08,96.66,44.83,Stormy,4.2,2025,12,4,4
2025-01-28,VLCC,281526,Ras Tanura,Singapore,Crude Oil,3694.3,538.36,99.01,21.61,Calm,0.7,2025,1,1,1
2024-02-27,Panamax,70947,Santos,Qingdao,Grain,11588.3,717.27,90.39,67.72,Calm,4.6,2024,2,1,1
2024-12-18,VLCC,282053,Ras Tanura,Qingdao,Crude Oil,6214.6,628.34,92.51,27.93,Calm,4.1,2024,12,2,4
2025-08-17,Capesize,190875,Newcastle,Mumbai,Thermal Coal,5918.7,616.0,97.49,28.92,Calm,3.8,2025,8,6,3
2024-04-01,Capesize,174537,Tubarao,Qingdao,Bauxite,11051.3,711.56,101.77,35.6,Calm,0.7,2024,4,0,2
2026-07-25,Capesize,171398,Tubarao,Qingdao,Iron Ore,11012.8,710.11,81.03,34.69,Moderate,3.2,2026,7,5,3
2024-06-01,Container Post-Panamax,89928,Shanghai,Los Angeles,Containerized Freight,5779.9,762.31,93.6,94.8,Calm,3.8,2024,6,5,2
2024-06-27,Suezmax,138830,Ras Tanura,Singapore,Crude Oil,3751.3,668.23,92.22,39.31,Stormy,1.6,2024,6,3,2
2023-11-08,LNG Carrier,88280,Ras Laffan,Tokyo,LNG,6607.6,658.74,125.18,113.86,Calm,4.2,2023,11,2,4
2025-05-06,Capesize,161316,Port Hedland,Qingdao,Iron Ore,3638.9,573.47,91.92,15.88,Calm,1.9,2025,5,1,2
2025-04-18,LNG Carrier,78623,Ras Laffan,Tokyo,LNG,6724.3,516.3,109.35,105.18,Moderate,2.3,2025,4,4,2
2024-12-29,Capesize,191817,Port Hedland,Qingdao,Iron Ore,3663.5,600.93,86.53,23.08,Rough Sea,6.7,2024,12,6,4
2024-09-07,Capesize,170705,Richards Bay,Rotterdam,Thermal Coal,7302.1,633.06,123.18,37.0,Moderate,4.2,2024,9,5,3
2026-03-22,Panamax,69660,Richards Bay,Rotterdam,Thermal Coal,6903.7,726.77,110.36,51.9,Calm,1.3,2026,3,6,1
2025-05-12,Suezmax,135696,Ras Tanura,Singapore,Crude Oil,3623.7,572.78,74.83,24.97,Calm,1.5,2025,5,0,2
2024-12-22,Panamax,73677,Santos,Qingdao,Iron Ore,11833.1,598.68,95.48,71.31,Moderate,5.4,2024,12,6,4
2025-05-21,Capesize,207691,Newcastle,Mumbai,Thermal Coal,5886.3,583.67,111.58,24.53,Moderate,0.5,2025,5,2,2
2025-01-08,Capesize,186207,Santos,Qingdao,Iron Ore,11858.0,591.15,95.53,43.24,Moderate,10.1,2025,1,2,1
2024-01-23,Container Post-Panamax,87860,Ningbo,Hamburg,Containerized Freight,10379.9,674.57,94.08,131.58,Calm,9.4,2024,1,1,1
2025-12-15,Capesize,190720,Santos,Qingdao,Grain,11663.9,686.69,102.14,54.3,Monsoon/Tropical Cyclone,4.6,2025,12,0,4
2024-01-21,Supramax,56425,Santos,Rotterdam,Grain,5541.4,677.23,113.04,66.57,Moderate,4.4,2024,1,6,1
2026-07-15,Suezmax,142324,Corpus Christi,Antwerp,Crude Oil,4845.6,686.09,112.16,42.86,Rough Sea,1.3,2026,7,2,3
2025-04-12,Suezmax,151278,Ras Tanura,Qingdao,Crude Oil,6178.9,576.41,94.56,42.03,Moderate,7.6,2025,4,5,2
2026-09-02,Supramax,56782,Houston,Rotterdam,Chemicals,4856.8,683.02,95.61,68.89,Calm,13.5,2026,9,2,3
2026-01-06,Capesize,167506,Santos,Qingdao,Iron Ore,11968.0,707.86,103.36,46.51,Calm,6.8,2026,1,1,1
2024-04-06,Panamax,72698,Santos,Rotterdam,Bauxite,5451.1,741.2,90.93,57.55,Stormy,5.2,2024,4,5,2
2024-02-26,Supramax,59250,Santos,Rotterdam,Grain,5372.7,687.65,107.69,62.7,Stormy,1.9,2024,2,0,1
2024-03-07,Panamax,70935,Newcastle,Mumbai,Thermal Coal,5849.2,685.44,95.11,52.82,Moderate,9.7,2024,3,3,1
2024-05-08,Aframax,85081,Corpus Christi,Antwerp,Refined Petroleum,4910.9,708.7,100.02,60.33,Moderate,7.2,2024,5,2,2
2025-03-08,Panamax,84665,Santos,Qingdao,Iron Ore,11589.3,598.32,110.87,69.31,Rough Sea,1.1,2025,3,5,1
2024-01-14,Supramax,58831,Singapore,Dubai,Steel Coils,3328.4,697.68,91.98,44.78,Calm,0.5,2024,1,6,1
2025-12-15,Panamax,76604,Santos,Qingdao,Iron Ore,11824.6,632.24,93.64,64.72,Moderate,1.2,2025,12,0,4
2025-03-30,Panamax,81533,Santos,Rotterdam,Grain,5450.0,578.67,106.39,47.21,Moderate,4.3,2025,3,6,1
2026-02-18,Supramax,64486,Houston,Rotterdam,Refined Petroleum,4714.3,748.95,94.09,51.76,Calm,0.7,2026,2,2,1
2026-03-19,LNG Carrier,79326,Ras Laffan,Tokyo,LNG,6680.1,734.01,110.84,115.04,Calm,0.5,2026,3,3,1
2026-07-24,Aframax,94398,Corpus Christi,Antwerp,Crude Oil,4869.4,662.76,87.23,53.36,Moderate,7.2,2026,7,4,3
2024-07-04,Container Post-Panamax,108302,Singapore,Dubai,Containerized Freight,3463.6,681.86,110.36,77.39,Calm,0.5,2024,7,3,3
2026-01-23,Handysize,26453,Singapore,Dubai,Steel Coils,3459.4,719.42,97.37,64.94,Rough Sea,1.3,2026,1,4,1
2024-05-06,Container Post-Panamax,134183,Shanghai,Los Angeles,Containerized Freight,5717.9,708.6,98.21,108.66,Stormy,4.2,2024,5,0,2
2024-08-06,Capesize,174069,Tubarao,Qingdao,Bauxite,11205.9,692.42,102.85,37.85,Calm,1.7,2024,8,1,3
2023-12-26,Handysize,39187,Singapore,Dubai,Containerized Freight,3373.3,706.27,114.85,69.37,Calm,7.5,2023,12,1,4
2025-12-07,VLCC,318746,Ras Tanura,Qingdao,Crude Oil,6373.8,664.7,110.18,47.55,Calm,18.0,2025,12,6,4
2026-03-24,Suezmax,137954,Ras Tanura,Qingdao,Crude Oil,6304.7,712.03,110.03,49.96,Calm,3.7,2026,3,1,1
2024-04-24,Handysize,25992,Singapore,Dubai,Steel Coils,3408.1,713.98,109.43,75.61,Stormy,3.6,2024,4,2,2
2024-12-08,Aframax,114855,Corpus Christi,Antwerp,Refined Petroleum,4922.6,617.83,93.94,63.64,Monsoon/Tropical Cyclone,9.2,2024,12,6,4
2025-09-09,Container Post-Panamax,95993,Singapore,Dubai,Steel Coils,3386.6,612.41,99.23,72.12,Moderate,1.1,2025,9,1,3
2024-01-20,Aframax,112484,Houston,Rotterdam,Chemicals,4747.5,712.34,111.25,62.53,Moderate,6.3,2024,1,5,1
2024-06-13,Capesize,179971,Santos,Qingdao,Grain,11503.6,720.17,91.58,46.5,Calm,15.0,2024,6,3,2
2024-01-06,Panamax,65291,Santos,Rotterdam,Bauxite,5429.0,678.39,70.79,52.63,Calm,12.0,2024,1,5,1
2025-12-14,LNG Carrier,88691,Ras Laffan,Tokyo,LNG,6736.9,706.71,115.45,113.17,Calm,3.2,2025,12,6,4
2024-03-08,Container Post-Panamax,117165,Ningbo,Hamburg,Containerized Freight,10390.8,727.74,99.4,134.12,Calm,4.7,2024,3,4,1
2024-11-05,Suezmax,161661,Ras Tanura,Singapore,Crude Oil,3722.2,628.89,103.71,44.4,Monsoon/Tropical Cyclone,1.9,2024,11,1,4
2025-05-27,Aframax,85320,Houston,Rotterdam,Refined Petroleum,4789.3,564.06,99.63,46.19,Moderate,0.5,2025,5,1,2
2026-02-10,Container Post-Panamax,89878,Shanghai,Los Angeles,Containerized Freight,5697.6,734.21,94.96,100.85,Moderate,8.2,2026,2,1,1
2025-06-23,Capesize,173307,Port Hedland,Qingdao,Iron Ore,3594.7,566.32,90.16,20.17,Calm,1.5,2025,6,0,2
2026-02-16,Aframax,92953,Houston,Rotterdam,Refined Petroleum,4740.5,705.74,99.79,46.15,Calm,0.5,2026,2,0,1
2024-05-02,Suezmax,157996,Ras Tanura,Singapore,Crude Oil,3627.7,722.39,104.87,38.79,Calm,1.5,2024,5,3,2
2026-03-19,Capesize,174573,Tubarao,Qingdao,Iron Ore,10969.4,719.05,95.16,36.83,Calm,0.5,2026,3,3,1
2026-01-06,VLCC,283091,Ras Tanura,Singapore,Crude Oil,3696.0,682.4,89.21,28.21,Moderate,3.1,2026,1,1,1
2024-01-04,Panamax,81722,Richards Bay,Rotterdam,Thermal Coal,7007.3,690.88,95.9,51.89,Moderate,0.7,2024,1,3,1
2025-03-22,Container Post-Panamax,107462,Shanghai,Los Angeles,Containerized Freight,5582.7,575.81,88.14,89.31,Moderate,6.9,2025,3,5,1
2026-06-27,Aframax,80847,Houston,Rotterdam,Chemicals,4716.6,666.69,118.54,57.43,Moderate,3.5,2026,6,5,2
2026-01-09,VLCC,282812,Ras Tanura,Singapore,Crude Oil,3612.2,705.43,81.98,19.06,Calm,0.8,2026,1,4,1
2026-03-06,Supramax,53066,Santos,Rotterdam,Grain,5412.7,689.02,91.25,54.46,Calm,0.5,2026,3,4,1
2025-02-16,Panamax,68387,Santos,Qingdao,Grain,11779.5,559.77,106.43,68.13,Calm,1.4,2025,2,6,1
2024-07-25,Panamax,73697,Tubarao,Qingdao,Bauxite,11434.9,670.4,108.19,70.58,Calm,0.5,2024,7,3,3
2026-06-02,Handysize,31562,Singapore,Dubai,Containerized Freight,3479.9,678.7,85.62,60.45,Moderate,2.0,2026,6,1,2
2026-05-02,Container Post-Panamax,90302,Shanghai,Los Angeles,Containerized Freight,5550.1,709.75,105.95,115.95,Stormy,5.5,2026,5,5,2
2026-02-11,Suezmax,151784,Corpus Christi,Antwerp,Crude Oil,4856.6,703.0,86.51,41.39,Calm,5.3,2026,2,2,1
2025-02-06,Container Post-Panamax,122218,Ningbo,Hamburg,Containerized Freight,10628.6,612.45,109.18,130.87,Moderate,5.3,2025,2,3,1
2023-10-18,Panamax,71771,Santos,Rotterdam,Grain,5508.3,671.43,108.19,49.93,Moderate,0.8,2023,10,2,4
2025-09-15,Capesize,160177,Newcastle,Mumbai,Thermal Coal,6039.9,646.23,110.95,40.09,Rough Sea,11.0,2025,9,0,3
2024-05-19,Aframax,112152,Corpus Christi,Antwerp,Refined Petroleum,4993.5,689.26,98.4,50.04,Moderate,0.5,2024,5,6,2
2026-06-24,Suezmax,147202,Corpus Christi,Antwerp,Crude Oil,4969.8,727.52,107.78,40.67,Calm,0.7,2026,6,2,2
2024-02-12,Panamax,77651,Santos,Qingdao,Iron Ore,11708.8,695.83,103.11,76.2,Rough Sea,1.2,2024,2,0,1
2024-05-21,LNG Carrier,75055,Ras Laffan,Tokyo,LNG,6539.6,720.92,82.2,109.65,Calm,7.9,2024,5,1,2
2024-11-28,Panamax,80849,Tubarao,Qingdao,Iron Ore,11386.2,603.99,111.43,69.02,Rough Sea,0.5,2024,11,3,4
2025-02-11,Container Post-Panamax,83658,Shanghai,Los Angeles,Containerized Freight,5619.7,560.56,102.93,84.53,Calm,1.2,2025,2,1,1
2024-10-22,Suezmax,149097,Corpus Christi,Antwerp,Crude Oil,4901.2,654.94,121.33,43.24,Calm,4.0,2024,10,1,4
2026-03-18,Capesize,206703,Port Hedland,Qingdao,Iron Ore,3566.4,721.46,97.53,21.76,Moderate,3.5,2026,3,2,1
2026-05-16,Suezmax,142251,Corpus Christi,Antwerp,Refined Petroleum,5053.3,720.66,86.52,45.31,Rough Sea,3.1,2026,5,5,2
2025-11-21,Capesize,194500,Newcastle,Mumbai,Thermal Coal,6068.0,676.7,102.55,27.66,Moderate,2.0,2025,11,4,4
2025-02-03,Aframax,101964,Houston,Rotterdam,Refined Petroleum,4923.7,575.55,114.8,56.48,Calm,9.8,2025,2,0,1
2024-04-21,Capesize,196021,Port Hedland,Qingdao,Iron Ore,3620.3,745.13,93.94,25.78,Moderate,3.7,2024,4,6,2
2024-10-31,Container Post-Panamax,99171,Shanghai,Los Angeles,Containerized Freight,5541.0,630.53,107.33,95.94,Moderate,2.3,2024,10,3,4
2023-11-01,VLCC,286156,Ras Tanura,Singapore,Crude Oil,3776.3,660.54,109.0,34.12,Moderate,5.8,2023,11,2,4
2026-04-12,LNG Carrier,73005,Dampier,Yokohama,LNG,3993.3,725.67,98.77,95.74,Rough Sea,1.5,2026,4,6,2
2024-05-19,Panamax,71814,Tubarao,Qingdao,Bauxite,11367.2,729.93,110.3,67.35,Calm,0.6,2024,5,6,2
2026-08-25,Container Post-Panamax,127442,Singapore,Dubai,Steel Coils,3386.7,636.67,106.84,69.33,Calm,0.9,2026,8,1,3
2024-12-04,Capesize,205306,Tubarao,Qingdao,Iron Ore,11474.3,607.84,92.67,41.22,Moderate,6.6,2024,12,2,4
2025-02-02,Capesize,177409,Dampier,Yokohama,Iron Ore,3913.9,581.47,100.27,18.21,Moderate,0.5,2025,2,6,1
2023-12-04,Panamax,83247,Tubarao,Qingdao,Bauxite,11401.7,648.8,95.66,65.53,Moderate,1.9,2023,12,0,4
2024-10-03,Suezmax,153287,Corpus Christi,Antwerp,Refined Petroleum,4904.5,610.13,99.32,35.27,Rough Sea,1.2,2024,10,3,4
2026-04-20,Container Post-Panamax,110219,Singapore,Dubai,Steel Coils,3475.5,704.28,102.64,77.66,Calm,1.7,2026,4,0,2
2026-09-23,Panamax,70386,Santos,Rotterdam,Grain,5372.6,673.26,108.85,43.4,Moderate,0.5,2026,9,2,3
2026-01-14,LNG Carrier,91797,Dampier,Yokohama,LNG,3841.7,692.18,105.65,88.76,Calm,4.4,2026,1,2,1
2024-01-18,Capesize,165549,Port Hedland,Qingdao,Iron Ore,3598.7,701.06,92.39,33.37,Rough Sea,8.2,2024,1,3,1
2026-06-23,Suezmax,147564,Houston,Rotterdam,Refined Petroleum,4993.1,721.32,91.18,39.66,Rough Sea,3.0,2026,6,1,2
2025-10-03,Capesize,173949,Richards Bay,Rotterdam,Thermal Coal,7113.3,622.83,106.66,31.68,Moderate,0.5,2025,10,4,4
2026-01-27,Panamax,81718,Newcastle,Mumbai,Thermal Coal,5840.5,714.69,114.51,47.13,Calm,0.5,2026,1,1,1
2026-03-22,Capesize,160798,Newcastle,Mumbai,Thermal Coal,5798.5,716.74,87.52,28.36,Rough Sea,3.9,2026,3,6,1
2025-11-28,Container Post-Panamax,104851,Ningbo,Hamburg,Containerized Freight,10616.5,689.44,121.46,137.77,Moderate,2.8,2025,11,4,4
2025-01-25,Suezmax,147910,Corpus Christi,Antwerp,Refined Petroleum,4854.5,607.81,81.45,32.0,Calm,2.0,2025,1,5,1
2024-09-03,Supramax,56815,Houston,Rotterdam,Crude Oil,4897.6,652.43,116.35,61.8,Moderate,5.3,2024,9,1,3
2023-10-17,VLCC,304779,Ras Tanura,Singapore,Crude Oil,3830.8,656.4,105.7,31.16,Calm,4.8,2023,10,1,4
2026-02-25,VLCC,312566,Ras Tanura,Singapore,Crude Oil,3831.3,700.14,97.6,22.87,Calm,1.1,2026,2,2,1
2024-07-29,LNG Carrier,89500,Dampier,Yokohama,LNG,3864.4,682.78,94.3,85.52,Calm,4.1,2024,7,0,3
2025-11-29,Panamax,67347,Richards Bay,Rotterdam,Thermal Coal,7240.9,651.3,93.61,50.0,Calm,3.7,2025,11,5,4
2024-10-01,Capesize,204916,Newcastle,Mumbai,Thermal Coal,5986.3,639.22,122.23,33.18,Moderate,2.2,2024,10,1,4
2026-01-27,VLCC,296650,Ras Tanura,Singapore,Crude Oil,3823.8,684.76,108.22,26.15,Moderate,1.5,2026,1,1,1
2025-05-23,Capesize,170389,Port Hedland,Qingdao,Iron Ore,3599.3,575.02,109.54,20.8,Moderate,3.1,2025,5,4,2
2023-12-13,LNG Carrier,94036,Ras Laffan,Tokyo,LNG,6492.7,683.42,85.0,110.78,Moderate,3.2,2023,12,2,4
2026-09-21,Suezmax,155163,Ras Tanura,Qingdao,Crude Oil,6080.6,659.17,111.9,44.34,Rough Sea,2.0,2026,9,0,3
2024-03-16,Panamax,77970,Santos,Rotterdam,Bauxite,5308.2,704.94,97.74,49.8,Rough Sea,1.2,2024,3,5,1
2025-02-17,Capesize,187563,Richards Bay,Rotterdam,Thermal Coal,7232.1,603.75,97.98,47.0,Stormy,16.0,2025,2,0,1
2024-09-09,Container Post-Panamax,84710,Ningbo,Hamburg,Containerized Freight,10519.0,676.35,120.22,139.2,Moderate,3.9,2024,9,0,3
2024-06-30,Container Post-Panamax,109987,Shanghai,Los Angeles,Containerized Freight,5739.7,713.98,88.5,91.04,Moderate,0.5,2024,6,6,2
2025-04-19,Aframax,96738,Corpus Christi,Antwerp,Refined Petroleum,5063.5,594.81,99.05,47.4,Calm,0.6,2025,4,5,2
2024-10-10,Capesize,194483,Richards Bay,Rotterdam,Thermal Coal,7027.9,677.52,113.52,34.21,Moderate,4.4,2024,10,3,4
2025-10-14,Container Post-Panamax,117073,Ningbo,Hamburg,Containerized Freight,10540.9,643.13,106.65,164.18,Monsoon/Tropical Cyclone,6.9,2025,10,1,4
2024-03-20,Suezmax,157739,Ras Tanura,Qingdao,Crude Oil,6403.5,706.68,103.72,46.49,Moderate,2.6,2024,3,2,1
2024-03-23,Capesize,179795,Dampier,Yokohama,Iron Ore,4028.4,706.65,99.62,26.77,Calm,1.5,2024,3,5,1
2026-06-23,Container Post-Panamax,129519,Shanghai,Los Angeles,Containerized Freight,5598.3,692.71,105.37,102.91,Rough Sea,4.2,2026,6,1,2
2025-01-20,Capesize,183560,Tubarao,Qingdao,Iron Ore,11049.2,592.2,68.22,30.41,Stormy,1.9,2025,1,0,1
2026-01-26,Panamax,83098,Newcastle,Mumbai,Thermal Coal,6043.5,700.99,99.11,42.9,Calm,1.2,2026,1,0,1
2025-02-10,Panamax,75014,Santos,Rotterdam,Grain,5582.4,582.26,90.84,32.77,Moderate,0.5,2025,2,0,1
2023-11-16,Panamax,69214,Richards Bay,Rotterdam,Thermal Coal,7218.1,648.42,116.9,65.61,Rough Sea,4.8,2023,11,3,4
2026-09-16,Supramax,64347,Singapore,Dubai,Steel Coils,3417.9,654.15,103.38,48.64,Moderate,0.5,2026,9,2,3
2025-11-28,Container Post-Panamax,126922,Shanghai,Los Angeles,Containerized Freight,5793.1,672.88,100.17,91.04,Moderate,0.5,2025,11,4,4
2025-07-19,Aframax,95781,Corpus Christi,Antwerp,Crude Oil,4891.5,595.31,94.34,50.37,Moderate,3.0,2025,7,5,3
2026-04-30,Container Post-Panamax,115877,Shanghai,Los Angeles,Containerized Freight,5643.5,759.34,91.83,100.83,Rough Sea,1.5,2026,4,3,2
2025-03-22,LNG Carrier,71638,Ras Laffan,Tokyo,LNG,6454.4,572.94,106.34,107.25,Calm,2.6,2025,3,5,1
2026-06-08,LNG Carrier,87993,Ras Laffan,Tokyo,LNG,6534.6,645.1,96.11,106.9,Calm,6.5,2026,6,0,2
2026-03-24,Capesize,202138,Richards Bay,Rotterdam,Thermal Coal,7174.5,717.79,88.53,25.51,Moderate,5.3,2026,3,1,1
2026-03-05,Aframax,106900,Corpus Christi,Antwerp,Crude Oil,4793.9,712.45,117.56,58.65,Calm,5.1,2026,3,3,1
2026-09-07,Container Post-Panamax,83110,Shanghai,Los Angeles,Containerized Freight,5579.4,623.18,112.94,99.23,Calm,14.0,2026,9,0,3
2024-12-24,Panamax,77214,Santos,Rotterdam,Bauxite,5427.2,614.86,97.96,43.37,Calm,6.9,2024,12,1,4
2026-08-11,Panamax,76970,Santos,Rotterdam,Grain,5458.4,673.27,101.45,41.48,Calm,0.8,2026,8,1,3
2025-09-30,Capesize,176283,Port Hedland,Qingdao,Iron Ore,3668.9,673.08,102.95,22.91,Rough Sea,1.4,2025,9,1,3
2025-05-16,Capesize,205374,Dampier,Yokohama,LNG,4005.1,608.15,90.24,18.58,Calm,1.1,2025,5,4,2
2025-11-27,Suezmax,150099,Ras Tanura,Singapore,Crude Oil,3609.0,694.72,117.65,47.41,Stormy,3.5,2025,11,3,4
2024-06-30,Container Post-Panamax,88225,Shanghai,Los Angeles,Containerized Freight,5560.1,637.86,71.82,88.15,Moderate,4.8,2024,6,6,2
2025-06-13,Container Post-Panamax,121983,Singapore,Dubai,Containerized Freight,3328.5,565.7,99.59,81.98,Stormy,3.0,2025,6,4,2
2024-04-19,LNG Carrier,71721,Dampier,Yokohama,LNG,3871.6,721.35,119.57,91.18,Calm,3.6,2024,4,4,2
2026-06-13,Supramax,53872,Santos,Rotterdam,Grain,5339.7,715.25,106.9,66.77,Moderate,4.6,2026,6,5,2
2026-09-01,Panamax,70139,Santos,Rotterdam,Bauxite,5459.5,658.71,106.41,50.87,Rough Sea,1.9,2026,9,1,3
2023-11-10,VLCC,314722,Ras Tanura,Singapore,Crude Oil,3830.6,641.7,115.81,31.47,Calm,8.1,2023,11,4,4
2026-04-09,Supramax,61878,Houston,Rotterdam,Refined Petroleum,4812.6,738.46,113.69,63.82,Rough Sea,2.9,2026,4,3,2
2024-03-03,Capesize,187955,Port Hedland,Qingdao,Iron Ore,3642.7,725.95,120.55,38.76,Rough Sea,8.2,2024,3,6,1
2026-08-10,Panamax,84616,Newcastle,Mumbai,Thermal Coal,5959.8,680.95,102.32,53.18,Rough Sea,5.8,2026,8,0,3
2026-02-26,Supramax,64731,Santos,Rotterdam,Grain,5574.7,733.67,74.01,61.52,Moderate,10.4,2026,2,3,1
2024-11-14,Capesize,209299,Santos,Qingdao,Grain,11476.3,617.48,99.08,39.99,Moderate,4.3,2024,11,3,4
2023-11-09,Panamax,71205,Santos,Qingdao,Grain,11597.1,664.51,88.87,62.61,Calm,2.7,2023,11,3,4
2026-05-25,Capesize,198351,Port Hedland,Qingdao,Iron Ore,3707.1,718.26,99.69,23.16,Calm,0.5,2026,5,0,2
2024-09-06,Suezmax,148507,Corpus Christi,Antwerp,Crude Oil,4936.9,685.46,105.34,43.69,Rough Sea,2.0,2024,9,4,3
2025-11-09,Container Post-Panamax,97053,Singapore,Dubai,Chemicals,3367.1,680.78,118.99,83.32,Moderate,4.0,2025,11,6,4
2025-01-04,Capesize,209233,Dampier,Yokohama,LNG,3866.8,567.89,106.69,20.28,Moderate,5.0,2025,1,5,1
2024-06-19,VLCC,314052,Ras Tanura,Singapore,Crude Oil,3629.0,700.68,90.88,29.66,Moderate,9.2,2024,6,2,2
2025-10-07,Suezmax,161710,Houston,Rotterdam,Chemicals,4707.0,602.17,105.9,46.3,Rough Sea,1.0,2025,10,1,4
2025-11-15,Suezmax,159899,Corpus Christi,Antwerp,Crude Oil,4990.2,673.78,110.39,38.62,Moderate,1.8,2025,11,5,4
2025-01-16,Container Post-Panamax,119380,Shanghai,Los Angeles,Containerized Freight,5695.8,556.55,100.39,109.06,Monsoon/Tropical Cyclone,4.2,2025,1,3,1
2024-11-04,Supramax,54498,Santos,Rotterdam,Bauxite,5395.5,624.38,110.66,63.0,Rough Sea,2.2,2024,11,0,4
2026-04-06,Container Post-Panamax,100144,Shanghai,Los Angeles,Containerized Freight,5622.1,741.21,118.33,102.71,Calm,6.5,2026,4,0,2
2025-01-17,Container Post-Panamax,111645,Ningbo,Hamburg,Containerized Freight,10370.7,576.17,88.8,119.0,Moderate,0.5,2025,1,4,1
2026-07-15,Panamax,84138,Tubarao,Qingdao,Bauxite,11471.0,713.66,108.56,73.47,Rough Sea,3.5,2026,7,2,3
2026-06-06,Suezmax,155470,Ras Tanura,Qingdao,Crude Oil,6284.7,697.59,108.43,45.5,Moderate,0.6,2026,6,5,2
2025-08-17,Capesize,162897,Port Hedland,Qingdao,Iron Ore,3701.4,593.72,115.63,25.5,Calm,4.4,2025,8,6,3
2024-04-06,Supramax,63666,Houston,Rotterdam,Chemicals,4771.6,724.63,109.16,70.82,Stormy,4.5,2024,4,5,2
2023-10-10,VLCC,317822,Ras Tanura,Qingdao,Crude Oil,6165.4,633.66,97.87,31.18,Calm,9.5,2023,10,1,4
2024-02-20,LNG Carrier,94094,Ras Laffan,Tokyo,LNG,6554.2,727.88,104.82,117.92,Calm,7.5,2024,2,1,1
2025-07-01,Capesize,180495,Santos,Qingdao,Grain,12054.1,562.71,102.13,35.41,Calm,0.7,2025,7,1,3
2025-04-26,Suezmax,162037,Corpus Christi,Antwerp,Crude Oil,4837.6,567.13,100.31,37.84,Calm,5.0,2025,4,5,2
2024-06-22,Capesize,193339,Newcastle,Mumbai,Thermal Coal,5893.4,691.16,87.82,20.81,Moderate,1.7,2024,6,5,2
2024-05-27,Container Post-Panamax,87838,Ningbo,Hamburg,Containerized Freight,10742.8,695.08,86.34,130.29,Moderate,1.6,2024,5,0,2
2024-03-24,Capesize,204026,Port Hedland,Qingdao,Iron Ore,3758.1,727.12,101.7,23.9,Calm,5.8,2024,3,6,1
2026-01-19,Container Post-Panamax,86870,Ningbo,Hamburg,Containerized Freight,10674.1,669.08,94.86,127.26,Calm,2.4,2026,1,0,1
2023-10-20,LNG Carrier,90338,Ras Laffan,Tokyo,LNG,6427.9,680.16,102.59,103.13,Calm,0.5,2023,10,4,4
2023-11-27,LNG Carrier,75885,Dampier,Yokohama,LNG,3887.4,675.81,108.67,108.97,Monsoon/Tropical Cyclone,2.7,2023,11,0,4
2025-08-10,Capesize,191919,Port Hedland,Qingdao,Iron Ore,3741.5,614.92,92.73,17.85,Calm,1.7,2025,8,6,3
2026-01-25,Container Post-Panamax,87787,Shanghai,Los Angeles,Containerized Freight,5653.1,729.1,88.87,120.1,Stormy,9.2,2026,1,6,1
2025-11-24,Suezmax,154837,Corpus Christi,Antwerp,Refined Petroleum,5032.8,665.14,100.67,35.4,Calm,0.5,2025,11,0,4
2024-04-20,Panamax,82843,Santos,Rotterdam,Bauxite,5472.4,729.79,103.92,53.96,Calm,10.0,2024,4,5,2
2026-01-28,Handysize,28654,Singapore,Dubai,Containerized Freight,3410.0,694.9,90.46,63.94,Moderate,0.8,2026,1,2,1
2026-06-19,Capesize,205642,Richards Bay,Rotterdam,Thermal Coal,6890.2,664.26,115.23,30.18,Calm,3.3,2026,6,4,2
2026-01-05,Container Post-Panamax,104633,Singapore,Dubai,Steel Coils,3500.7,702.61,103.75,79.96,Moderate,2.2,2026,1,0,1
2025-08-19,Capesize,194195,Santos,Qingdao,Iron Ore,11671.6,579.08,95.1,32.33,Moderate,0.8,2025,8,1,3
2025-03-27,Container Post-Panamax,87413,Ningbo,Hamburg,Containerized Freight,10444.6,555.55,101.35,128.7,Rough Sea,0.7,2025,3,3,1
2024-08-03,Capesize,167079,Port Hedland,Qingdao,Iron Ore,3630.4,657.99,79.0,17.0,Rough Sea,0.5,2024,8,5,3
2025-10-18,Supramax,60437,Santos,Rotterdam,Grain,5423.6,640.2,109.13,58.5,Calm,1.9,2025,10,5,4
2025-01-10,Container Post-Panamax,107046,Singapore,Dubai,Steel Coils,3448.4,553.59,97.03,69.32,Calm,1.2,2025,1,4,1
2024-03-02,Container Post-Panamax,87397,Shanghai,Los Angeles,Containerized Freight,5572.9,706.07,114.06,94.23,Calm,0.5,2024,3,5,1
2026-04-07,LNG Carrier,91792,Dampier,Yokohama,Iron Ore,3890.6,759.98,92.39,94.26,Moderate,4.2,2026,4,1,2
2026-07-25,Panamax,67371,Richards Bay,Rotterdam,Thermal Coal,7185.6,698.36,120.68,59.0,Calm,3.4,2026,7,5,3
2026-08-30,Container Post-Panamax,129738,Shanghai,Los Angeles,Containerized Freight,5677.6,646.72,101.25,97.74,Moderate,7.9,2026,8,6,3
2026-06-24,Supramax,62288,Santos,Rotterdam,Bauxite,5447.4,693.42,108.68,63.2,Moderate,1.6,2026,6,2,2
2024-12-09,Container Post-Panamax,97029,Shanghai,Los Angeles,Containerized Freight,5784.6,601.84,87.54,94.97,Moderate,9.3,2024,12,0,4
2026-04-04,Container Post-Panamax,128219,Shanghai,Los Angeles,Containerized Freight,5814.0,708.36,98.02,96.4,Calm,5.3,2026,4,5,2
2025-01-07,Handysize,27350,Singapore,Dubai,Chemicals,3316.2,567.25,94.12,66.13,Rough Sea,8.5,2025,1,1,1
2026-06-09,Panamax,69983,Richards Bay,Rotterdam,Thermal Coal,7301.4,705.69,108.32,61.26,Moderate,7.0,2026,6,1,2
2025-03-21,Capesize,165121,Richards Bay,Rotterdam,Thermal Coal,7200.0,570.36,89.46,26.18,Calm,4.8,2025,3,4,1
2024-08-21,Capesize,161011,Newcastle,Mumbai,Thermal Coal,5976.2,655.99,97.76,29.19,Moderate,2.9,2024,8,2,3
2024-03-08,Aframax,91211,Corpus Christi,Antwerp,Crude Oil,5063.3,707.44,100.76,53.26,Calm,3.9,2024,3,4,1
2025-07-22,Panamax,67647,Newcastle,Mumbai,Thermal Coal,5755.0,588.28,90.64,46.71,Moderate,6.3,2025,7,1,3
2024-09-13,Suezmax,157292,Houston,Rotterdam,Chemicals,4986.2,637.17,96.11,36.9,Moderate,0.6,2024,9,4,3
2026-06-17,Supramax,53219,Singapore,Dubai,Containerized Freight,3314.7,684.2,90.32,50.0,Calm,8.1,2026,6,2,2
2024-11-13,VLCC,310783,Ras Tanura,Qingdao,Crude Oil,6088.2,607.97,100.98,26.6,Calm,0.5,2024,11,2,4
2026-08-02,LNG Carrier,81182,Dampier,Yokohama,LNG,4028.7,690.31,106.57,88.68,Calm,0.9,2026,8,6,3
2026-06-08,VLCC,318492,Ras Tanura,Singapore,Crude Oil,3765.6,672.04,108.14,27.27,Moderate,0.5,2026,6,0,2
2024-09-08,Aframax,85074,Houston,Rotterdam,Crude Oil,4902.8,675.51,98.96,68.22,Monsoon/Tropical Cyclone,8.0,2024,9,6,3
2024-09-02,LNG Carrier,94402,Ras Laffan,Tokyo,LNG,6362.2,678.48,112.06,107.68,Calm,1.7,2024,9,0,3
2026-05-05,Capesize,163657,Richards Bay,Rotterdam,Thermal Coal,6995.0,716.67,102.71,28.47,Calm,0.5,2026,5,1,2
2025-08-12,Container Post-Panamax,104865,Ningbo,Hamburg,Containerized Freight,10599.9,586.95,109.25,125.18,Moderate,2.9,2025,8,1,3
2026-05-22,Capesize,181441,Newcastle,Mumbai,Thermal Coal,5896.3,711.79,110.55,29.71,Calm,3.9,2026,5,4,2
2025-01-23,Aframax,118288,Houston,Rotterdam,Refined Petroleum,4973.8,575.17,93.72,51.22,Calm,4.2,2025,1,3,1
2023-12-16,Capesize,209865,Port Hedland,Qingdao,Iron Ore,3728.4,667.17,82.67,21.86,Stormy,2.5,2023,12,5,4
2026-08-23,Panamax,84467,Santos,Rotterdam,Grain,5291.6,663.65,85.57,54.24,Stormy,6.9,2026,8,6,3
2024-05-23,Container Post-Panamax,131091,Shanghai,Los Angeles,Containerized Freight,5678.5,691.57,91.72,86.78,Calm,0.5,2024,5,3,2
2023-11-11,Capesize,203038,Dampier,Yokohama,LNG,3921.5,677.17,117.82,30.73,Moderate,4.1,2023,11,5,4
2026-03-05,LNG Carrier,79292,Dampier,Yokohama,LNG,3988.8,697.15,90.2,82.07,Calm,0.5,2026,3,3,1
2024-04-05,Panamax,70950,Tubarao,Qingdao,Iron Ore,11204.1,708.81,99.19,73.98,Rough Sea,1.6,2024,4,4,2
2025-11-30,Capesize,175880,Newcastle,Mumbai,Thermal Coal,5764.8,653.01,110.64,26.68,Moderate,0.5,2025,11,6,4
2025-07-05,Suezmax,147075,Ras Tanura,Qingdao,Crude Oil,6063.8,591.71,106.15,49.4,Moderate,5.3,2025,7,5,3
2025-12-04,Capesize,173204,Tubarao,Qingdao,Iron Ore,11507.5,675.18,104.86,35.11,Calm,0.5,2025,12,3,4
2026-03-23,Panamax,75284,Richards Bay,Rotterdam,Thermal Coal,7119.4,707.2,112.01,57.58,Moderate,1.3,2026,3,0,1
2025-05-31,Panamax,73680,Santos,Rotterdam,Grain,5601.2,570.18,106.65,43.65,Moderate,4.8,2025,5,5,2
2026-07-10,Aframax,95672,Houston,Rotterdam,Refined Petroleum,4819.6,702.61,103.36,55.51,Calm,3.9,2026,7,4,3
2023-10-12,LNG Carrier,94479,Ras Laffan,Tokyo,LNG,6605.0,660.14,105.02,105.16,Calm,3.2,2023,10,3,4
2026-05-04,Panamax,79594,Santos,Rotterdam,Bauxite,5581.4,722.53,89.18,40.39,Calm,1.0,2026,5,0,2
2026-07-07,Aframax,96845,Corpus Christi,Antwerp,Crude Oil,4788.0,667.86,110.98,48.81,Moderate,0.6,2026,7,1,3
2024-05-21,Container Post-Panamax,90420,Ningbo,Hamburg,Containerized Freight,10205.0,698.7,75.45,118.15,Calm,2.0,2024,5,1,2
2024-07-13,Capesize,204608,Santos,Qingdao,Iron Ore,11692.2,709.14,94.53,40.14,Rough Sea,1.4,2024,7,5,3
2024-02-27,Supramax,59651,Houston,Rotterdam,Crude Oil,4863.5,659.0,109.51,55.83,Calm,1.9,2024,2,1,1
2025-07-15,Capesize,205792,Newcastle,Mumbai,Thermal Coal,5792.0,591.49,122.41,30.35,Calm,3.7,2025,7,1,3
2025-12-25,VLCC,314451,Ras Tanura,Singapore,Crude Oil,3688.1,700.88,96.63,24.61,Calm,1.8,2025,12,3,4
2024-02-27,Aframax,106824,Corpus Christi,Antwerp,Crude Oil,4960.6,690.16,98.68,66.05,Monsoon/Tropical Cyclone,5.3,2024,2,1,1
2026-04-11,Container Post-Panamax,134724,Shanghai,Los Angeles,Containerized Freight,5575.3,733.57,90.72,88.51,Calm,2.9,2026,4,5,2
2026-06-20,Suezmax,145330,Corpus Christi,Antwerp,Refined Petroleum,4873.1,683.85,85.98,37.74,Rough Sea,0.5,2026,6,5,2
2024-07-20,Panamax,79973,Newcastle,Mumbai,Thermal Coal,5778.5,696.51,101.29,47.98,Calm,1.1,2024,7,5,3
2024-07-16,Container Post-Panamax,115253,Ningbo,Hamburg,Containerized Freight,10750.9,658.24,90.62,132.6,Moderate,5.1,2024,7,1,3
2024-09-28,VLCC,297906,Ras Tanura,Singapore,Crude Oil,3683.3,639.87,132.41,36.83,Moderate,5.0,2024,9,5,3
2024-08-10,Container Post-Panamax,86032,Ningbo,Hamburg,Containerized Freight,10476.4,670.64,109.19,144.25,Moderate,7.4,2024,8,5,3
2025-03-25,Container Post-Panamax,109131,Ningbo,Hamburg,Containerized Freight,10638.3,605.33,120.6,155.6,Stormy,4.5,2025,3,1,1
2025-01-19,Supramax,59765,Santos,Rotterdam,Bauxite,5524.5,589.29,103.23,60.48,Moderate,4.9,2025,1,6,1
2026-08-22,Supramax,50568,Santos,Rotterdam,Grain,5289.6,678.18,94.63,67.96,Rough Sea,4.4,2026,8,5,3
2024-05-25,Panamax,72651,Santos,Rotterdam,Bauxite,5540.5,734.76,88.95,49.15,Calm,5.7,2024,5,5,2
2024-07-30,Container Post-Panamax,91000,Ningbo,Hamburg,Containerized Freight,10199.3,645.29,95.68,130.61,Moderate,4.4,2024,7,1,3
2024-03-08,Aframax,81374,Houston,Rotterdam,Refined Petroleum,4949.7,694.46,78.94,47.25,Moderate,0.5,2024,3,4,1
2026-06-05,Capesize,174553,Tubarao,Qingdao,Bauxite,11022.1,702.37,81.47,35.22,Moderate,4.3,2026,6,4,2
2026-08-24,Capesize,166033,Richards Bay,Rotterdam,Thermal Coal,7118.2,661.04,89.31,28.55,Calm,1.2,2026,8,0,3
2025-11-23,Capesize,188940,Santos,Qingdao,Iron Ore,11870.5,653.78,100.45,41.56,Calm,2.3,2025,11,6,4
2024-02-25,Capesize,198764,Tubarao,Qingdao,Bauxite,10983.5,697.6,98.27,40.6,Calm,10.2,2024,2,6,1
2024-01-04,Container Post-Panamax,134232,Singapore,Dubai,Containerized Freight,3412.4,659.36,86.29,80.7,Rough Sea,4.7,2024,1,3,1
2024-03-27,Panamax,80270,Newcastle,Mumbai,Thermal Coal,5763.0,753.74,105.35,60.69,Stormy,3.5,2024,3,2,1
2026-08-04,Container Post-Panamax,133044,Singapore,Dubai,Chemicals,3377.9,683.09,102.53,71.7,Calm,1.1,2026,8,1,3
2025-02-25,Handysize,32430,Singapore,Dubai,Containerized Freight,3412.4,506.89,111.87,57.05,Moderate,4.2,2025,2,1,1
2026-08-25,Capesize,178948,Dampier,Yokohama,LNG,4018.2,692.54,91.28,26.58,Rough Sea,3.2,2026,8,1,3
2025-03-26,Container Post-Panamax,134990,Shanghai,Los Angeles,Containerized Freight,5706.4,514.65,108.73,83.5,Calm,0.5,2025,3,2,1
2024-11-09,Panamax,67914,Richards Bay,Rotterdam,Thermal Coal,7152.9,609.18,114.87,59.93,Calm,11.7,2024,11,5,4
2025-07-30,Container Post-Panamax,87048,Ningbo,Hamburg,Containerized Freight,10321.5,600.41,94.98,120.05,Calm,3.1,2025,7,2,3
2025-10-28,Container Post-Panamax,101057,Ningbo,Hamburg,Containerized Freight,10473.4,679.56,87.23,139.09,Rough Sea,9.3,2025,10,1,4
2026-05-11,Supramax,64027,Santos,Rotterdam,Bauxite,5452.2,728.22,115.8,67.24,Moderate,5.2,2026,5,0,2
2025-01-14,Container Post-Panamax,122721,Singapore,Dubai,Steel Coils,3437.6,604.58,88.18,75.08,Rough Sea,4.3,2025,1,1,1
2024-02-27,Container Post-Panamax,133318,Ningbo,Hamburg,Containerized Freight,10496.9,751.98,99.3,164.6,Monsoon/Tropical Cyclone,2.6,2024,2,1,1
2024-10-25,Capesize,190420,Newcastle,Mumbai,Thermal Coal,5876.9,627.06,121.74,34.87,Calm,7.2,2024,10,4,4
2024-11-21,Panamax,68042,Santos,Qingdao,Iron Ore,12138.6,598.96,119.11,77.21,Calm,6.4,2024,11,3,4
2025-01-21,Container Post-Panamax,99268,Singapore,Dubai,Steel Coils,3498.4,578.04,96.94,69.68,Calm,1.5,2025,1,1,1
2024-06-05,Capesize,189103,Port Hedland,Qingdao,Iron Ore,3617.5,679.32,106.91,30.29,Calm,7.8,2024,6,2,2
2025-02-09,Capesize,191748,Port Hedland,Qingdao,Iron Ore,3579.0,532.08,105.02,21.42,Calm,3.5,2025,2,6,1
2025-08-13,Aframax,83784,Houston,Rotterdam,Crude Oil,4743.5,620.84,94.76,57.08,Calm,10.8,2025,8,2,3
2024-01-20,Capesize,202309,Port Hedland,Qingdao,Iron Ore,3656.7,691.33,104.17,25.43,Calm,2.3,2024,1,5,1
2024-01-06,Handysize,38979,Singapore,Dubai,Steel Coils,3367.8,683.07,78.84,54.62,Calm,0.9,2024,1,5,1
2025-04-12,Container Post-Panamax,113384,Ningbo,Hamburg,Containerized Freight,10423.9,559.77,114.23,143.29,Stormy,1.9,2025,4,5,2
2025-09-30,Capesize,200182,Newcastle,Mumbai,Thermal Coal,5735.5,622.62,115.88,32.28,Rough Sea,3.1,2025,9,1,3
2026-04-05,LNG Carrier,82745,Ras Laffan,Tokyo,LNG,6652.2,676.44,101.37,111.26,Moderate,4.3,2026,4,6,2
2025-06-15,Container Post-Panamax,82700,Ningbo,Hamburg,Containerized Freight,10607.4,565.44,109.43,121.8,Calm,0.5,2025,6,6,2
2025-02-22,Panamax,80389,Richards Bay,Rotterdam,Thermal Coal,7300.6,616.35,87.1,51.86,Rough Sea,2.0,2025,2,5,1
2024-07-12,Supramax,59717,Singapore,Dubai,Steel Coils,3418.6,656.69,103.36,48.17,Calm,4.5,2024,7,4,3
2025-05-03,Handysize,29396,Singapore,Dubai,Containerized Freight,3367.9,552.42,115.47,72.36,Stormy,5.0,2025,5,5,2
2026-08-07,Supramax,59887,Houston,Rotterdam,Chemicals,4788.5,640.34,109.58,61.23,Calm,7.4,2026,8,4,3
2026-06-13,Capesize,187488,Dampier,Yokohama,Iron Ore,4021.7,691.68,109.91,33.28,Calm,12.1,2026,6,5,2
2024-09-11,Handysize,30430,Singapore,Dubai,Steel Coils,3458.0,636.14,109.19,54.77,Calm,0.8,2024,9,2,3
2024-11-19,LNG Carrier,78010,Ras Laffan,Tokyo,LNG,6423.6,631.12,124.2,111.01,Calm,3.4,2024,11,1,4
2026-02-03,Panamax,80620,Santos,Qingdao,Grain,11465.6,721.31,86.39,67.28,Calm,3.8,2026,2,1,1
2025-12-08,Capesize,160687,Dampier,Yokohama,Iron Ore,3998.1,683.88,85.75,25.38,Moderate,7.8,2025,12,0,4
2025-10-13,VLCC,283425,Ras Tanura,Singapore,Crude Oil,3794.7,673.65,111.56,27.89,Calm,1.3,2025,10,0,4
2024-10-11,LNG Carrier,74213,Dampier,Yokohama,LNG,3863.7,559.03,87.12,83.68,Rough Sea,0.5,2024,10,4,4
2024-10-11,Panamax,73326,Santos,Rotterdam,Bauxite,5451.2,662.46,103.05,47.84,Moderate,3.8,2024,10,4,4
2025-12-08,Container Post-Panamax,81658,Ningbo,Hamburg,Containerized Freight,10277.8,680.23,97.39,121.05,Calm,1.4,2025,12,0,4
2026-04-22,VLCC,294630,Ras Tanura,Qingdao,Crude Oil,6334.5,748.16,87.83,31.24,Rough Sea,2.0,2026,4,2,2
2025-07-23,Capesize,189954,Port Hedland,Qingdao,Iron Ore,3602.1,592.64,105.9,24.02,Moderate,2.8,2025,7,2,3
2024-01-08,Container Post-Panamax,133299,Shanghai,Los Angeles,Containerized Freight,5541.3,684.22,103.5,92.49,Calm,4.0,2024,1,0,1
2024-10-26,LNG Carrier,84312,Ras Laffan,Tokyo,LNG,6498.5,662.65,112.5,116.66,Moderate,5.7,2024,10,5,4
2026-01-22,LNG Carrier,72663,Ras Laffan,Tokyo,LNG,6503.4,715.23,96.12,107.43,Moderate,0.7,2026,1,3,1
2023-10-09,Container Post-Panamax,122255,Ningbo,Hamburg,Containerized Freight,10789.2,638.7,103.47,123.72,Calm,0.5,2023,10,0,4
2024-10-25,Capesize,172348,Tubarao,Qingdao,Bauxite,11482.7,629.22,119.76,42.85,Moderate,2.4,2024,10,4,4
2025-08-30,LNG Carrier,84795,Dampier,Yokohama,LNG,3870.8,610.75,89.88,81.11,Calm,3.9,2025,8,5,3
2024-03-19,Panamax,72833,Tubarao,Qingdao,Iron Ore,11302.6,696.91,97.84,73.6,Calm,11.6,2024,3,1,1
2025-03-30,Suezmax,154384,Houston,Rotterdam,Chemicals,4804.0,570.87,98.71,41.65,Rough Sea,4.8,2025,3,6,1
2026-03-04,Container Post-Panamax,94841,Singapore,Dubai,Chemicals,3375.9,699.21,82.64,67.05,Calm,0.9,2026,3,2,1
2024-10-14,Suezmax,141729,Ras Tanura,Qingdao,Crude Oil,6425.5,601.22,121.03,47.14,Calm,3.0,2024,10,0,4
2025-07-28,Container Post-Panamax,97743,Shanghai,Los Angeles,Containerized Freight,5792.2,582.09,92.04,85.09,Calm,3.7,2025,7,0,3
2025-04-04,Container Post-Panamax,130010,Ningbo,Hamburg,Containerized Freight,10534.7,572.33,94.17,129.19,Rough Sea,0.8,2025,4,4,2
2025-07-06,Container Post-Panamax,111491,Ningbo,Hamburg,Containerized Freight,10778.7,571.97,84.87,118.89,Calm,1.4,2025,7,6,3
2026-09-12,Capesize,181060,Richards Bay,Rotterdam,Thermal Coal,7201.6,624.78,96.02,35.05,Moderate,6.8,2026,9,5,3
2025-04-19,Capesize,162672,Port Hedland,Qingdao,Iron Ore,3730.4,606.19,103.7,23.15,Rough Sea,1.1,2025,4,5,2
2025-10-04,Container Post-Panamax,99912,Ningbo,Hamburg,Containerized Freight,10748.4,629.74,116.3,131.38,Calm,2.8,2025,10,5,4
2025-06-02,Container Post-Panamax,83554,Shanghai,Los Angeles,Containerized Freight,5646.0,564.12,90.99,81.53,Calm,0.7,2025,6,0,2
2023-12-31,Supramax,64569,Santos,Rotterdam,Bauxite,5580.6,703.32,105.47,66.54,Rough Sea,2.9,2023,12,6,4
2024-05-22,Supramax,62642,Singapore,Dubai,Containerized Freight,3455.9,725.9,93.24,48.15,Calm,2.3,2024,5,2,2
2026-08-05,Suezmax,130210,Ras Tanura,Singapore,Crude Oil,3684.0,680.16,102.37,38.91,Moderate,0.5,2026,8,2,3
2025-12-19,Capesize,188570,Port Hedland,Qingdao,Iron Ore,3744.8,691.91,89.07,23.98,Moderate,3.4,2025,12,4,4
2026-04-17,Container Post-Panamax,118718,Ningbo,Hamburg,Containerized Freight,10812.2,719.25,99.84,130.55,Calm,2.9,2026,4,4,2
2025-02-20,Container Post-Panamax,93762,Ningbo,Hamburg,Containerized Freight,10607.9,546.73,91.17,120.68,Calm,4.4,2025,2,3,1
2024-08-04,Capesize,178006,Port Hedland,Qingdao,Iron Ore,3545.0,669.63,80.01,15.91,Moderate,1.4,2024,8,6,3
2024-05-23,LNG Carrier,70227,Ras Laffan,Tokyo,LNG,6598.8,704.72,97.18,111.04,Calm,2.4,2024,5,3,2
2026-06-03,LNG Carrier,91034,Ras Laffan,Tokyo,LNG,6402.8,721.41,99.15,106.55,Moderate,1.4,2026,6,2,2
2024-01-21,Capesize,198313,Richards Bay,Rotterdam,Thermal Coal,6985.4,690.02,83.94,24.75,Calm,1.2,2024,1,6,1
2026-03-06,Capesize,187898,Dampier,Yokohama,LNG,3869.5,696.31,84.22,21.33,Moderate,4.5,2026,3,4,1
2024-07-06,Panamax,83890,Santos,Qingdao,Iron Ore,11580.1,717.46,97.11,66.9,Calm,0.5,2024,7,5,3
2024-04-20,Supramax,53847,Santos,Rotterdam,Grain,5360.1,744.41,131.83,70.94,Calm,5.3,2024,4,5,2
2025-02-09,Capesize,207360,Newcastle,Mumbai,Thermal Coal,5878.2,547.25,93.05,25.48,Rough Sea,4.6,2025,2,6,1
2025-10-10,Suezmax,157403,Ras Tanura,Qingdao,Crude Oil,6308.5,671.91,121.1,57.27,Rough Sea,7.3,2025,10,4,4
2025-05-01,Aframax,101135,Corpus Christi,Antwerp,Crude Oil,5054.0,578.91,112.09,54.22,Rough Sea,2.6,2025,5,3,2
2026-04-24,Aframax,117896,Houston,Rotterdam,Chemicals,4769.2,724.04,94.27,50.5,Calm,1.2,2026,4,4,2
2024-11-22,Panamax,76913,Santos,Rotterdam,Grain,5328.7,579.75,104.49,54.58,Stormy,7.4,2024,11,4,4
2025-01-21,Panamax,65483,Santos,Qingdao,Iron Ore,11619.3,630.34,95.26,66.35,Calm,5.7,2025,1,1,1
2023-12-22,Capesize,178290,Port Hedland,Qingdao,Iron Ore,3661.7,669.52,102.41,24.18,Rough Sea,2.7,2023,12,4,4
2024-10-22,Capesize,197923,Port Hedland,Qingdao,Iron Ore,3575.4,584.3,98.36,18.03,Calm,2.3,2024,10,1,4
2025-04-06,Suezmax,153306,Ras Tanura,Qingdao,Crude Oil,6255.2,547.59,89.31,37.51,Calm,4.4,2025,4,6,2
2024-01-22,Panamax,84875,Tubarao,Qingdao,Bauxite,11381.2,703.93,94.78,76.64,Rough Sea,6.9,2024,1,0,1
2026-08-04,Capesize,172654,Richards Bay,Rotterdam,Thermal Coal,6923.0,666.1,109.4,32.25,Moderate,1.6,2026,8,1,3
2024-08-03,Panamax,70515,Newcastle,Mumbai,Thermal Coal,5974.1,649.56,91.36,48.2,Rough Sea,0.7,2024,8,5,3
2025-03-17,Suezmax,163692,Ras Tanura,Qingdao,Crude Oil,6125.9,567.2,98.08,40.11,Moderate,3.3,2025,3,0,1
2026-08-10,VLCC,303808,Ras Tanura,Singapore,Crude Oil,3622.5,678.95,102.14,28.27,Calm,3.2,2026,8,0,3
2025-08-31,Suezmax,147881,Houston,Rotterdam,Crude Oil,4885.2,619.41,112.25,44.4,Calm,7.5,2025,8,6,3
2025-07-24,LNG Carrier,82852,Ras Laffan,Tokyo,LNG,6671.6,587.4,97.61,106.51,Moderate,1.7,2025,7,3,3
2024-11-06,Aframax,114890,Corpus Christi,Antwerp,Refined Petroleum,4922.1,600.3,95.3,57.35,Rough Sea,8.7,2024,11,2,4
2025-05-13,Panamax,72934,Santos,Rotterdam,Bauxite,5310.6,568.7,101.66,42.01,Moderate,1.7,2025,5,1,2
2024-05-15,Container Post-Panamax,85964,Shanghai,Los Angeles,Containerized Freight,5701.1,733.51,112.15,96.82,Moderate,1.7,2024,5,2,2
2024-02-17,Suezmax,164060,Ras Tanura,Singapore,Crude Oil,3720.9,690.37,116.47,42.76,Moderate,3.8,2024,2,5,1
2025-04-09,LNG Carrier,85777,Dampier,Yokohama,LNG,4047.2,583.5,104.92,83.56,Moderate,0.5,2025,4,2,2
2025-10-21,VLCC,280014,Ras Tanura,Singapore,Crude Oil,3812.8,662.33,97.92,23.12,Calm,0.8,2025,10,1,4
2024-11-09,Suezmax,138300,Corpus Christi,Antwerp,Crude Oil,4834.0,617.21,108.92,46.08,Rough Sea,7.2,2024,11,5,4
2025-09-17,VLCC,319380,Ras Tanura,Qingdao,Crude Oil,6349.0,639.47,124.63,44.46,Moderate,7.8,2025,9,2,3
2026-05-01,Capesize,181971,Port Hedland,Qingdao,Iron Ore,3594.2,708.18,96.05,21.26,Calm,0.5,2026,5,4,2
2026-09-28,Container Post-Panamax,111606,Ningbo,Hamburg,Containerized Freight,10447.1,622.74,111.95,135.25,Rough Sea,0.5,2026,9,0,3
2026-03-08,Panamax,67561,Newcastle,Mumbai,Thermal Coal,5791.8,715.21,102.77,56.54,Rough Sea,2.6,2026,3,6,1
2026-04-28,LNG Carrier,79519,Dampier,Yokohama,Iron Ore,4046.4,675.7,96.03,88.53,Calm,3.2,2026,4,1,2
2026-02-24,Capesize,186558,Port Hedland,Qingdao,Iron Ore,3649.3,705.9,75.74,22.77,Calm,4.5,2026,2,1,1
2024-04-05,Container Post-Panamax,102472,Shanghai,Los Angeles,Containerized Freight,5543.4,689.01,91.39,97.12,Moderate,7.0,2024,4,4,2
2023-12-03,Supramax,60002,Singapore,Dubai,Chemicals,3472.5,681.87,93.06,45.63,Moderate,0.5,2023,12,6,4
2026-05-18,Panamax,71967,Richards Bay,Rotterdam,Thermal Coal,6987.2,696.72,106.55,56.75,Rough Sea,2.5,2026,5,0,2
2026-02-24,Supramax,51121,Santos,Rotterdam,Bauxite,5509.6,737.18,108.13,66.38,Moderate,0.5,2026,2,1,1
2025-01-18,Suezmax,138061,Corpus Christi,Antwerp,Crude Oil,4858.4,589.24,100.72,36.47,Calm,4.0,2025,1,5,1
2025-09-14,Supramax,53683,Singapore,Dubai,Steel Coils,3472.1,606.94,130.3,56.61,Calm,3.9,2025,9,6,3
2024-10-31,Container Post-Panamax,117504,Ningbo,Hamburg,Containerized Freight,10731.4,608.05,122.4,129.43,Calm,2.0,2024,10,3,4
2026-04-08,Supramax,59492,Santos,Rotterdam,Bauxite,5362.5,681.39,110.48,59.88,Moderate,0.5,2026,4,2,2
2025-11-26,Panamax,79443,Santos,Qingdao,Iron Ore,11589.0,692.91,110.87,71.71,Moderate,0.7,2025,11,2,4
2024-08-03,Capesize,167564,Newcastle,Mumbai,Thermal Coal,5832.6,704.97,109.6,32.59,Moderate,2.3,2024,8,5,3
2025-04-13,LNG Carrier,80990,Dampier,Yokohama,LNG,3954.4,613.9,89.47,83.41,Calm,4.1,2025,4,6,2
2025-09-20,Capesize,173332,Dampier,Yokohama,Iron Ore,3992.9,603.71,91.23,16.73,Calm,2.4,2025,9,5,3
2025-03-06,Container Post-Panamax,94268,Ningbo,Hamburg,Containerized Freight,10767.6,580.03,103.35,130.96,Rough Sea,1.6,2025,3,3,1
2024-12-28,LNG Carrier,70935,Ras Laffan,Tokyo,LNG,6362.3,587.36,90.41,106.41,Moderate,1.7,2024,12,5,4
2024-04-30,Panamax,81074,Richards Bay,Rotterdam,Thermal Coal,7082.9,714.77,95.9,58.3,Rough Sea,7.1,2024,4,1,2
2026-07-29,Capesize,205006,Newcastle,Mumbai,Thermal Coal,5751.2,672.9,96.65,33.89,Moderate,10.9,2026,7,2,3
2024-08-22,VLCC,319766,Ras Tanura,Qingdao,Crude Oil,6340.2,656.35,123.07,46.14,Calm,14.0,2024,8,3,3
2024-09-08,Capesize,170358,Richards Bay,Rotterdam,Thermal Coal,7070.2,648.58,92.32,27.68,Moderate,2.0,2024,9,6,3
2024-04-07,Capesize,207067,Dampier,Yokohama,LNG,4019.9,693.99,98.22,28.28,Moderate,8.7,2024,4,6,2
2024-10-22,Suezmax,154708,Ras Tanura,Singapore,Crude Oil,3649.9,580.33,111.11,31.05,Moderate,3.1,2024,10,1,4
2024-10-28,Panamax,77616,Richards Bay,Rotterdam,Thermal Coal,7077.8,625.41,117.68,61.32,Calm,9.7,2024,10,0,4
2026-08-11,Container Post-Panamax,107063,Shanghai,Los Angeles,Containerized Freight,5627.8,635.94,92.25,85.38,Moderate,1.9,2026,8,1,3
2024-04-24,Capesize,196730,Port Hedland,Qingdao,Iron Ore,3616.0,710.91,107.35,30.15,Stormy,5.4,2024,4,2,2
2024-12-03,LNG Carrier,85827,Ras Laffan,Tokyo,LNG,6459.5,593.3,92.28,110.18,Rough Sea,1.1,2024,12,1,4
2024-10-17,Panamax,81799,Richards Bay,Rotterdam,Thermal Coal,7282.7,632.4,112.15,56.52,Calm,6.7,2024,10,3,4
2025-12-06,Container Post-Panamax,130555,Ningbo,Hamburg,Containerized Freight,10434.0,664.81,107.06,123.89,Calm,1.2,2025,12,5,4
2026-08-21,Container Post-Panamax,91777,Ningbo,Hamburg,Containerized Freight,10730.8,637.48,85.28,124.27,Moderate,1.4,2026,8,4,3
2025-04-22,Capesize,187385,Dampier,Yokohama,Iron Ore,3969.6,583.83,99.52,20.05,Calm,4.7,2025,4,1,2
2025-07-29,Capesize,209047,Dampier,Yokohama,LNG,3833.8,599.34,102.33,22.48,Calm,5.1,2025,7,1,3
2026-05-21,Capesize,175640,Newcastle,Mumbai,Thermal Coal,5855.7,724.09,92.0,23.22,Moderate,0.8,2026,5,3,2
2026-07-14,Panamax,77541,Santos,Qingdao,Grain,11844.5,697.11,99.04,76.09,Calm,6.0,2026,7,1,3
2023-10-16,Capesize,203924,Port Hedland,Qingdao,Iron Ore,3661.5,674.55,117.25,44.26,Moderate,18.0,2023,10,0,4
2025-07-23,LNG Carrier,86961,Ras Laffan,Tokyo,LNG,6706.0,586.13,97.67,105.82,Calm,4.3,2025,7,2,3
2024-12-12,Panamax,77409,Santos,Rotterdam,Bauxite,5304.5,605.08,96.8,41.56,Moderate,2.4,2024,12,3,4
2025-02-12,LNG Carrier,77227,Ras Laffan,Tokyo,LNG,6668.0,585.55,97.46,114.9,Rough Sea,1.5,2025,2,2,1
2025-11-30,Container Post-Panamax,99324,Shanghai,Los Angeles,Containerized Freight,5802.3,693.41,100.33,89.3,Calm,0.5,2025,11,6,4
2024-11-02,VLCC,289034,Ras Tanura,Singapore,Crude Oil,3658.0,686.74,109.48,32.81,Rough Sea,3.2,2024,11,5,4
2024-01-07,Panamax,69382,Newcastle,Mumbai,Thermal Coal,5940.5,731.13,99.84,52.09,Moderate,4.6,2024,1,6,1
2026-02-05,Supramax,63610,Houston,Rotterdam,Chemicals,4892.2,710.69,83.54,50.07,Moderate,0.6,2026,2,3,1
2024-01-24,LNG Carrier,74691,Dampier,Yokohama,Iron Ore,3879.2,735.12,90.68,82.43,Calm,0.9,2024,1,2,1
2026-02-04,VLCC,294450,Ras Tanura,Singapore,Crude Oil,3713.9,656.38,103.71,30.1,Calm,5.3,2026,2,2,1
2024-07-02,Capesize,169198,Newcastle,Mumbai,Thermal Coal,5941.4,699.23,90.42,23.59,Moderate,0.6,2024,7,1,3
2026-04-26,Capesize,161570,Tubarao,Qingdao,Bauxite,11454.7,718.52,110.6,47.63,Rough Sea,6.0,2026,4,6,2
2023-11-11,Panamax,75728,Newcastle,Mumbai,Thermal Coal,5745.1,689.29,99.4,49.17,Calm,2.0,2023,11,5,4
2024-01-05,Panamax,67766,Newcastle,Mumbai,Thermal Coal,6047.8,678.21,106.91,50.28,Moderate,4.7,2024,1,4,1
2025-08-15,Suezmax,156579,Ras Tanura,Qingdao,Crude Oil,6326.4,567.63,101.58,54.41,Monsoon/Tropical Cyclone,4.8,2025,8,4,3
2025-07-03,Panamax,73839,Newcastle,Mumbai,Thermal Coal,5730.3,558.45,111.6,50.94,Calm,6.1,2025,7,3,3
2024-05-27,Suezmax,132799,Ras Tanura,Qingdao,Crude Oil,6230.8,692.3,90.82,48.57,Calm,3.5,2024,5,0,2
2024-01-02,Capesize,208573,Richards Bay,Rotterdam,Thermal Coal,7203.7,715.6,90.56,31.23,Calm,3.5,2024,1,1,1
2025-11-02,LNG Carrier,72509,Ras Laffan,Tokyo,LNG,6558.6,680.93,98.77,115.44,Moderate,3.5,2025,11,6,4
2024-07-30,Container Post-Panamax,81226,Singapore,Dubai,Steel Coils,3465.2,661.63,101.25,75.09,Calm,0.5,2024,7,1,3
2023-10-13,VLCC,292697,Ras Tanura,Singapore,Crude Oil,3751.6,693.99,98.87,26.2,Calm,0.5,2023,10,4,4
2025-01-19,Supramax,58454,Santos,Rotterdam,Grain,5576.0,612.73,76.25,46.21,Calm,0.5,2025,1,6,1
2024-11-27,Capesize,192158,Port Hedland,Qingdao,Iron Ore,3703.0,605.74,105.9,22.16,Calm,0.5,2024,11,2,4
2024-08-24,Panamax,71640,Santos,Qingdao,Grain,12083.8,684.17,108.99,70.74,Calm,1.6,2024,8,5,3
2024-06-25,Capesize,190559,Richards Bay,Rotterdam,Thermal Coal,7190.8,647.03,98.93,31.21,Rough Sea,6.3,2024,6,1,2
2026-07-25,VLCC,294476,Ras Tanura,Singapore,Crude Oil,3677.4,696.78,110.92,32.27,Calm,6.7,2026,7,5,3
2024-10-02,Capesize,202659,Richards Bay,Rotterdam,Thermal Coal,7046.6,610.61,116.74,34.67,Calm,3.5,2024,10,2,4
2026-02-14,Container Post-Panamax,88783,Ningbo,Hamburg,Containerized Freight,10341.7,736.84,104.9,150.0,Rough Sea,8.7,2026,2,5,1
2025-09-04,Supramax,50321,Santos,Rotterdam,Bauxite,5334.9,597.08,102.89,54.88,Moderate,1.3,2025,9,3,3
2026-07-02,Capesize,191252,Dampier,Yokohama,LNG,3857.7,694.5,77.69,25.24,Moderate,12.5,2026,7,3,3
2025-12-20,Suezmax,135963,Corpus Christi,Antwerp,Crude Oil,4847.3,700.88,106.41,41.13,Moderate,4.8,2025,12,5,4
2025-07-30,Suezmax,145556,Ras Tanura,Qingdao,Crude Oil,6073.0,607.75,89.11,48.94,Moderate,11.3,2025,7,2,3
2024-05-02,LNG Carrier,75525,Ras Laffan,Tokyo,LNG,6654.1,733.18,96.37,116.26,Moderate,1.3,2024,5,3,2
2025-03-02,VLCC,297916,Ras Tanura,Qingdao,Crude Oil,6162.0,545.45,103.05,26.28,Moderate,4.3,2025,3,6,1
2024-07-26,Suezmax,138522,Houston,Rotterdam,Refined Petroleum,4945.8,702.18,103.38,45.17,Calm,0.5,2024,7,4,3
2024-06-11,Capesize,161944,Richards Bay,Rotterdam,Thermal Coal,7229.0,759.74,108.22,34.33,Moderate,3.9,2024,6,1,2
2025-05-21,Container Post-Panamax,117402,Ningbo,Hamburg,Containerized Freight,10537.2,537.89,106.69,121.86,Moderate,1.5,2025,5,2,2
2024-06-21,Supramax,62102,Santos,Rotterdam,Bauxite,5357.4,720.1,117.66,76.38,Stormy,4.6,2024,6,4,2
2024-01-21,Capesize,206875,Richards Bay,Rotterdam,Thermal Coal,7237.0,697.31,100.57,37.23,Stormy,3.0,2024,1,6,1
2024-02-08,Capesize,195203,Newcastle,Mumbai,Thermal Coal,5963.2,743.11,103.65,35.39,Rough Sea,5.6,2024,2,3,1
2024-06-06,Suezmax,133774,Ras Tanura,Qingdao,Crude Oil,6135.5,703.97,95.68,48.94,Rough Sea,2.6,2024,6,3,2
2023-11-19,Suezmax,130971,Ras Tanura,Qingdao,Crude Oil,6150.0,658.98,108.73,51.18,Moderate,5.5,2023,11,6,4
2024-01-18,Panamax,72142,Newcastle,Mumbai,Thermal Coal,5844.6,681.37,94.87,47.34,Rough Sea,3.9,2024,1,3,1
2026-05-07,Capesize,191226,Santos,Qingdao,Iron Ore,11553.2,682.71,100.0,38.01,Calm,2.4,2026,5,3,2
2025-05-24,Capesize,172311,Dampier,Yokohama,LNG,3939.9,604.99,108.72,20.19,Calm,0.8,2025,5,5,2
2025-07-04,Container Post-Panamax,99361,Ningbo,Hamburg,Containerized Freight,10521.2,573.16,92.6,119.79,Calm,2.3,2025,7,4,3
2025-06-30,Panamax,68541,Richards Bay,Rotterdam,Thermal Coal,6953.0,582.07,109.73,49.62,Calm,2.1,2025,6,0,2
2026-01-24,Panamax,81173,Santos,Qingdao,Iron Ore,11650.5,698.39,91.51,67.57,Moderate,1.2,2026,1,5,1
2025-06-10,Container Post-Panamax,130228,Shanghai,Los Angeles,Containerized Freight,5729.4,589.65,103.77,91.54,Moderate,6.2,2025,6,1,2
2026-03-13,LNG Carrier,93808,Ras Laffan,Tokyo,LNG,6409.8,672.69,97.18,102.27,Calm,2.5,2026,3,4,1
2024-02-16,Suezmax,146791,Ras Tanura,Qingdao,Crude Oil,6168.2,717.79,89.27,38.17,Calm,1.3,2024,2,4,1
2025-07-02,Container Post-Panamax,106875,Ningbo,Hamburg,Containerized Freight,10756.3,584.42,112.16,123.87,Calm,3.4,2025,7,2,3
2026-04-08,Container Post-Panamax,124340,Ningbo,Hamburg,Containerized Freight,10212.8,733.53,99.23,128.62,Moderate,0.5,2026,4,2,2
2024-05-13,Capesize,161530,Port Hedland,Qingdao,Iron Ore,3710.9,690.22,99.89,32.39,Calm,10.4,2024,5,0,2
2024-12-27,Capesize,207835,Port Hedland,Qingdao,Iron Ore,3552.0,561.64,96.2,18.83,Calm,5.4,2024,12,4,4
2024-11-20,Capesize,184996,Santos,Qingdao,Grain,11570.8,625.02,120.34,37.36,Calm,3.3,2024,11,2,4
2024-05-15,Capesize,202852,Santos,Qingdao,Grain,11761.1,693.07,87.93,34.98,Moderate,1.8,2024,5,2,2
2024-12-29,Panamax,82540,Newcastle,Mumbai,Thermal Coal,5980.3,596.04,101.62,46.35,Calm,1.6,2024,12,6,4
2024-02-21,Panamax,71869,Santos,Qingdao,Iron Ore,12110.1,720.47,78.6,72.14,Rough Sea,1.9,2024,2,2,1
2024-06-04,Capesize,161123,Richards Bay,Rotterdam,Thermal Coal,7245.5,680.27,105.53,29.21,Rough Sea,0.8,2024,6,1,2
2024-08-03,LNG Carrier,94703,Ras Laffan,Tokyo,LNG,6599.7,698.8,113.78,115.38,Calm,2.8,2024,8,5,3
2024-06-04,Capesize,175801,Dampier,Yokohama,Iron Ore,3995.9,720.03,114.14,28.94,Moderate,1.1,2024,6,1,2
2025-03-07,Capesize,164889,Tubarao,Qingdao,Bauxite,11228.6,560.85,81.79,33.01,Calm,3.9,2025,3,4,1
2025-04-26,Container Post-Panamax,120106,Shanghai,Los Angeles,Containerized Freight,5834.0,621.9,99.13,90.23,Calm,3.1,2025,4,5,2
2025-07-25,Container Post-Panamax,81461,Ningbo,Hamburg,Containerized Freight,10586.2,587.77,106.69,123.86,Calm,5.4,2025,7,4,3
2025-09-26,LNG Carrier,81443,Ras Laffan,Tokyo,LNG,6530.8,638.44,109.24,107.82,Calm,2.0,2025,9,4,3
2026-02-06,Panamax,70871,Santos,Rotterdam,Bauxite,5495.0,728.28,92.84,49.97,Moderate,8.0,2026,2,4,1
2025-11-07,LNG Carrier,75265,Ras Laffan,Tokyo,LNG,6591.5,684.23,102.75,114.89,Moderate,4.0,2025,11,4,4
2024-05-30,Panamax,81848,Santos,Rotterdam,Bauxite,5563.0,693.07,119.88,51.95,Calm,4.8,2024,5,3,2
2024-02-02,Container Post-Panamax,91624,Ningbo,Hamburg,Containerized Freight,10231.8,722.19,88.72,131.05,Rough Sea,1.1,2024,2,4,1
2023-12-11,Panamax,65785,Tubarao,Qingdao,Iron Ore,11348.5,669.97,115.19,68.93,Calm,2.7,2023,12,0,4
2025-01-19,LNG Carrier,93691,Dampier,Yokohama,LNG,3891.2,614.96,84.75,80.62,Moderate,3.4,2025,1,6,1
2026-01-15,Container Post-Panamax,104790,Singapore,Dubai,Chemicals,3479.5,709.4,110.52,97.97,Stormy,8.2,2026,1,3,1
2023-10-12,Capesize,179065,Dampier,Yokohama,Iron Ore,3876.1,624.49,112.95,21.73,Moderate,0.5,2023,10,3,4
2026-01-12,Capesize,189821,Newcastle,Mumbai,Thermal Coal,5745.2,681.58,91.63,24.76,Calm,2.2,2026,1,0,1
2024-08-25,Container Post-Panamax,124932,Shanghai,Los Angeles,Containerized Freight,5577.5,660.15,86.98,95.23,Rough Sea,0.6,2024,8,6,3
2025-03-24,Panamax,79713,Tubarao,Qingdao,Iron Ore,11251.0,513.5,103.43,63.39,Rough Sea,1.5,2025,3,0,1
2026-07-14,Panamax,74080,Santos,Qingdao,Iron Ore,11849.7,720.36,97.82,84.45,Monsoon/Tropical Cyclone,2.7,2026,7,1,3
2025-09-10,Panamax,83814,Santos,Rotterdam,Bauxite,5582.4,624.94,109.36,51.79,Rough Sea,2.0,2025,9,2,3
2026-06-18,Supramax,56212,Singapore,Dubai,Containerized Freight,3425.6,656.11,87.77,43.01,Moderate,1.3,2026,6,3,2
2026-02-28,Capesize,175955,Dampier,Yokohama,Iron Ore,3926.1,703.14,82.96,22.77,Calm,5.7,2026,2,5,1
2025-05-31,Capesize,200091,Richards Bay,Rotterdam,Thermal Coal,6958.7,558.8,92.13,28.11,Moderate,4.4,2025,5,5,2
2025-07-23,Suezmax,160368,Ras Tanura,Qingdao,Crude Oil,6113.3,603.92,85.06,34.25,Calm,0.5,2025,7,2,3
2024-10-19,Aframax,82651,Houston,Rotterdam,Refined Petroleum,4980.6,629.8,114.68,56.89,Calm,1.4,2024,10,5,4
2025-05-25,Panamax,65973,Tubarao,Qingdao,Iron Ore,11533.7,560.77,79.99,59.46,Calm,1.4,2025,5,6,2
2024-07-15,LNG Carrier,74534,Ras Laffan,Tokyo,LNG,6438.2,720.77,86.03,104.49,Calm,0.5,2024,7,0,3
2026-03-16,Container Post-Panamax,118678,Ningbo,Hamburg,Containerized Freight,10733.2,735.04,99.43,155.95,Stormy,5.7,2026,3,0,1
2024-07-25,Container Post-Panamax,127090,Shanghai,Los Angeles,Containerized Freight,5844.2,729.45,99.03,97.82,Calm,6.4,2024,7,3,3
2025-05-09,Capesize,201046,Santos,Qingdao,Iron Ore,11900.5,590.44,108.39,33.9,Calm,0.5,2025,5,4,2
2024-11-02,Panamax,84994,Tubarao,Qingdao,Iron Ore,11357.5,602.97,114.23,64.98,Calm,1.6,2024,11,5,4
2026-04-27,Container Post-Panamax,126076,Singapore,Dubai,Steel Coils,3467.9,722.55,119.42,83.86,Calm,9.4,2026,4,0,2
2024-05-05,Capesize,166859,Newcastle,Mumbai,Thermal Coal,5998.1,646.8,110.27,24.78,Calm,1.0,2024,5,6,2
2023-10-27,Container Post-Panamax,107054,Shanghai,Los Angeles,Containerized Freight,5775.9,654.71,106.59,91.19,Moderate,2.7,2023,10,4,4
2024-04-02,Supramax,61148,Santos,Rotterdam,Grain,5527.4,732.13,92.58,62.98,Moderate,5.7,2024,4,1,2
2026-02-26,Suezmax,157278,Ras Tanura,Qingdao,Crude Oil,6127.4,704.47,85.09,44.88,Moderate,2.7,2026,2,3,1
2024-10-30,Container Post-Panamax,85489,Shanghai,Los Angeles,Containerized Freight,5840.9,668.3,101.73,93.91,Calm,1.2,2024,10,2,4
2024-05-15,Container Post-Panamax,107885,Singapore,Dubai,Steel Coils,3434.1,669.03,102.5,91.68,Monsoon/Tropical Cyclone,2.5,2024,5,2,2
2024-08-17,Panamax,72573,Santos,Rotterdam,Bauxite,5337.4,670.7,92.26,47.36,Moderate,4.6,2024,8,5,3
2026-07-13,VLCC,299744,Ras Tanura,Singapore,Crude Oil,3632.6,674.78,98.34,25.34,Calm,0.8,2026,7,0,3
2024-03-03,Capesize,170760,Port Hedland,Qingdao,Iron Ore,3608.6,700.43,94.05,24.34,Moderate,5.6,2024,3,6,1
2026-04-21,Container Post-Panamax,91127,Ningbo,Hamburg,Containerized Freight,10757.0,715.82,103.96,142.97,Rough Sea,3.9,2026,4,1,2
2024-04-05,Capesize,181193,Port Hedland,Qingdao,Iron Ore,3730.6,671.86,85.26,28.26,Moderate,7.2,2024,4,4,2
2025-05-12,Capesize,181489,Tubarao,Qingdao,Bauxite,11164.3,572.85,101.84,33.89,Moderate,3.1,2025,5,0,2
2024-05-21,VLCC,281702,Ras Tanura,Singapore,Crude Oil,3722.2,712.29,101.63,29.67,Rough Sea,1.6,2024,5,1,2
2026-09-27,VLCC,289412,Ras Tanura,Qingdao,Crude Oil,6230.8,662.29,117.93,43.96,Moderate,9.1,2026,9,6,3
2024-06-08,Panamax,65365,Newcastle,Mumbai,Thermal Coal,5977.8,694.09,90.68,41.59,Calm,2.3,2024,6,5,2
2025-07-30,Panamax,68781,Richards Bay,Rotterdam,Thermal Coal,7104.5,595.19,76.64,46.13,Moderate,0.8,2025,7,2,3
2023-10-30,Suezmax,151736,Ras Tanura,Singapore,Crude Oil,3634.0,648.71,126.65,38.96,Calm,2.9,2023,10,0,4
2026-07-22,Supramax,60178,Singapore,Dubai,Steel Coils,3315.5,690.6,91.95,49.57,Moderate,0.5,2026,7,2,3
2026-06-20,LNG Carrier,70808,Ras Laffan,Tokyo,LNG,6643.6,688.26,110.67,117.95,Moderate,4.6,2026,6,5,2
2024-11-26,Panamax,79978,Santos,Rotterdam,Grain,5326.4,588.89,115.08,53.66,Moderate,8.4,2024,11,1,4
2024-05-18,Capesize,160225,Tubarao,Qingdao,Bauxite,11209.3,678.73,86.84,31.07,Moderate,0.5,2024,5,5,2
2025-11-11,Supramax,59052,Houston,Rotterdam,Chemicals,4873.1,689.69,119.01,65.52,Moderate,9.8,2025,11,1,4
2025-01-20,LNG Carrier,77222,Ras Laffan,Tokyo,LNG,6547.5,616.42,88.54,123.85,Stormy,2.4,2025,1,0,1
2024-05-06,Panamax,77837,Richards Bay,Rotterdam,Thermal Coal,7185.3,713.34,100.94,67.31,Rough Sea,9.4,2024,5,0,2
2024-04-28,Container Post-Panamax,87980,Shanghai,Los Angeles,Containerized Freight,5732.4,697.36,98.94,98.13,Moderate,3.4,2024,4,6,2
2025-08-21,Supramax,61412,Santos,Rotterdam,Grain,5452.2,587.4,96.15,67.41,Stormy,2.8,2025,8,3,3
2026-07-18,Suezmax,138233,Houston,Rotterdam,Chemicals,4844.8,668.03,106.94,50.76,Stormy,1.8,2026,7,5,3
2025-08-28,Capesize,196744,Port Hedland,Qingdao,Iron Ore,3565.0,628.58,73.2,21.4,Calm,10.4,2025,8,3,3
2025-01-17,Suezmax,147270,Corpus Christi,Antwerp,Refined Petroleum,5001.3,617.43,95.49,38.83,Calm,2.5,2025,1,4,1
2023-10-26,Aframax,93846,Houston,Rotterdam,Refined Petroleum,4776.2,691.74,100.45,54.8,Moderate,2.8,2023,10,3,4
2026-06-03,Suezmax,145265,Ras Tanura,Qingdao,Crude Oil,6096.3,709.25,102.36,46.53,Rough Sea,0.5,2026,6,2,2
2025-09-15,VLCC,281535,Ras Tanura,Qingdao,Crude Oil,6315.1,618.2,124.04,47.28,Rough Sea,8.6,2025,9,0,3
2026-07-28,VLCC,287816,Ras Tanura,Singapore,Crude Oil,3717.0,661.33,87.26,23.03,Moderate,1.1,2026,7,1,3
2024-01-10,Capesize,208235,Newcastle,Mumbai,Thermal Coal,5915.8,696.85,90.55,24.54,Moderate,0.5,2024,1,2,1
2025-01-26,Handysize,25293,Singapore,Dubai,Steel Coils,3499.8,558.91,96.65,56.88,Rough Sea,2.2,2025,1,6,1
2025-06-10,Aframax,108980,Corpus Christi,Antwerp,Crude Oil,4816.5,585.15,93.54,48.01,Moderate,2.4,2025,6,1,2
2024-07-14,Aframax,114764,Houston,Rotterdam,Crude Oil,4857.0,699.7,112.95,57.52,Calm,4.9,2024,7,6,3
2023-10-15,Capesize,207678,Tubarao,Qingdao,Iron Ore,11100.0,618.54,119.62,36.18,Calm,2.2,2023,10,6,4
2026-05-27,Panamax,81351,Santos,Qingdao,Iron Ore,11569.0,698.9,96.56,81.83,Stormy,2.8,2026,5,2,2
2025-07-24,LNG Carrier,70528,Ras Laffan,Tokyo,LNG,6433.8,627.28,94.79,106.52,Calm,7.2,2025,7,3,3
2026-03-19,Capesize,194459,Santos,Qingdao,Iron Ore,11894.6,722.67,109.08,43.74,Moderate,6.4,2026,3,3,1
2026-05-06,Container Post-Panamax,106893,Singapore,Dubai,Steel Coils,3320.6,718.2,108.97,73.52,Calm,0.5,2026,5,2,2
2026-01-06,Aframax,106705,Corpus Christi,Antwerp,Crude Oil,4989.9,693.49,105.28,58.47,Calm,9.5,2026,1,1,1
2023-10-02,LNG Carrier,83169,Ras Laffan,Tokyo,LNG,6381.1,662.35,89.51,104.0,Calm,2.7,2023,10,0,4
2025-05-18,LNG Carrier,85026,Dampier,Yokohama,Iron Ore,3883.8,571.83,107.2,80.69,Calm,0.5,2025,5,6,2
2026-06-22,Supramax,64503,Singapore,Dubai,Chemicals,3380.0,704.53,101.85,56.4,Rough Sea,7.1,2026,6,0,2
2025-01-30,Aframax,114568,Corpus Christi,Antwerp,Refined Petroleum,4966.8,550.55,96.13,45.19,Moderate,1.2,2025,1,3,1
2024-02-01,Panamax,78168,Newcastle,Mumbai,Thermal Coal,5794.5,682.98,96.67,43.33,Moderate,0.5,2024,2,3,1
2024-07-19,Container Post-Panamax,84697,Singapore,Dubai,Containerized Freight,3402.6,695.68,113.33,79.51,Moderate,0.6,2024,7,4,3
2026-04-12,LNG Carrier,81437,Ras Laffan,Tokyo,LNG,6386.9,719.28,99.53,130.01,Stormy,4.3,2026,4,6,2
2024-11-25,Panamax,84235,Santos,Rotterdam,Grain,5478.7,597.81,111.63,42.64,Moderate,0.5,2024,11,0,4
2024-11-01,Panamax,66369,Santos,Qingdao,Grain,12073.2,606.38,107.61,68.28,Calm,0.5,2024,11,4,4
2025-11-11,Container Post-Panamax,88956,Ningbo,Hamburg,Containerized Freight,10246.2,670.72,109.28,147.19,Rough Sea,11.1,2025,11,1,4
2025-10-18,LNG Carrier,93457,Dampier,Yokohama,LNG,3923.3,628.42,122.6,91.82,Moderate,3.5,2025,10,5,4
2025-06-15,Capesize,193263,Newcastle,Mumbai,Thermal Coal,6063.5,562.92,94.33,20.34,Calm,0.7,2025,6,6,2
2024-04-02,Suezmax,131232,Ras Tanura,Singapore,Crude Oil,3806.5,740.59,74.79,35.76,Stormy,2.2,2024,4,1,2
2024-04-16,Panamax,80927,Richards Bay,Rotterdam,Thermal Coal,7248.8,687.05,107.16,52.44,Calm,3.5,2024,4,1,2
2026-07-19,LNG Carrier,73432,Ras Laffan,Tokyo,LNG,6428.0,667.71,98.77,116.2,Rough Sea,1.7,2026,7,6,3
2024-12-05,LNG Carrier,72603,Dampier,Yokohama,Iron Ore,3927.4,588.68,92.35,96.04,Stormy,4.3,2024,12,3,4
2026-08-19,Suezmax,147254,Corpus Christi,Antwerp,Refined Petroleum,5007.8,673.48,90.5,35.98,Moderate,0.6,2026,8,2,3
2024-04-20,LNG Carrier,79562,Ras Laffan,Tokyo,LNG,6412.5,728.72,96.39,118.91,Rough Sea,1.9,2024,4,5,2
2025-05-24,Suezmax,160691,Ras Tanura,Qingdao,Crude Oil,6212.5,531.95,101.16,54.96,Rough Sea,16.1,2025,5,5,2
2024-08-06,Capesize,180684,Tubarao,Qingdao,Iron Ore,11339.0,673.87,109.5,44.98,Calm,11.2,2024,8,1,3
2024-07-04,Panamax,65538,Richards Bay,Rotterdam,Thermal Coal,6934.5,720.0,86.31,58.65,Rough Sea,4.4,2024,7,3,3
2025-10-15,Suezmax,164005,Ras Tanura,Qingdao,Crude Oil,6278.8,661.33,118.89,53.62,Rough Sea,5.7,2025,10,2,4
2025-11-01,Suezmax,139532,Corpus Christi,Antwerp,Crude Oil,4893.1,639.63,111.4,48.05,Rough Sea,4.1,2025,11,5,4
2026-02-21,Supramax,58206,Singapore,Dubai,Steel Coils,3462.0,725.47,104.65,61.5,Rough Sea,2.2,2026,2,5,1
2025-01-17,Container Post-Panamax,124670,Singapore,Dubai,Containerized Freight,3453.7,597.61,98.73,70.33,Calm,0.7,2025,1,4,1
2025-09-05,Capesize,181573,Newcastle,Mumbai,Thermal Coal,5827.5,622.36,100.43,23.49,Calm,1.6,2025,9,4,3
2023-10-27,Container Post-Panamax,95763,Shanghai,Los Angeles,Containerized Freight,5842.7,613.26,111.34,90.64,Calm,2.8,2023,10,4,4
2026-03-26,Panamax,73912,Newcastle,Mumbai,Thermal Coal,5779.6,731.1,97.22,44.4,Calm,0.5,2026,3,3,1
2026-01-14,Capesize,175079,Tubarao,Qingdao,Iron Ore,11036.4,737.6,104.36,40.84,Moderate,3.5,2026,1,2,1
2025-08-16,LNG Carrier,83966,Ras Laffan,Tokyo,LNG,6540.7,644.83,100.99,107.09,Calm,0.6,2025,8,5,3
2024-11-09,Container Post-Panamax,81395,Ningbo,Hamburg,Containerized Freight,10283.8,620.56,110.12,127.39,Moderate,4.4,2024,11,5,4
2025-08-28,Supramax,52899,Houston,Rotterdam,Chemicals,4861.9,620.28,98.73,56.91,Rough Sea,2.7,2025,8,3,3
2025-03-04,Supramax,64504,Singapore,Dubai,Steel Coils,3462.5,556.26,108.37,55.36,Stormy,7.2,2025,3,1,1
2023-10-16,Panamax,83268,Richards Bay,Rotterdam,Thermal Coal,7286.8,660.92,97.35,60.23,Stormy,3.8,2023,10,0,4
2026-01-21,Capesize,192193,Richards Bay,Rotterdam,Thermal Coal,7262.7,702.31,82.72,26.4,Calm,1.9,2026,1,2,1
2025-08-21,Container Post-Panamax,129539,Shanghai,Los Angeles,Containerized Freight,5802.1,599.68,101.7,93.19,Calm,10.7,2025,8,3,3
2024-02-26,Aframax,119819,Houston,Rotterdam,Crude Oil,4765.5,758.11,97.58,64.8,Monsoon/Tropical Cyclone,1.6,2024,2,0,1
2024-05-13,Capesize,177733,Dampier,Yokohama,Iron Ore,3905.9,731.44,92.25,20.44,Calm,3.4,2024,5,0,2
2026-08-03,LNG Carrier,90919,Dampier,Yokohama,Iron Ore,3898.0,668.76,111.7,92.0,Moderate,5.5,2026,8,0,3
2026-08-14,Panamax,66023,Newcastle,Mumbai,Thermal Coal,5925.7,697.64,104.34,50.76,Rough Sea,2.2,2026,8,4,3
2025-07-01,VLCC,285243,Ras Tanura,Qingdao,Crude Oil,6430.3,613.11,110.53,31.21,Calm,1.9,2025,7,1,3
2026-03-15,VLCC,311347,Ras Tanura,Qingdao,Crude Oil,6189.2,711.67,87.15,32.4,Rough Sea,3.1,2026,3,6,1
2024-09-15,Capesize,202154,Richards Bay,Rotterdam,Thermal Coal,7174.1,618.74,92.83,33.6,Monsoon/Tropical Cyclone,3.3,2024,9,6,3
2026-07-12,Panamax,73165,Santos,Rotterdam,Bauxite,5308.1,675.0,110.96,57.21,Stormy,6.1,2026,7,6,3
2025-11-01,Handysize,34588,Singapore,Dubai,Steel Coils,3439.8,669.58,112.56,65.95,Calm,5.1,2025,11,5,4
2026-07-15,Capesize,194055,Santos,Qingdao,Grain,11562.8,665.04,92.5,35.32,Moderate,0.5,2026,7,2,3
2026-01-24,Aframax,102867,Corpus Christi,Antwerp,Crude Oil,5029.2,700.22,89.88,54.09,Moderate,3.8,2026,1,5,1
2024-10-15,LNG Carrier,93205,Ras Laffan,Tokyo,LNG,6360.7,626.98,124.27,108.34,Calm,2.9,2024,10,1,4
2026-03-17,Capesize,199725,Port Hedland,Qingdao,Iron Ore,3701.7,703.32,114.79,28.64,Calm,1.8,2026,3,1,1
2026-07-29,Suezmax,163996,Ras Tanura,Qingdao,Crude Oil,6306.4,685.96,100.13,52.81,Stormy,3.7,2026,7,2,3
2025-07-14,Suezmax,153853,Ras Tanura,Qingdao,Crude Oil,6159.1,587.55,111.9,44.39,Rough Sea,1.7,2025,7,0,3
2025-09-19,Capesize,184346,Newcastle,Mumbai,Thermal Coal,6066.7,658.81,96.49,24.09,Calm,4.7,2025,9,4,3
2024-08-14,Container Post-Panamax,113355,Shanghai,Los Angeles,Containerized Freight,5786.0,675.51,102.63,94.2,Calm,5.7,2024,8,2,3
2024-01-18,Container Post-Panamax,80228,Shanghai,Los Angeles,Containerized Freight,5824.4,674.6,101.57,94.23,Calm,2.1,2024,1,3,1
2024-04-07,VLCC,296012,Ras Tanura,Singapore,Crude Oil,3703.9,718.72,109.21,32.48,Calm,2.5,2024,4,6,2
2025-04-24,LNG Carrier,78780,Ras Laffan,Tokyo,LNG,6659.9,577.4,117.3,113.94,Moderate,2.0,2025,4,3,2
2025-04-24,Aframax,87578,Houston,Rotterdam,Chemicals,4828.8,548.92,96.46,46.72,Calm,3.2,2025,4,3,2
2025-03-03,Capesize,197293,Tubarao,Qingdao,Bauxite,11125.3,553.85,97.01,34.15,Rough Sea,0.5,2025,3,0,1
2025-10-24,Container Post-Panamax,99352,Ningbo,Hamburg,Containerized Freight,10687.2,636.77,116.9,131.44,Calm,4.1,2025,10,4,4
2023-11-13,Panamax,76561,Richards Bay,Rotterdam,Thermal Coal,7131.1,638.34,96.78,50.86,Calm,1.5,2023,11,0,4
2024-05-27,Capesize,204494,Richards Bay,Rotterdam,Thermal Coal,7303.5,721.29,87.82,25.07,Rough Sea,1.5,2024,5,0,2
2026-03-15,Capesize,209133,Port Hedland,Qingdao,Iron Ore,3755.8,714.26,120.04,27.68,Calm,3.4,2026,3,6,1
2026-05-13,Panamax,80034,Santos,Qingdao,Grain,12070.5,694.15,120.49,82.81,Calm,10.5,2026,5,2,2
2023-10-09,Container Post-Panamax,133338,Shanghai,Los Angeles,Containerized Freight,5840.5,605.51,105.43,91.9,Calm,5.1,2023,10,0,4
2023-12-15,Capesize,188915,Richards Bay,Rotterdam,Thermal Coal,7175.8,648.33,92.01,28.04,Moderate,1.5,2023,12,4,4
2023-11-06,Capesize,193051,Tubarao,Qingdao,Iron Ore,10867.4,711.23,100.3,34.93,Calm,0.5,2023,11,0,4
2025-07-08,Container Post-Panamax,120422,Ningbo,Hamburg,Containerized Freight,10745.8,592.43,111.23,123.48,Calm,0.5,2025,7,1,3
2024-02-24,Capesize,182005,Newcastle,Mumbai,Thermal Coal,6066.1,721.3,85.76,27.25,Calm,5.5,2024,2,5,1
2025-02-10,Capesize,208732,Santos,Qingdao,Grain,12062.9,623.43,74.23,30.7,Moderate,2.8,2025,2,0,1
2024-11-15,Panamax,75894,Santos,Qingdao,Iron Ore,11655.4,616.18,94.68,64.78,Calm,0.5,2024,11,4,4
2025-01-10,Capesize,173680,Port Hedland,Qingdao,Iron Ore,3615.0,579.63,100.83,18.85,Moderate,0.5,2025,1,4,1
2024-08-23,Aframax,89702,Houston,Rotterdam,Refined Petroleum,4859.1,686.08,97.01,46.52,Calm,0.6,2024,8,4,3
2025-09-17,Supramax,63819,Santos,Rotterdam,Grain,5488.0,635.54,124.14,72.46,Stormy,7.2,2025,9,2,3
2025-05-07,Panamax,75597,Newcastle,Mumbai,Thermal Coal,6043.8,565.2,115.68,48.48,Calm,2.5,2025,5,2,2
2026-07-28,Capesize,208324,Newcastle,Mumbai,Thermal Coal,5915.9,690.91,87.49,23.97,Calm,0.5,2026,7,1,3
2025-11-06,Handysize,37730,Singapore,Dubai,Chemicals,3441.2,640.84,106.0,63.9,Moderate,0.5,2025,11,3,4
2025-12-10,Capesize,179053,Dampier,Yokohama,Iron Ore,4038.4,702.2,118.75,36.38,Stormy,5.2,2025,12,2,4
2024-07-20,Container Post-Panamax,92740,Shanghai,Los Angeles,Containerized Freight,5685.5,660.93,79.13,85.51,Moderate,0.5,2024,7,5,3
2024-06-27,Panamax,82693,Richards Bay,Rotterdam,Thermal Coal,7237.0,710.58,91.39,60.51,Calm,8.2,2024,6,3,2
2023-12-01,Supramax,52168,Singapore,Dubai,Chemicals,3394.0,661.7,102.56,54.43,Rough Sea,0.5,2023,12,4,4
2025-09-05,Supramax,56819,Houston,Rotterdam,Crude Oil,4875.2,619.56,87.82,49.2,Calm,0.5,2025,9,4,3
2025-11-11,Supramax,60090,Houston,Rotterdam,Chemicals,4829.5,680.23,117.84,60.89,Moderate,2.5,2025,11,1,4
2025-10-08,Panamax,66916,Santos,Rotterdam,Bauxite,5548.7,644.07,104.2,46.82,Calm,2.6,2025,10,2,4
2024-12-15,Container Post-Panamax,126075,Shanghai,Los Angeles,Containerized Freight,5728.9,605.77,98.64,81.97,Calm,2.2,2024,12,6,4
2026-08-20,Capesize,205272,Port Hedland,Qingdao,Iron Ore,3748.3,674.26,104.91,21.39,Moderate,2.1,2026,8,3,3
2025-06-12,Capesize,161555,Port Hedland,Qingdao,Iron Ore,3725.0,549.92,108.15,36.33,Stormy,12.3,2025,6,3,2
2026-07-22,Panamax,84191,Richards Bay,Rotterdam,Thermal Coal,6933.8,727.44,105.2,55.35,Calm,0.5,2026,7,2,3
2026-02-22,Container Post-Panamax,116226,Shanghai,Los Angeles,Containerized Freight,5610.3,719.52,80.34,91.05,Moderate,4.0,2026,2,6,1
2026-01-14,LNG Carrier,78448,Ras Laffan,Tokyo,LNG,6662.4,693.69,78.55,109.41,Moderate,6.1,2026,1,2,1
2025-10-19,Supramax,57947,Santos,Rotterdam,Bauxite,5390.0,651.81,118.76,66.84,Rough Sea,4.9,2025,10,6,4
2023-12-19,Suezmax,141057,Ras Tanura,Singapore,Crude Oil,3758.5,666.68,89.57,33.34,Calm,0.5,2023,12,1,4
2025-01-15,Capesize,162012,Port Hedland,Qingdao,Iron Ore,3707.3,534.06,115.99,23.44,Calm,2.7,2025,1,2,1
2023-12-19,Supramax,55818,Santos,Rotterdam,Grain,5599.7,708.44,93.33,70.02,Rough Sea,8.4,2023,12,1,4
2024-10-06,LNG Carrier,94825,Dampier,Yokohama,LNG,3907.3,624.98,103.99,89.91,Moderate,5.0,2024,10,6,4
2024-05-04,Capesize,206576,Port Hedland,Qingdao,Iron Ore,3592.8,723.7,103.23,23.82,Calm,0.5,2024,5,5,2
2026-04-17,Aframax,109984,Corpus Christi,Antwerp,Crude Oil,5009.2,711.67,104.25,55.43,Calm,4.2,2026,4,4,2
2026-06-20,Container Post-Panamax,89891,Shanghai,Los Angeles,Containerized Freight,5845.7,702.86,98.34,88.93,Calm,0.5,2026,6,5,2
2026-01-26,Capesize,170873,Port Hedland,Qingdao,Iron Ore,3656.3,690.29,99.3,18.48,Moderate,2.3,2026,1,0,1
2025-07-30,Panamax,72098,Santos,Rotterdam,Grain,5312.7,590.35,102.24,40.97,Calm,0.5,2025,7,2,3
2025-08-06,Suezmax,130714,Ras Tanura,Qingdao,Crude Oil,6428.3,580.18,107.76,47.31,Moderate,5.7,2025,8,2,3
2025-08-22,Container Post-Panamax,100583,Ningbo,Hamburg,Containerized Freight,10429.8,573.1,115.29,129.6,Moderate,4.6,2025,8,4,3
2025-12-24,Suezmax,141357,Ras Tanura,Qingdao,Crude Oil,6126.9,688.96,93.48,45.04,Moderate,1.8,2025,12,2,4
2026-02-10,Supramax,55389,Santos,Rotterdam,Grain,5288.3,696.47,112.94,60.39,Moderate,1.3,2026,2,1,1
2023-12-30,Capesize,184463,Richards Bay,Rotterdam,Thermal Coal,7032.9,684.88,100.59,28.32,Moderate,1.0,2023,12,5,4
2025-08-24,Panamax,65859,Santos,Qingdao,Iron Ore,12006.2,613.83,108.38,70.66,Calm,6.2,2025,8,6,3
2024-05-05,Supramax,54506,Singapore,Dubai,Steel Coils,3500.1,698.68,109.76,54.89,Calm,3.5,2024,5,6,2
2024-12-05,Capesize,195980,Santos,Qingdao,Iron Ore,11473.6,592.29,90.94,36.01,Monsoon/Tropical Cyclone,3.0,2024,12,3,4
2025-08-26,Suezmax,162250,Corpus Christi,Antwerp,Crude Oil,4925.3,642.96,110.44,58.33,Rough Sea,17.9,2025,8,1,3
2025-01-28,Container Post-Panamax,94754,Ningbo,Hamburg,Containerized Freight,10615.0,590.74,88.27,119.36,Calm,0.9,2025,1,1,1
2025-06-11,Capesize,176356,Dampier,Yokohama,Iron Ore,4043.4,611.2,108.42,22.23,Moderate,2.3,2025,6,2,2
2026-02-21,Capesize,186756,Newcastle,Mumbai,Thermal Coal,5982.3,734.09,88.15,24.6,Moderate,1.6,2026,2,5,1
2025-01-12,Panamax,75486,Santos,Rotterdam,Bauxite,5465.3,589.25,99.16,47.02,Rough Sea,3.3,2025,1,6,1
2025-07-24,Panamax,81147,Santos,Qingdao,Iron Ore,11494.8,574.93,90.54,64.96,Moderate,1.7,2025,7,3,3
2024-11-07,Capesize,209157,Richards Bay,Rotterdam,Thermal Coal,7080.4,607.53,98.44,28.86,Rough Sea,0.7,2024,11,3,4
2024-08-17,Suezmax,162189,Houston,Rotterdam,Crude Oil,4988.5,672.83,101.08,39.14,Calm,0.5,2024,8,5,3
2025-05-29,Panamax,67958,Newcastle,Mumbai,Thermal Coal,5762.7,597.44,95.47,45.6,Moderate,0.5,2025,5,3,2
2024-10-27,Suezmax,162921,Corpus Christi,Antwerp,Crude Oil,4863.3,608.24,102.69,39.72,Calm,3.2,2024,10,6,4
2025-08-31,Container Post-Panamax,91891,Ningbo,Hamburg,Containerized Freight,10503.0,626.83,106.75,131.79,Moderate,3.4,2025,8,6,3
2023-10-17,Panamax,66631,Newcastle,Mumbai,Thermal Coal,5930.6,691.04,113.66,47.85,Calm,0.5,2023,10,1,4
2025-11-19,Capesize,183560,Tubarao,Qingdao,Bauxite,11190.7,679.02,111.4,49.83,Stormy,4.2,2025,11,2,4
2025-03-31,Suezmax,147610,Corpus Christi,Antwerp,Refined Petroleum,4828.1,549.72,109.95,40.2,Moderate,2.7,2025,3,0,1
2024-06-03,Suezmax,140857,Ras Tanura,Singapore,Crude Oil,3828.8,734.72,89.5,35.42,Calm,1.3,2024,6,0,2
2026-01-30,Panamax,82399,Richards Bay,Rotterdam,Thermal Coal,6959.9,656.67,82.83,54.15,Moderate,10.4,2026,1,4,1
2024-09-27,Capesize,179024,Port Hedland,Qingdao,Iron Ore,3749.6,656.92,118.73,21.73,Calm,2.3,2024,9,4,3
2025-03-27,LNG Carrier,70028,Ras Laffan,Tokyo,LNG,6743.8,554.35,104.6,116.71,Rough Sea,0.6,2025,3,3,1
2025-03-04,Capesize,198481,Dampier,Yokohama,Iron Ore,3936.1,599.61,92.15,21.12,Calm,2.8,2025,3,1,1
2025-04-23,Supramax,58875,Santos,Rotterdam,Grain,5490.9,549.87,111.51,59.31,Calm,8.0,2025,4,2,2
2026-01-22,Suezmax,154002,Corpus Christi,Antwerp,Crude Oil,4801.1,719.48,105.33,39.8,Calm,0.8,2026,1,3,1
2025-01-23,Container Post-Panamax,117042,Shanghai,Los Angeles,Containerized Freight,5823.2,557.21,84.46,90.65,Moderate,10.8,2025,1,3,1
2024-03-01,Suezmax,137739,Corpus Christi,Antwerp,Crude Oil,4918.4,704.91,100.39,44.67,Rough Sea,5.2,2024,3,4,1
2025-11-14,VLCC,296477,Ras Tanura,Singapore,Crude Oil,3757.8,675.74,115.94,39.48,Calm,6.1,2025,11,4,4
2025-11-07,Suezmax,160020,Ras Tanura,Qingdao,Crude Oil,6197.3,691.26,99.49,47.37,Moderate,2.7,2025,11,4,4
2026-03-02,Aframax,115614,Houston,Rotterdam,Refined Petroleum,4967.0,710.58,98.28,58.28,Moderate,8.6,2026,3,0,1
2025-08-22,Suezmax,152003,Corpus Christi,Antwerp,Crude Oil,4901.3,629.54,94.08,38.42,Calm,1.3,2025,8,4,3
2026-09-29,Aframax,86614,Houston,Rotterdam,Crude Oil,4932.9,647.1,104.05,57.67,Rough Sea,3.2,2026,9,1,3
2025-10-31,Panamax,78603,Tubarao,Qingdao,Bauxite,11252.5,620.34,103.5,65.68,Calm,5.6,2025,10,4,4
2025-02-20,Suezmax,147269,Corpus Christi,Antwerp,Refined Petroleum,5001.8,561.42,89.0,43.23,Stormy,5.4,2025,2,3,1
2025-03-08,Capesize,175887,Santos,Qingdao,Grain,11910.4,588.7,90.44,33.95,Calm,0.8,2025,3,5,1
2025-11-13,LNG Carrier,92161,Ras Laffan,Tokyo,LNG,6686.8,675.52,95.35,107.02,Moderate,1.6,2025,11,3,4
2024-02-22,LNG Carrier,94495,Ras Laffan,Tokyo,LNG,6647.6,718.44,102.43,114.8,Calm,7.5,2024,2,3,1
2024-10-18,Suezmax,145500,Corpus Christi,Antwerp,Crude Oil,5034.1,589.62,106.29,41.59,Moderate,5.5,2024,10,4,4
2024-08-16,LNG Carrier,84416,Dampier,Yokohama,Iron Ore,3995.1,699.34,111.31,93.5,Moderate,0.8,2024,8,4,3
2025-03-13,Supramax,60678,Santos,Rotterdam,Bauxite,5462.8,618.35,89.93,62.8,Moderate,13.9,2025,3,3,1
2025-09-23,Panamax,78202,Richards Bay,Rotterdam,Thermal Coal,6987.7,641.54,100.04,51.49,Calm,3.1,2025,9,1,3
2025-03-28,Container Post-Panamax,81776,Ningbo,Hamburg,Containerized Freight,10643.5,614.71,90.44,122.75,Calm,1.9,2025,3,4,1
2026-02-18,Panamax,82323,Santos,Qingdao,Grain,12030.7,696.94,93.36,72.04,Rough Sea,1.1,2026,2,2,1
2026-04-28,Suezmax,138312,Ras Tanura,Qingdao,Crude Oil,6173.8,711.03,104.99,51.91,Moderate,6.1,2026,4,1,2
2026-04-11,Suezmax,146124,Ras Tanura,Singapore,Crude Oil,3634.9,715.47,80.85,37.25,Monsoon/Tropical Cyclone,2.3,2026,4,5,2
2024-02-03,Container Post-Panamax,132478,Singapore,Dubai,Chemicals,3472.5,669.65,98.29,88.77,Rough Sea,12.4,2024,2,5,1
2025-02-03,Panamax,74542,Newcastle,Mumbai,Thermal Coal,5918.3,557.3,106.23,49.52,Rough Sea,2.5,2025,2,0,1
2023-12-31,LNG Carrier,88832,Ras Laffan,Tokyo,LNG,6532.3,700.08,88.49,106.21,Calm,3.4,2023,12,6,4
2026-05-30,Capesize,208231,Tubarao,Qingdao,Iron Ore,11332.3,714.92,100.97,39.94,Rough Sea,1.5,2026,5,5,2
2023-10-29,Capesize,199313,Port Hedland,Qingdao,Iron Ore,3571.3,646.3,102.62,22.58,Calm,3.7,2023,10,6,4
2025-12-10,Panamax,75840,Santos,Qingdao,Iron Ore,11697.7,686.34,100.37,77.61,Rough Sea,0.5,2025,12,2,4
2024-10-22,Panamax,81237,Santos,Qingdao,Grain,11582.0,682.34,94.01,67.15,Moderate,0.6,2024,10,1,4
2025-04-09,Capesize,179763,Richards Bay,Rotterdam,Thermal Coal,7284.6,559.06,99.07,27.4,Moderate,2.1,2025,4,2,2
2025-02-22,VLCC,291173,Ras Tanura,Qingdao,Crude Oil,6302.1,594.16,104.95,33.51,Calm,2.4,2025,2,5,1
2025-06-10,Suezmax,140668,Ras Tanura,Qingdao,Crude Oil,6127.6,540.41,93.65,44.78,Stormy,1.5,2025,6,1,2
2026-02-21,VLCC,301492,Ras Tanura,Singapore,Crude Oil,3747.0,741.33,98.16,28.83,Calm,0.7,2026,2,5,1
2023-12-25,Panamax,81271,Newcastle,Mumbai,Thermal Coal,5972.0,706.63,77.34,42.34,Moderate,2.3,2023,12,0,4
2026-08-23,Aframax,106938,Corpus Christi,Antwerp,Crude Oil,4924.2,678.8,101.55,46.59,Calm,2.4,2026,8,6,3
2024-05-20,Container Post-Panamax,132461,Singapore,Dubai,Containerized Freight,3399.1,711.59,94.9,81.06,Rough Sea,3.9,2024,5,0,2
2025-07-26,Suezmax,142244,Ras Tanura,Qingdao,Crude Oil,6406.5,569.43,90.49,48.88,Calm,7.1,2025,7,5,3
2025-09-29,Capesize,185454,Port Hedland,Qingdao,Iron Ore,3735.0,633.08,118.86,31.72,Calm,6.6,2025,9,0,3
2025-12-11,LNG Carrier,76610,Ras Laffan,Tokyo,LNG,6426.0,676.27,100.36,113.36,Moderate,0.5,2025,12,3,4
2025-01-14,Capesize,199771,Dampier,Yokohama,LNG,3952.7,591.41,90.5,14.41,Calm,1.2,2025,1,1,1
2025-03-23,Supramax,55981,Houston,Rotterdam,Crude Oil,4798.2,559.43,106.03,51.21,Calm,1.6,2025,3,6,1
2026-08-03,Suezmax,130059,Houston,Rotterdam,Refined Petroleum,4808.5,708.07,118.32,47.84,Moderate,4.5,2026,8,0,3
2025-11-30,Capesize,165356,Port Hedland,Qingdao,Iron Ore,3729.5,688.11,98.73,25.11,Calm,6.6,2025,11,6,4
2025-12-05,Capesize,177269,Newcastle,Mumbai,Thermal Coal,5943.4,662.02,97.51,32.75,Moderate,5.9,2025,12,4,4
2024-03-15,Capesize,173127,Santos,Qingdao,Iron Ore,11514.4,724.89,88.99,46.17,Calm,10.3,2024,3,4,1
2025-07-26,Capesize,181574,Santos,Qingdao,Iron Ore,12116.2,600.03,118.8,49.31,Rough Sea,6.3,2025,7,5,3
2024-05-15,Capesize,201750,Tubarao,Qingdao,Bauxite,10890.7,739.79,101.89,40.1,Moderate,3.8,2024,5,2,2
2026-03-17,Container Post-Panamax,103402,Shanghai,Los Angeles,Containerized Freight,5614.8,716.69,97.65,89.9,Calm,1.0,2026,3,1,1
2023-11-18,Panamax,83261,Santos,Qingdao,Iron Ore,11939.0,663.82,101.63,71.01,Moderate,2.1,2023,11,5,4
2023-11-15,Panamax,81209,Newcastle,Mumbai,Thermal Coal,5765.2,679.95,114.43,55.28,Rough Sea,4.0,2023,11,2,4
2026-07-31,Container Post-Panamax,126898,Singapore,Dubai,Chemicals,3315.7,740.79,107.81,84.41,Rough Sea,4.3,2026,7,4,3
2026-08-04,Capesize,162193,Santos,Qingdao,Grain,11719.5,673.27,118.59,47.67,Moderate,10.6,2026,8,1,3
2024-04-06,Handysize,28474,Singapore,Dubai,Chemicals,3423.3,726.5,105.5,81.23,Monsoon/Tropical Cyclone,2.0,2024,4,5,2
2026-09-15,LNG Carrier,92474,Ras Laffan,Tokyo,LNG,6382.7,649.32,108.36,103.73,Calm,2.3,2026,9,1,3
2025-03-20,Aframax,111389,Houston,Rotterdam,Refined Petroleum,4755.6,550.25,93.92,45.61,Calm,3.8,2025,3,3,1
2026-08-02,Capesize,181653,Richards Bay,Rotterdam,Thermal Coal,6986.4,684.36,94.25,26.55,Calm,0.5,2026,8,6,3
2025-11-09,LNG Carrier,80918,Dampier,Yokohama,LNG,4022.5,655.18,97.55,83.64,Calm,1.8,2025,11,6,4
2024-12-17,Capesize,203183,Santos,Qingdao,Iron Ore,12148.2,590.64,108.14,39.62,Moderate,1.7,2024,12,1,4
2025-01-11,Suezmax,143414,Ras Tanura,Qingdao,Crude Oil,6162.0,556.43,93.21,39.68,Calm,3.0,2025,1,5,1
2026-01-02,Suezmax,159643,Ras Tanura,Singapore,Crude Oil,3827.1,662.32,100.81,33.26,Calm,0.5,2026,1,4,1
2026-04-10,VLCC,303471,Ras Tanura,Qingdao,Crude Oil,6096.1,715.59,83.11,31.16,Moderate,5.9,2026,4,4,2
2024-06-05,Panamax,69185,Santos,Rotterdam,Grain,5483.5,680.15,78.92,44.07,Calm,0.5,2024,6,2,2
2024-01-27,Capesize,169977,Port Hedland,Qingdao,Iron Ore,3668.5,762.83,100.32,26.39,Rough Sea,1.0,2024,1,5,1
2025-04-24,Capesize,164758,Dampier,Yokohama,Iron Ore,4029.2,534.6,100.54,25.71,Stormy,2.2,2025,4,3,2
2025-12-30,Aframax,113034,Corpus Christi,Antwerp,Refined Petroleum,4923.8,700.75,103.64,62.04,Moderate,8.9,2025,12,1,4
2025-12-30,Container Post-Panamax,97431,Ningbo,Hamburg,Containerized Freight,10422.9,695.88,105.89,126.21,Calm,1.6,2025,12,1,4
2026-06-11,Aframax,81892,Corpus Christi,Antwerp,Refined Petroleum,4806.9,684.76,97.39,54.5,Calm,4.3,2026,6,3,2
2024-08-22,Capesize,168818,Tubarao,Qingdao,Iron Ore,11151.4,652.48,111.78,39.05,Calm,2.1,2024,8,3,3
2023-10-02,Suezmax,159914,Corpus Christi,Antwerp,Crude Oil,4950.8,624.66,101.42,45.86,Calm,11.5,2023,10,0,4
2024-04-29,Container Post-Panamax,131278,Shanghai,Los Angeles,Containerized Freight,5780.4,699.8,103.55,95.29,Moderate,0.9,2024,4,0,2
2025-03-22,Panamax,66590,Santos,Rotterdam,Bauxite,5595.3,576.61,101.52,43.88,Moderate,2.2,2025,3,5,1
2023-10-30,Capesize,199885,Port Hedland,Qingdao,Iron Ore,3659.7,620.33,86.73,16.36,Moderate,4.3,2023,10,0,4
2025-11-17,Handysize,29931,Singapore,Dubai,Steel Coils,3348.7,650.01,127.47,67.93,Calm,5.2,2025,11,0,4
2025-06-26,Handysize,25174,Singapore,Dubai,Containerized Freight,3396.3,603.96,80.05,59.72,Stormy,2.2,2025,6,3,2
2024-10-13,Container Post-Panamax,87645,Shanghai,Los Angeles,Containerized Freight,5718.0,620.62,101.11,96.82,Rough Sea,2.5,2024,10,6,4
2026-01-28,Panamax,74364,Santos,Qingdao,Iron Ore,11783.7,712.51,97.23,68.16,Calm,4.5,2026,1,2,1
2024-03-30,LNG Carrier,90426,Ras Laffan,Tokyo,LNG,6489.4,664.02,107.16,110.35,Calm,6.4,2024,3,5,1
2024-01-18,Container Post-Panamax,123209,Shanghai,Los Angeles,Containerized Freight,5637.3,681.03,93.65,110.19,Stormy,7.0,2024,1,3,1
2024-08-11,Container Post-Panamax,98113,Ningbo,Hamburg,Containerized Freight,10479.3,714.63,103.56,137.23,Calm,11.9,2024,8,6,3
2026-02-17,LNG Carrier,78824,Dampier,Yokohama,LNG,3990.4,726.87,102.57,114.12,Monsoon/Tropical Cyclone,6.2,2026,2,1,1
2025-08-11,Panamax,71877,Santos,Rotterdam,Bauxite,5356.1,660.71,96.56,47.38,Calm,2.5,2025,8,0,3
2025-05-16,Supramax,62271,Singapore,Dubai,Chemicals,3323.5,553.7,102.52,42.18,Calm,1.5,2025,5,4,2
2025-12-19,Panamax,76465,Santos,Rotterdam,Grain,5570.0,715.36,113.91,48.21,Moderate,0.8,2025,12,4,4
2025-11-24,Aframax,114525,Houston,Rotterdam,Crude Oil,4978.9,652.02,97.4,56.54,Calm,9.1,2025,11,0,4
2025-07-31,Suezmax,130063,Ras Tanura,Qingdao,Crude Oil,6355.0,598.25,104.57,46.35,Moderate,2.7,2025,7,3,3
2024-12-01,Suezmax,143218,Ras Tanura,Singapore,Crude Oil,3780.8,621.13,88.71,30.31,Rough Sea,0.5,2024,12,6,4
2025-03-25,Suezmax,144996,Corpus Christi,Antwerp,Crude Oil,5020.3,563.36,83.78,34.15,Moderate,2.0,2025,3,1,1
2025-04-07,VLCC,313170,Ras Tanura,Qingdao,Crude Oil,6302.8,585.36,107.89,30.35,Moderate,3.2,2025,4,0,2
2023-12-03,Suezmax,146805,Corpus Christi,Antwerp,Refined Petroleum,4898.3,648.7,111.35,47.74,Calm,12.4,2023,12,6,4
2026-01-05,Capesize,182738,Santos,Qingdao,Grain,11654.8,703.9,100.42,43.42,Calm,5.1,2026,1,0,1
2024-08-07,LNG Carrier,85690,Dampier,Yokohama,LNG,4039.2,667.32,103.66,89.72,Calm,3.9,2024,8,2,3
2024-11-24,LNG Carrier,72259,Ras Laffan,Tokyo,LNG,6483.2,579.5,115.7,110.93,Moderate,2.3,2024,11,6,4
2025-10-24,Supramax,61214,Houston,Rotterdam,Crude Oil,4950.2,678.41,124.2,68.72,Moderate,7.6,2025,10,4,4
2026-07-18,Container Post-Panamax,125334,Shanghai,Los Angeles,Containerized Freight,5562.7,625.42,116.9,92.73,Moderate,3.5,2026,7,5,3
2025-02-14,Container Post-Panamax,120461,Shanghai,Los Angeles,Containerized Freight,5740.1,564.26,103.2,89.52,Moderate,0.5,2025,2,4,1
2023-12-19,Capesize,207248,Port Hedland,Qingdao,Iron Ore,3720.7,708.99,106.95,32.98,Stormy,4.6,2023,12,1,4
2026-01-15,Container Post-Panamax,131194,Shanghai,Los Angeles,Containerized Freight,5864.0,695.36,99.93,92.62,Moderate,0.5,2026,1,3,1
2026-04-26,Capesize,161819,Dampier,Yokohama,LNG,3993.7,680.42,114.41,25.23,Moderate,0.6,2026,4,6,2
2025-04-17,LNG Carrier,77744,Ras Laffan,Tokyo,LNG,6448.6,566.13,95.52,112.7,Rough Sea,4.4,2025,4,3,2
2024-03-04,Handysize,37455,Singapore,Dubai,Steel Coils,3449.5,743.92,111.52,67.85,Moderate,0.5,2024,3,0,1
2025-11-26,LNG Carrier,70301,Dampier,Yokohama,Iron Ore,4007.8,644.27,122.48,96.87,Rough Sea,2.1,2025,11,2,4
2026-09-06,Panamax,82513,Tubarao,Qingdao,Bauxite,11247.1,668.25,110.4,68.03,Calm,1.9,2026,9,6,3
2026-05-06,Supramax,53861,Santos,Rotterdam,Bauxite,5408.7,688.1,104.58,63.6,Moderate,2.0,2026,5,2,2
2024-08-03,LNG Carrier,83255,Ras Laffan,Tokyo,LNG,6390.7,689.2,103.08,108.68,Calm,5.6,2024,8,5,3
2024-10-14,Capesize,174450,Dampier,Yokohama,LNG,4006.7,675.71,105.96,22.19,Calm,3.4,2024,10,0,4
2026-03-06,LNG Carrier,72017,Ras Laffan,Tokyo,LNG,6428.2,665.14,75.76,102.74,Moderate,3.3,2026,3,4,1
2024-11-07,Panamax,70845,Tubarao,Qingdao,Bauxite,11412.3,622.89,120.4,71.64,Calm,8.3,2024,11,3,4
2026-07-31,Capesize,176289,Newcastle,Mumbai,Thermal Coal,5886.3,644.63,92.16,36.47,Moderate,9.8,2026,7,4,3
2025-06-18,Suezmax,144846,Ras Tanura,Qingdao,Crude Oil,6226.1,544.89,112.44,52.96,Calm,17.0,2025,6,2,2
2024-10-18,Capesize,197919,Dampier,Yokohama,Iron Ore,4025.8,637.67,103.15,23.24,Stormy,2.6,2024,10,4,4
2024-02-22,Container Post-Panamax,94390,Shanghai,Los Angeles,Containerized Freight,5553.6,710.32,65.0,98.84,Rough Sea,6.5,2024,2,3,1
2025-08-18,Panamax,77191,Tubarao,Qingdao,Bauxite,11514.7,615.32,112.0,69.49,Moderate,3.0,2025,8,0,3
2025-05-19,Capesize,185636,Santos,Qingdao,Grain,11949.2,555.89,96.93,34.43,Calm,0.9,2025,5,0,2
2025-01-14,Panamax,78733,Tubarao,Qingdao,Iron Ore,11251.4,573.84,87.59,68.51,Moderate,8.4,2025,1,1,1
2025-04-02,Capesize,197393,Tubarao,Qingdao,Bauxite,11006.9,582.51,90.18,34.0,Calm,6.4,2025,4,2,2
2024-04-30,Aframax,93663,Houston,Rotterdam,Refined Petroleum,4823.2,698.5,116.51,59.36,Calm,3.7,2024,4,1,2
2025-08-31,Panamax,84135,Tubarao,Qingdao,Iron Ore,11354.1,640.61,118.49,66.48,Calm,3.0,2025,8,6,3
2026-09-15,Container Post-Panamax,125054,Shanghai,Los Angeles,Containerized Freight,5594.2,627.96,107.93,91.02,Moderate,0.5,2026,9,1,3
2024-05-25,Capesize,184081,Port Hedland,Qingdao,Iron Ore,3580.3,724.66,101.98,25.86,Moderate,4.2,2024,5,5,2
2023-10-17,LNG Carrier,85943,Ras Laffan,Tokyo,LNG,6459.2,632.89,104.53,131.37,Monsoon/Tropical Cyclone,3.7,2023,10,1,4
2025-04-13,Suezmax,158405,Ras Tanura,Qingdao,Crude Oil,6230.0,537.08,95.46,35.98,Calm,0.5,2025,4,6,2
2024-01-18,Capesize,175643,Richards Bay,Rotterdam,Thermal Coal,7079.4,736.21,89.75,29.22,Calm,2.3,2024,1,3,1
2024-01-06,LNG Carrier,71524,Dampier,Yokohama,LNG,4005.1,695.0,80.05,109.04,Monsoon/Tropical Cyclone,7.1,2024,1,5,1
2026-01-15,Capesize,192667,Tubarao,Qingdao,Iron Ore,11043.4,706.16,92.36,50.69,Monsoon/Tropical Cyclone,7.5,2026,1,3,1
2024-03-24,Capesize,187572,Port Hedland,Qingdao,Iron Ore,3639.6,721.57,84.65,17.26,Moderate,2.0,2024,3,6,1
2024-02-17,Capesize,167800,Tubarao,Qingdao,Bauxite,10872.2,697.96,79.23,32.5,Moderate,0.5,2024,2,5,1
2023-11-29,Panamax,81127,Tubarao,Qingdao,Iron Ore,11274.0,678.13,119.89,80.13,Rough Sea,3.7,2023,11,2,4
2025-09-21,Supramax,50357,Houston,Rotterdam,Crude Oil,4834.3,651.72,117.05,63.12,Moderate,6.6,2025,9,6,3
2024-09-13,Aframax,105041,Houston,Rotterdam,Refined Petroleum,4748.6,673.41,86.51,46.65,Calm,0.5,2024,9,4,3
2026-06-20,Container Post-Panamax,111898,Shanghai,Los Angeles,Containerized Freight,5529.5,683.3,115.79,97.05,Calm,4.2,2026,6,5,2
2026-05-05,Suezmax,156801,Corpus Christi,Antwerp,Refined Petroleum,4817.9,717.2,92.9,38.93,Moderate,0.5,2026,5,1,2
2025-10-01,Capesize,175577,Port Hedland,Qingdao,Iron Ore,3704.5,621.7,104.17,29.69,Moderate,8.1,2025,10,2,4
2026-07-12,Panamax,73017,Santos,Qingdao,Iron Ore,11664.0,669.77,91.77,64.86,Calm,1.5,2026,7,6,3
2024-11-23,LNG Carrier,82541,Ras Laffan,Tokyo,LNG,6441.0,604.9,116.03,109.05,Calm,3.7,2024,11,5,4
2025-03-27,VLCC,284247,Ras Tanura,Qingdao,Crude Oil,6138.9,535.58,87.01,27.89,Calm,4.6,2025,3,3,1
2025-03-16,Aframax,103321,Corpus Christi,Antwerp,Crude Oil,4907.8,558.58,93.22,60.42,Monsoon/Tropical Cyclone,4.2,2025,3,6,1
2025-01-24,LNG Carrier,93978,Ras Laffan,Tokyo,LNG,6705.2,586.12,100.76,131.46,Monsoon/Tropical Cyclone,1.7,2025,1,4,1
2026-09-18,Panamax,76140,Santos,Rotterdam,Grain,5564.4,644.62,107.84,42.12,Calm,0.5,2026,9,4,3
2026-06-02,Handysize,34073,Singapore,Dubai,Chemicals,3328.7,687.99,117.14,72.21,Rough Sea,2.3,2026,6,1,2
2025-01-14,Capesize,171075,Dampier,Yokohama,Iron Ore,4050.6,568.21,77.33,19.16,Calm,0.5,2025,1,1,1
2025-05-13,Suezmax,137785,Houston,Rotterdam,Refined Petroleum,4917.5,580.16,109.72,40.18,Moderate,3.8,2025,5,1,2
2024-08-28,Capesize,209340,Santos,Qingdao,Grain,11584.5,679.61,100.65,35.98,Moderate,3.4,2024,8,2,3
2025-09-28,Panamax,72867,Richards Bay,Rotterdam,Thermal Coal,7193.5,624.88,115.03,68.15,Monsoon/Tropical Cyclone,4.0,2025,9,6,3
2024-04-26,LNG Carrier,92455,Ras Laffan,Tokyo,LNG,6399.1,661.93,91.33,120.31,Stormy,1.6,2024,4,4,2
2024-10-29,Handysize,36371,Singapore,Dubai,Steel Coils,3396.6,583.47,100.6,55.68,Calm,2.7,2024,10,1,4
2025-12-30,Container Post-Panamax,84581,Singapore,Dubai,Containerized Freight,3443.8,689.02,114.57,78.98,Moderate,0.5,2025,12,1,4
2024-09-22,Suezmax,133105,Houston,Rotterdam,Chemicals,4782.1,652.18,112.66,42.7,Calm,1.3,2024,9,6,3
2026-07-20,Supramax,51439,Singapore,Dubai,Chemicals,3347.8,658.3,103.55,54.66,Calm,8.8,2026,7,0,3
2024-02-29,Capesize,202633,Newcastle,Mumbai,Thermal Coal,6018.9,716.96,98.56,41.4,Monsoon/Tropical Cyclone,4.8,2024,2,3,1
2025-01-29,LNG Carrier,90917,Ras Laffan,Tokyo,LNG,6675.1,566.49,111.97,126.96,Stormy,3.8,2025,1,2,1
2026-01-06,Container Post-Panamax,83889,Shanghai,Los Angeles,Containerized Freight,5724.5,691.7,107.35,105.59,Rough Sea,2.0,2026,1,1,1
2026-05-11,VLCC,302479,Ras Tanura,Qingdao,Crude Oil,6167.9,715.61,105.91,42.62,Moderate,11.7,2026,5,0,2
2026-05-10,Suezmax,163176,Ras Tanura,Singapore,Crude Oil,3749.8,709.78,99.57,58.72,Rough Sea,17.2,2026,5,6,2
2026-08-06,Supramax,61823,Singapore,Dubai,Steel Coils,3306.0,666.38,104.07,49.68,Calm,1.4,2026,8,3,3
2025-06-08,Panamax,67119,Santos,Rotterdam,Bauxite,5355.4,579.53,93.89,45.67,Stormy,1.6,2025,6,6,2
2025-08-16,Container Post-Panamax,111177,Shanghai,Los Angeles,Containerized Freight,5764.2,579.69,98.46,94.46,Calm,8.2,2025,8,5,3
2024-03-25,LNG Carrier,78031,Ras Laffan,Tokyo,LNG,6368.4,749.06,102.27,112.85,Calm,6.3,2024,3,0,1
2026-07-28,Capesize,180228,Richards Bay,Rotterdam,Thermal Coal,7301.7,673.48,88.17,21.92,Calm,0.5,2026,7,1,3
2024-07-31,Panamax,66156,Richards Bay,Rotterdam,Thermal Coal,6918.0,683.5,98.9,53.74,Calm,4.5,2024,7,2,3
2026-09-18,Panamax,82395,Santos,Qingdao,Iron Ore,12049.1,696.64,106.66,83.14,Stormy,3.8,2026,9,4,3
2025-08-30,Suezmax,141345,Corpus Christi,Antwerp,Refined Petroleum,5047.2,580.8,89.53,33.93,Calm,0.5,2025,8,5,3
2024-02-15,LNG Carrier,78307,Ras Laffan,Tokyo,LNG,6552.7,661.2,79.39,131.76,Monsoon/Tropical Cyclone,6.2,2024,2,3,1
2025-05-12,Handysize,28688,Singapore,Dubai,Containerized Freight,3498.9,585.06,102.5,58.83,Moderate,0.5,2025,5,0,2
2024-03-26,VLCC,305456,Ras Tanura,Qingdao,Crude Oil,6394.4,715.38,103.84,43.77,Stormy,3.9,2024,3,1,1
2025-11-20,Container Post-Panamax,90251,Shanghai,Los Angeles,Containerized Freight,5679.5,666.57,99.08,96.84,Calm,7.2,2025,11,3,4
2024-07-13,Panamax,74912,Newcastle,Mumbai,Thermal Coal,6060.9,660.19,115.96,68.26,Stormy,8.4,2024,7,5,3
2024-01-21,LNG Carrier,87373,Dampier,Yokohama,LNG,3856.2,734.15,92.06,82.15,Calm,0.5,2024,1,6,1
2025-12-10,VLCC,286177,Ras Tanura,Singapore,Crude Oil,3807.6,665.2,119.59,37.2,Stormy,3.8,2025,12,2,4
2025-10-14,Suezmax,148617,Ras Tanura,Qingdao,Crude Oil,6400.0,630.36,100.1,51.45,Moderate,5.1,2025,10,1,4
2025-03-26,Panamax,75439,Santos,Rotterdam,Grain,5321.6,611.07,103.66,40.99,Calm,4.3,2025,3,2,1
2025-10-23,Aframax,115693,Houston,Rotterdam,Crude Oil,4979.6,666.25,106.85,55.98,Moderate,1.4,2025,10,3,4
2026-03-01,Container Post-Panamax,124733,Ningbo,Hamburg,Containerized Freight,10188.5,714.81,91.33,124.13,Moderate,0.5,2026,3,6,1
2025-01-31,Supramax,59747,Santos,Rotterdam,Bauxite,5381.4,564.76,102.44,66.86,Moderate,16.7,2025,1,4,1
2026-06-04,Container Post-Panamax,100914,Ningbo,Hamburg,Containerized Freight,10507.2,681.8,111.87,125.42,Calm,0.7,2026,6,3,2
2025-05-17,Container Post-Panamax,119309,Shanghai,Los Angeles,Containerized Freight,5653.3,549.03,112.87,96.31,Rough Sea,2.9,2025,5,5,2
2025-12-22,VLCC,304827,Ras Tanura,Qingdao,Crude Oil,6362.2,725.35,91.86,37.84,Rough Sea,1.7,2025,12,0,4
2026-07-20,Container Post-Panamax,120531,Ningbo,Hamburg,Containerized Freight,10422.7,705.08,103.68,153.44,Stormy,3.4,2026,7,0,3
2025-03-14,Panamax,69459,Santos,Rotterdam,Bauxite,5498.9,576.53,98.26,46.26,Calm,0.5,2025,3,4,1
2025-09-23,Capesize,191116,Port Hedland,Qingdao,Iron Ore,3755.4,643.15,94.2,21.81,Moderate,1.0,2025,9,1,3
2025-05-14,Panamax,65250,Richards Bay,Rotterdam,Thermal Coal,7304.1,582.29,90.24,54.35,Moderate,8.0,2025,5,2,2
2025-04-28,VLCC,281101,Ras Tanura,Qingdao,Crude Oil,6217.1,545.76,100.85,27.54,Calm,1.3,2025,4,0,2
2026-02-14,Container Post-Panamax,84573,Ningbo,Hamburg,Containerized Freight,10193.4,693.17,106.77,120.71,Calm,1.6,2026,2,5,1
2024-06-01,Container Post-Panamax,110754,Ningbo,Hamburg,Containerized Freight,10231.8,682.91,92.85,134.25,Moderate,5.3,2024,6,5,2
2024-02-01,Handysize,36271,Singapore,Dubai,Chemicals,3343.6,689.52,88.43,56.12,Calm,1.8,2024,2,3,1
2024-02-12,Panamax,73325,Santos,Qingdao,Iron Ore,11925.4,715.83,105.25,70.48,Calm,3.7,2024,2,0,1
2024-11-14,Suezmax,135089,Ras Tanura,Singapore,Crude Oil,3657.9,628.99,96.79,42.17,Calm,8.6,2024,11,3,4
2026-01-22,Panamax,80862,Santos,Qingdao,Grain,11719.7,745.01,88.57,64.28,Calm,0.5,2026,1,3,1
2025-06-12,Supramax,60426,Singapore,Dubai,Chemicals,3379.1,580.48,114.51,52.73,Calm,10.8,2025,6,3,2
2025-12-05,Panamax,84564,Santos,Qingdao,Iron Ore,11815.5,681.24,107.2,71.42,Rough Sea,0.7,2025,12,4,4
2025-02-16,Capesize,193606,Port Hedland,Qingdao,Iron Ore,3546.6,566.94,100.33,20.21,Moderate,1.5,2025,2,6,1
2025-12-13,Aframax,84128,Corpus Christi,Antwerp,Refined Petroleum,5037.2,703.98,104.37,52.33,Calm,2.3,2025,12,5,4
2025-04-10,LNG Carrier,87855,Ras Laffan,Tokyo,LNG,6526.2,584.68,104.46,102.35,Moderate,1.8,2025,4,3,2
2026-04-04,Capesize,175500,Port Hedland,Qingdao,Iron Ore,3711.3,692.55,84.56,18.87,Moderate,0.5,2026,4,5,2
2026-09-27,Suezmax,161799,Houston,Rotterdam,Refined Petroleum,4956.6,624.63,119.75,46.29,Calm,5.9,2026,9,6,3
2025-04-06,Capesize,185702,Port Hedland,Qingdao,Iron Ore,3757.8,573.7,92.3,19.81,Moderate,1.2,2025,4,6,2
2024-08-11,VLCC,319991,Ras Tanura,Qingdao,Crude Oil,6299.6,659.09,105.31,42.39,Calm,15.8,2024,8,6,3
2023-12-25,Container Post-Panamax,118073,Ningbo,Hamburg,Containerized Freight,10753.9,692.7,116.36,138.95,Moderate,3.2,2023,12,0,4
2024-07-09,Panamax,72114,Richards Bay,Rotterdam,Thermal Coal,7040.2,680.95,110.83,52.36,Calm,0.5,2024,7,1,3
2025-02-03,Capesize,163722,Dampier,Yokohama,Iron Ore,3868.2,561.51,101.98,21.82,Calm,2.0,2025,2,0,1
2025-01-14,Supramax,51002,Santos,Rotterdam,Grain,5387.8,565.64,80.0,48.65,Rough Sea,2.1,2025,1,1,1
2026-03-09,Container Post-Panamax,134363,Shanghai,Los Angeles,Containerized Freight,5659.1,737.83,84.87,98.33,Calm,12.4,2026,3,0,1
2026-09-05,Capesize,206167,Santos,Qingdao,Grain,11947.3,665.51,98.54,42.92,Rough Sea,8.1,2026,9,5,3
2023-11-17,Container Post-Panamax,113418,Shanghai,Los Angeles,Containerized Freight,5802.5,671.29,96.2,89.3,Moderate,1.6,2023,11,4,4
2025-12-04,Supramax,54055,Santos,Rotterdam,Grain,5355.6,701.24,108.33,66.65,Moderate,6.4,2025,12,3,4
2026-09-12,Supramax,58133,Santos,Rotterdam,Grain,5522.1,673.8,106.31,70.04,Calm,11.4,2026,9,5,3
2025-02-16,Capesize,163427,Port Hedland,Qingdao,Iron Ore,3675.7,617.68,76.24,18.08,Moderate,1.8,2025,2,6,1
2024-03-05,Suezmax,132589,Houston,Rotterdam,Chemicals,4949.5,695.17,107.59,55.32,Monsoon/Tropical Cyclone,4.0,2024,3,1,1
2026-08-08,LNG Carrier,77743,Ras Laffan,Tokyo,LNG,6536.8,690.05,118.68,115.41,Moderate,3.1,2026,8,5,3
2026-05-20,Panamax,71131,Santos,Rotterdam,Bauxite,5366.8,705.41,100.07,48.44,Calm,7.3,2026,5,2,2
2025-07-20,Capesize,178208,Richards Bay,Rotterdam,Thermal Coal,7131.0,544.7,110.2,35.01,Moderate,9.5,2025,7,6,3
2025-04-08,Container Post-Panamax,112629,Shanghai,Los Angeles,Containerized Freight,5708.2,560.0,96.9,89.43,Moderate,4.6,2025,4,1,2
2024-08-27,Capesize,162909,Port Hedland,Qingdao,Iron Ore,3680.1,653.76,104.32,27.93,Stormy,1.5,2024,8,1,3
2025-06-18,Capesize,207255,Dampier,Yokohama,Iron Ore,3994.0,552.01,106.89,19.9,Calm,1.2,2025,6,2,2
2024-11-29,Panamax,79575,Tubarao,Qingdao,Bauxite,11259.0,612.11,100.63,67.87,Rough Sea,0.5,2024,11,4,4
2024-10-24,Container Post-Panamax,89174,Shanghai,Los Angeles,Containerized Freight,5605.1,605.55,95.55,90.16,Calm,5.0,2024,10,3,4
2025-12-25,Container Post-Panamax,89585,Shanghai,Los Angeles,Containerized Freight,5735.8,684.74,83.38,89.4,Moderate,0.5,2025,12,3,4
2025-10-23,Supramax,58009,Singapore,Dubai,Chemicals,3376.9,645.8,117.83,51.57,Rough Sea,2.0,2025,10,3,4
2024-05-30,Capesize,178049,Port Hedland,Qingdao,Iron Ore,3574.8,715.65,107.11,25.07,Moderate,2.0,2024,5,3,2
2025-04-21,Supramax,61581,Houston,Rotterdam,Refined Petroleum,4926.0,525.6,86.69,43.92,Calm,2.3,2025,4,0,2
2025-04-18,Container Post-Panamax,122634,Ningbo,Hamburg,Containerized Freight,10330.2,603.86,88.64,121.91,Moderate,1.4,2025,4,4,2
2024-03-29,Suezmax,144313,Ras Tanura,Singapore,Crude Oil,3624.2,732.34,110.75,40.15,Moderate,0.7,2024,3,4,1
2025-01-03,Capesize,186719,Port Hedland,Qingdao,Iron Ore,3651.0,574.06,80.27,21.83,Moderate,4.0,2025,1,4,1
2024-02-08,Capesize,200113,Dampier,Yokohama,Iron Ore,3886.6,694.66,84.37,27.69,Monsoon/Tropical Cyclone,3.6,2024,2,3,1
2024-08-13,Supramax,56438,Houston,Rotterdam,Refined Petroleum,4848.4,697.45,103.09,55.71,Moderate,2.5,2024,8,1,3
2024-09-01,Panamax,71113,Tubarao,Qingdao,Bauxite,11063.9,633.92,106.07,72.18,Moderate,9.8,2024,9,6,3
2024-07-09,Capesize,191413,Santos,Qingdao,Grain,12025.5,695.34,103.3,42.06,Moderate,3.0,2024,7,1,3
2025-07-25,Panamax,77443,Newcastle,Mumbai,Thermal Coal,5746.1,604.43,122.47,48.01,Calm,3.7,2025,7,4,3
2026-05-30,Panamax,69852,Newcastle,Mumbai,Thermal Coal,5908.0,690.58,98.0,49.23,Calm,2.5,2026,5,5,2
2025-12-02,VLCC,282371,Ras Tanura,Singapore,Crude Oil,3623.6,680.24,89.88,22.38,Moderate,0.9,2025,12,1,4
2023-12-27,Container Post-Panamax,95458,Ningbo,Hamburg,Containerized Freight,10649.2,659.55,105.85,135.55,Rough Sea,0.5,2023,12,2,4
2026-01-16,VLCC,310850,Ras Tanura,Qingdao,Crude Oil,6372.2,666.28,89.27,38.28,Stormy,6.1,2026,1,4,1
2026-01-12,Suezmax,151040,Corpus Christi,Antwerp,Crude Oil,5059.9,725.18,82.53,38.31,Moderate,0.5,2026,1,0,1
2023-11-19,Container Post-Panamax,101955,Shanghai,Los Angeles,Containerized Freight,5830.2,678.0,108.35,99.96,Rough Sea,1.9,2023,11,6,4
2025-06-30,Capesize,199058,Santos,Qingdao,Iron Ore,11618.8,610.94,99.93,33.58,Calm,1.8,2025,6,0,2
2026-01-24,Capesize,189935,Santos,Qingdao,Grain,11983.2,694.37,111.58,43.04,Calm,3.9,2026,1,5,1
2024-01-07,Supramax,60749,Santos,Rotterdam,Bauxite,5457.8,690.36,104.21,57.21,Calm,0.5,2024,1,6,1
2024-10-07,Supramax,55958,Houston,Rotterdam,Crude Oil,4914.1,635.68,108.97,62.08,Moderate,5.2,2024,10,0,4
2024-12-22,Supramax,63053,Houston,Rotterdam,Refined Petroleum,4868.6,605.8,100.83,56.32,Calm,4.4,2024,12,6,4
2026-05-23,VLCC,291103,Ras Tanura,Qingdao,Crude Oil,6131.3,684.91,96.89,35.76,Calm,5.3,2026,5,5,2
2026-04-01,Container Post-Panamax,105849,Shanghai,Los Angeles,Containerized Freight,5628.7,722.37,111.26,99.84,Calm,6.2,2026,4,2,2
2023-11-19,Suezmax,136920,Ras Tanura,Singapore,Crude Oil,3703.4,653.89,110.92,35.56,Calm,1.7,2023,11,6,4
2025-10-16,Panamax,66033,Tubarao,Qingdao,Iron Ore,11072.3,672.2,98.65,64.75,Calm,0.5,2025,10,3,4
2026-06-09,Container Post-Panamax,93901,Shanghai,Los Angeles,Containerized Freight,5623.9,650.98,92.88,96.83,Moderate,8.7,2026,6,1,2
2024-05-23,Panamax,78887,Tubarao,Qingdao,Bauxite,11256.3,714.04,101.25,70.59,Calm,5.1,2024,5,3,2
2026-06-07,Panamax,65907,Richards Bay,Rotterdam,Thermal Coal,7196.1,710.52,105.17,60.11,Moderate,8.3,2026,6,6,2
2024-10-18,Capesize,187088,Tubarao,Qingdao,Bauxite,11368.2,634.56,120.19,41.9,Calm,4.7,2024,10,4,4
2025-06-27,Capesize,192941,Santos,Qingdao,Grain,12104.7,588.91,90.27,35.19,Stormy,2.3,2025,6,4,2
2025-01-06,Aframax,110707,Corpus Christi,Antwerp,Refined Petroleum,5018.6,555.53,83.49,52.28,Rough Sea,8.1,2025,1,0,1
2025-02-05,Capesize,184613,Port Hedland,Qingdao,Iron Ore,3647.4,583.65,102.49,24.59,Calm,6.8,2025,2,2,1
2026-01-29,Capesize,201098,Newcastle,Mumbai,Thermal Coal,5863.2,733.61,88.28,27.51,Moderate,1.5,2026,1,3,1
2024-02-02,VLCC,306511,Ras Tanura,Singapore,Crude Oil,3765.2,709.88,102.83,31.05,Stormy,4.9,2024,2,4,1
2024-12-16,VLCC,311269,Ras Tanura,Singapore,Crude Oil,3693.0,581.04,104.55,23.33,Calm,0.9,2024,12,0,4
2025-06-07,LNG Carrier,91976,Dampier,Yokohama,Iron Ore,3893.7,594.86,91.88,81.42,Moderate,0.6,2025,6,5,2
2026-02-28,Capesize,201266,Port Hedland,Qingdao,Iron Ore,3544.7,701.57,111.88,24.17,Moderate,1.4,2026,2,5,1
2025-05-22,Capesize,193673,Port Hedland,Qingdao,Iron Ore,3625.7,574.03,92.37,22.7,Calm,8.0,2025,5,3,2
2025-06-29,Panamax,71140,Newcastle,Mumbai,Thermal Coal,5922.1,585.05,101.85,41.28,Calm,0.5,2025,6,6,2
2024-08-06,Capesize,175864,Newcastle,Mumbai,Thermal Coal,5794.2,680.84,93.21,21.98,Calm,0.5,2024,8,1,3
2025-04-16,Container Post-Panamax,127880,Shanghai,Los Angeles,Containerized Freight,5584.6,565.07,93.0,94.29,Stormy,3.5,2025,4,2,2
2024-12-25,Capesize,166133,Newcastle,Mumbai,Thermal Coal,5899.5,575.84,94.11,16.39,Calm,0.5,2024,12,2,4
2024-06-30,Container Post-Panamax,111401,Ningbo,Hamburg,Containerized Freight,10316.1,667.99,79.61,123.39,Moderate,1.7,2024,6,6,2
2025-10-26,Container Post-Panamax,96416,Shanghai,Los Angeles,Containerized Freight,5806.9,661.32,94.95,98.48,Rough Sea,1.8,2025,10,6,4
2024-04-12,Supramax,51610,Santos,Rotterdam,Grain,5345.4,703.48,97.32,58.82,Moderate,4.5,2024,4,4,2
2024-01-10,Container Post-Panamax,91769,Shanghai,Los Angeles,Containerized Freight,5840.7,664.45,91.43,92.48,Calm,2.4,2024,1,2,1
2025-08-29,Panamax,75536,Santos,Qingdao,Iron Ore,12022.9,651.98,86.27,69.91,Rough Sea,0.5,2025,8,4,3
2026-06-20,Capesize,206814,Tubarao,Qingdao,Iron Ore,10936.7,702.01,96.91,39.12,Calm,6.6,2026,6,5,2
2025-07-15,Suezmax,164480,Ras Tanura,Qingdao,Crude Oil,6375.4,597.4,124.86,45.92,Calm,2.2,2025,7,1,3
2026-04-24,VLCC,312085,Ras Tanura,Qingdao,Crude Oil,6310.2,693.54,77.88,28.56,Rough Sea,0.5,2026,4,4,2
2024-08-19,Supramax,52329,Houston,Rotterdam,Refined Petroleum,4743.2,685.85,93.17,62.07,Stormy,2.1,2024,8,0,3
2025-03-02,Suezmax,154579,Ras Tanura,Singapore,Crude Oil,3634.1,546.39,110.36,36.88,Calm,4.7,2025,3,6,1
2026-08-10,Capesize,177166,Port Hedland,Qingdao,Iron Ore,3607.8,702.14,105.73,21.67,Calm,0.8,2026,8,0,3
2026-07-05,VLCC,305109,Ras Tanura,Singapore,Crude Oil,3827.1,678.6,103.11,37.27,Monsoon/Tropical Cyclone,5.4,2026,7,6,3
2024-07-07,Panamax,66981,Newcastle,Mumbai,Thermal Coal,5993.3,695.62,89.54,44.7,Calm,2.2,2024,7,6,3
2025-11-02,Capesize,191443,Port Hedland,Qingdao,Iron Ore,3724.9,666.13,102.36,19.48,Moderate,0.5,2025,11,6,4
2025-12-28,Panamax,78543,Santos,Qingdao,Iron Ore,12111.9,712.19,107.42,77.72,Moderate,8.9,2025,12,6,4
2024-08-20,Supramax,63514,Singapore,Dubai,Chemicals,3349.3,661.48,101.54,59.8,Moderate,11.4,2024,8,1,3
2025-10-06,VLCC,287504,Ras Tanura,Qingdao,Crude Oil,6394.3,646.68,108.69,48.47,Moderate,18.0,2025,10,0,4
2025-07-15,Suezmax,150917,Ras Tanura,Qingdao,Crude Oil,6200.0,584.79,100.51,44.97,Rough Sea,4.4,2025,7,1,3
2025-02-12,LNG Carrier,92533,Ras Laffan,Tokyo,LNG,6410.3,571.98,106.27,126.01,Stormy,6.5,2025,2,2,1
2025-12-30,Container Post-Panamax,109545,Ningbo,Hamburg,Containerized Freight,10575.0,686.38,103.5,131.28,Calm,7.5,2025,12,1,4
2025-09-17,VLCC,314189,Ras Tanura,Singapore,Crude Oil,3800.7,609.93,110.98,25.0,Moderate,0.5,2025,9,2,3
2024-07-05,Suezmax,142108,Corpus Christi,Antwerp,Refined Petroleum,4877.3,698.6,96.85,55.98,Monsoon/Tropical Cyclone,6.4,2024,7,4,3
2025-10-01,Panamax,73225,Tubarao,Qingdao,Bauxite,10903.7,636.02,110.61,63.0,Calm,2.0,2025,10,2,4
2024-05-30,Capesize,163665,Dampier,Yokohama,LNG,3921.3,761.06,93.16,20.81,Calm,1.1,2024,5,3,2
2025-05-02,Capesize,184403,Tubarao,Qingdao,Bauxite,11073.3,521.84,109.17,44.01,Calm,16.3,2025,5,4,2
2026-08-30,Container Post-Panamax,86812,Ningbo,Hamburg,Containerized Freight,10793.7,658.85,103.16,129.91,Moderate,1.8,2026,8,6,3
2024-08-07,Suezmax,149039,Houston,Rotterdam,Crude Oil,4982.5,662.59,118.34,57.45,Calm,13.0,2024,8,2,3
2025-12-11,VLCC,317062,Ras Tanura,Qingdao,Crude Oil,6208.5,728.97,110.88,32.54,Calm,1.3,2025,12,3,4
2024-10-31,Panamax,83203,Newcastle,Mumbai,Thermal Coal,5737.8,632.17,122.22,49.8,Moderate,3.1,2024,10,3,4
2024-04-11,Container Post-Panamax,121090,Ningbo,Hamburg,Containerized Freight,10299.3,745.86,88.66,130.38,Calm,4.6,2024,4,3,2
2025-01-21,LNG Carrier,91157,Ras Laffan,Tokyo,LNG,6523.3,567.37,84.67,98.55,Moderate,3.1,2025,1,1,1
2024-09-23,Container Post-Panamax,97651,Singapore,Dubai,Chemicals,3471.4,628.19,121.03,79.94,Moderate,2.3,2024,9,0,3
2026-03-13,LNG Carrier,84204,Ras Laffan,Tokyo,LNG,6502.1,700.06,97.53,113.66,Calm,9.4,2026,3,4,1
2025-11-14,Capesize,204518,Port Hedland,Qingdao,Iron Ore,3735.4,642.4,91.97,24.23,Rough Sea,4.3,2025,11,4,4
2023-12-09,Panamax,72156,Richards Bay,Rotterdam,Thermal Coal,7168.9,659.42,96.09,61.73,Stormy,4.0,2023,12,5,4
2025-01-02,Capesize,200508,Richards Bay,Rotterdam,Thermal Coal,7046.3,610.46,98.9,43.09,Moderate,15.3,2025,1,3,1
2024-10-15,Panamax,80745,Santos,Qingdao,Iron Ore,11691.2,660.81,105.78,72.45,Rough Sea,2.0,2024,10,1,4
2025-12-29,VLCC,298189,Ras Tanura,Qingdao,Crude Oil,6200.0,716.35,107.33,32.55,Moderate,1.2,2025,12,0,4
2024-11-18,LNG Carrier,81979,Ras Laffan,Tokyo,LNG,6463.2,578.46,113.84,102.29,Calm,0.5,2024,11,0,4
2023-12-06,Capesize,186104,Newcastle,Mumbai,Thermal Coal,5816.5,660.72,112.62,34.16,Calm,7.4,2023,12,2,4
2025-05-07,LNG Carrier,90076,Ras Laffan,Tokyo,LNG,6593.1,574.2,78.78,101.07,Moderate,3.2,2025,5,2,2
2026-02-07,Capesize,205207,Tubarao,Qingdao,Bauxite,11006.0,714.73,85.87,40.35,Moderate,7.1,2026,2,5,1
2023-11-30,Panamax,71878,Santos,Qingdao,Grain,11968.2,713.75,119.53,78.8,Rough Sea,3.6,2023,11,3,4
2024-02-03,VLCC,285196,Ras Tanura,Singapore,Crude Oil,3630.3,696.7,113.06,35.96,Rough Sea,6.7,2024,2,5,1
2024-04-09,Capesize,161080,Santos,Qingdao,Iron Ore,11503.4,710.77,81.27,30.25,Calm,0.5,2024,4,1,2
2026-07-04,Capesize,186819,Richards Bay,Rotterdam,Thermal Coal,7284.9,686.79,89.31,27.72,Calm,6.3,2026,7,5,3
2024-05-08,Container Post-Panamax,112753,Singapore,Dubai,Containerized Freight,3458.8,745.48,94.83,79.88,Calm,3.4,2024,5,2,2
2026-08-25,LNG Carrier,94791,Ras Laffan,Tokyo,LNG,6369.1,681.31,116.64,113.47,Moderate,4.4,2026,8,1,3
2024-02-11,LNG Carrier,84471,Dampier,Yokohama,Iron Ore,3951.3,726.8,91.47,99.69,Stormy,1.9,2024,2,6,1
2024-08-18,Supramax,61118,Houston,Rotterdam,Crude Oil,4918.5,656.06,77.78,48.63,Moderate,0.7,2024,8,6,3
2025-07-23,Suezmax,161572,Ras Tanura,Qingdao,Crude Oil,6406.4,600.53,99.52,44.76,Calm,4.6,2025,7,2,3
2026-04-01,Capesize,198187,Newcastle,Mumbai,Thermal Coal,5897.7,719.21,100.65,25.88,Calm,2.5,2026,4,2,2
2026-06-05,VLCC,312319,Ras Tanura,Singapore,Crude Oil,3694.7,693.64,97.1,29.27,Moderate,2.5,2026,6,4,2
2026-09-08,Suezmax,158702,Ras Tanura,Qingdao,Crude Oil,6433.0,669.66,91.96,47.27,Calm,8.8,2026,9,1,3
2025-04-30,Container Post-Panamax,86964,Ningbo,Hamburg,Containerized Freight,10244.6,572.44,81.84,122.71,Rough Sea,1.3,2025,4,2,2
2024-01-08,Supramax,61613,Singapore,Dubai,Chemicals,3380.4,702.24,90.5,54.86,Moderate,7.3,2024,1,0,1
2026-04-01,Capesize,199205,Port Hedland,Qingdao,Iron Ore,3741.7,695.87,114.25,32.71,Stormy,3.2,2026,4,2,2
2025-03-17,Container Post-Panamax,99633,Ningbo,Hamburg,Containerized Freight,10651.3,593.26,99.38,125.8,Calm,1.7,2025,3,0,1
2026-09-15,Capesize,195184,Port Hedland,Qingdao,Iron Ore,3758.2,626.07,130.84,29.33,Calm,2.4,2026,9,1,3
2023-12-15,Capesize,179121,Newcastle,Mumbai,Thermal Coal,5954.1,707.39,108.54,29.42,Calm,5.8,2023,12,4,4
2025-02-14,Suezmax,156013,Houston,Rotterdam,Crude Oil,4826.8,567.76,97.28,30.77,Calm,0.5,2025,2,4,1
2025-10-22,Panamax,81911,Tubarao,Qingdao,Iron Ore,11239.3,666.5,122.01,70.39,Calm,5.9,2025,10,2,4
2026-02-26,Aframax,100804,Corpus Christi,Antwerp,Refined Petroleum,4804.8,722.04,86.21,49.22,Calm,0.8,2026,2,3,1
2025-11-22,Capesize,161360,Newcastle,Mumbai,Thermal Coal,5739.7,613.26,88.25,26.59,Calm,4.5,2025,11,5,4
2025-11-09,LNG Carrier,73199,Ras Laffan,Tokyo,LNG,6531.5,666.96,108.85,116.9,Rough Sea,2.5,2025,11,6,4
2025-01-10,Supramax,59919,Santos,Rotterdam,Grain,5585.5,597.54,80.53,50.27,Calm,5.4,2025,1,4,1
2025-11-17,LNG Carrier,73981,Dampier,Yokohama,Iron Ore,3981.1,664.08,107.71,88.3,Calm,1.0,2025,11,0,4
2026-07-01,Supramax,51048,Houston,Rotterdam,Crude Oil,4793.5,700.59,102.43,60.89,Rough Sea,4.3,2026,7,2,3
2024-01-13,Capesize,204766,Tubarao,Qingdao,Bauxite,11394.1,714.85,95.18,35.39,Calm,0.5,2024,1,5,1
2025-03-30,Container Post-Panamax,87918,Singapore,Dubai,Steel Coils,3471.3,597.25,104.58,68.19,Calm,1.3,2025,3,6,1
2025-05-15,Capesize,167101,Santos,Qingdao,Iron Ore,11747.2,585.14,99.68,49.74,Rough Sea,13.2,2025,5,3,2
2025-05-05,Panamax,66320,Santos,Rotterdam,Grain,5594.7,552.18,68.01,34.06,Moderate,0.5,2025,5,0,2
2023-10-02,Capesize,202328,Tubarao,Qingdao,Bauxite,10915.6,637.65,101.35,41.37,Stormy,4.2,2023,10,0,4
2024-09-10,Capesize,169037,Dampier,Yokohama,LNG,4016.6,670.15,108.92,28.63,Moderate,2.8,2024,9,1,3
2025-06-24,Capesize,185150,Port Hedland,Qingdao,Iron Ore,3605.1,587.08,122.57,27.94,Calm,2.7,2025,6,1,2
2024-09-21,Container Post-Panamax,127524,Shanghai,Los Angeles,Containerized Freight,5731.3,575.1,115.19,95.95,Moderate,4.7,2024,9,5,3
2024-07-07,Aframax,83096,Corpus Christi,Antwerp,Refined Petroleum,4971.7,699.17,108.32,54.44,Calm,1.7,2024,7,6,3
2024-12-09,LNG Carrier,76291,Ras Laffan,Tokyo,LNG,6663.5,586.31,84.15,128.0,Monsoon/Tropical Cyclone,4.0,2024,12,0,4
2025-03-20,VLCC,295965,Ras Tanura,Singapore,Crude Oil,3637.6,560.66,102.31,25.86,Rough Sea,2.6,2025,3,3,1
2026-01-09,Capesize,181116,Tubarao,Qingdao,Bauxite,11411.2,681.61,68.12,32.66,Rough Sea,2.5,2026,1,4,1
2025-09-14,LNG Carrier,73205,Ras Laffan,Tokyo,LNG,6691.2,616.68,110.37,139.43,Monsoon/Tropical Cyclone,6.3,2025,9,6,3
2025-08-29,LNG Carrier,88052,Ras Laffan,Tokyo,LNG,6655.6,582.43,108.91,119.32,Calm,14.8,2025,8,4,3
2024-02-11,Panamax,82611,Santos,Rotterdam,Bauxite,5544.3,716.08,96.89,48.91,Calm,2.2,2024,2,6,1
2023-12-08,VLCC,296973,Ras Tanura,Singapore,Crude Oil,3826.0,689.67,99.38,22.02,Calm,0.6,2023,12,4,4
2024-11-29,Panamax,81488,Richards Bay,Rotterdam,Thermal Coal,7245.3,591.98,117.04,58.57,Rough Sea,6.0,2024,11,4,4
2025-01-10,Capesize,185957,Richards Bay,Rotterdam,Thermal Coal,6999.6,567.4,100.19,35.51,Calm,15.1,2025,1,4,1
2024-01-10,Capesize,192758,Dampier,Yokohama,Iron Ore,4001.4,693.9,93.57,29.66,Stormy,4.7,2024,1,2,1
2025-07-20,Panamax,83372,Richards Bay,Rotterdam,Thermal Coal,7009.5,586.28,106.18,48.97,Calm,0.9,2025,7,6,3
2026-07-22,Suezmax,163805,Ras Tanura,Singapore,Crude Oil,3794.2,677.31,91.29,41.51,Stormy,4.8,2026,7,2,3
2025-09-30,Container Post-Panamax,94507,Ningbo,Hamburg,Containerized Freight,10377.9,643.47,110.72,137.48,Rough Sea,1.7,2025,9,1,3
2025-07-26,Panamax,78885,Santos,Qingdao,Grain,11649.7,624.9,99.07,64.22,Moderate,0.5,2025,7,5,3
2026-06-28,Capesize,197845,Dampier,Yokohama,Iron Ore,3979.2,716.14,103.43,32.45,Monsoon/Tropical Cyclone,5.2,2026,6,6,2
2025-02-16,Capesize,177378,Dampier,Yokohama,LNG,3873.1,573.47,83.73,15.77,Calm,0.5,2025,2,6,1
2026-03-17,Capesize,197023,Port Hedland,Qingdao,Iron Ore,3755.7,732.22,95.12,25.8,Monsoon/Tropical Cyclone,1.5,2026,3,1,1
2025-10-05,Capesize,162855,Port Hedland,Qingdao,Iron Ore,3745.4,650.49,88.08,23.71,Calm,5.1,2025,10,6,4
2024-06-25,Suezmax,145168,Ras Tanura,Singapore,Crude Oil,3675.8,689.18,92.96,30.81,Moderate,1.3,2024,6,1,2
2025-03-20,VLCC,303290,Ras Tanura,Singapore,Crude Oil,3660.0,556.25,114.46,28.08,Rough Sea,0.9,2025,3,3,1
2026-02-27,Panamax,69958,Newcastle,Mumbai,Thermal Coal,5867.1,724.18,92.38,52.54,Rough Sea,0.9,2026,2,4,1
2024-08-30,Container Post-Panamax,99245,Ningbo,Hamburg,Containerized Freight,10536.7,659.12,101.95,130.03,Calm,3.3,2024,8,4,3
2025-06-15,Container Post-Panamax,90623,Singapore,Dubai,Chemicals,3406.4,566.45,105.12,76.56,Calm,4.1,2025,6,6,2
2025-11-09,LNG Carrier,71305,Ras Laffan,Tokyo,LNG,6488.7,685.33,103.72,103.81,Calm,0.6,2025,11,6,4
2026-05-13,Supramax,62272,Singapore,Dubai,Chemicals,3468.2,734.13,104.62,50.21,Calm,1.3,2026,5,2,2
2024-04-29,LNG Carrier,77761,Ras Laffan,Tokyo,LNG,6443.9,706.61,102.31,117.65,Moderate,7.5,2024,4,0,2
2025-07-25,Supramax,64991,Singapore,Dubai,Steel Coils,3383.1,607.43,103.43,45.19,Calm,0.5,2025,7,4,3
2023-12-03,Capesize,184108,Tubarao,Qingdao,Bauxite,11412.3,685.49,106.18,41.28,Rough Sea,0.6,2023,12,6,4
2024-08-15,Container Post-Panamax,84054,Shanghai,Los Angeles,Containerized Freight,5738.4,669.63,108.21,95.16,Calm,2.1,2024,8,3,3
2025-07-06,Container Post-Panamax,124536,Ningbo,Hamburg,Containerized Freight,10664.7,576.57,97.09,119.37,Calm,2.8,2025,7,6,3
2025-06-13,Capesize,209515,Port Hedland,Qingdao,Iron Ore,3660.7,575.75,107.9,20.07,Moderate,2.8,2025,6,4,2
2025-12-07,Capesize,187752,Dampier,Yokohama,Iron Ore,3893.5,735.7,93.67,29.75,Stormy,3.7,2025,12,6,4
2025-12-23,Supramax,53663,Singapore,Dubai,Steel Coils,3392.1,681.45,93.47,47.54,Rough Sea,0.6,2025,12,1,4
2026-01-14,Panamax,84730,Richards Bay,Rotterdam,Thermal Coal,7083.3,701.8,98.8,51.33,Calm,2.2,2026,1,2,1
2026-03-10,Capesize,194512,Santos,Qingdao,Grain,11820.3,727.08,91.43,50.25,Moderate,11.2,2026,3,1,1
2024-01-01,Panamax,80651,Santos,Rotterdam,Bauxite,5463.1,650.69,82.03,35.25,Moderate,0.5,2024,1,0,1
2024-03-10,Panamax,78969,Tubarao,Qingdao,Bauxite,10991.3,729.8,108.75,70.76,Moderate,1.2,2024,3,6,1
2023-10-20,VLCC,287195,Ras Tanura,Qingdao,Crude Oil,6076.6,669.05,98.2,29.02,Moderate,1.6,2023,10,4,4
2026-02-07,Supramax,53540,Singapore,Dubai,Containerized Freight,3405.8,699.94,85.77,50.69,Moderate,2.1,2026,2,5,1
2024-09-06,Container Post-Panamax,94096,Shanghai,Los Angeles,Containerized Freight,5645.2,675.77,116.09,97.87,Calm,3.1,2024,9,4,3
2024-04-12,Suezmax,148034,Houston,Rotterdam,Crude Oil,4959.3,769.6,102.47,52.23,Moderate,10.7,2024,4,4,2
2024-12-27,Suezmax,153211,Corpus Christi,Antwerp,Refined Petroleum,4868.3,588.92,96.9,33.17,Calm,2.4,2024,12,4,4
2026-01-03,Panamax,74507,Santos,Rotterdam,Bauxite,5435.2,671.81,104.82,58.02,Calm,18.0,2026,1,5,1
2024-12-10,Capesize,200830,Newcastle,Mumbai,Thermal Coal,6037.9,617.27,97.97,25.15,Calm,2.1,2024,12,1,4
2024-08-05,LNG Carrier,70621,Ras Laffan,Tokyo,LNG,6549.4,721.87,92.38,110.1,Moderate,2.3,2024,8,0,3
2024-05-04,Container Post-Panamax,99274,Shanghai,Los Angeles,Containerized Freight,5738.0,697.26,110.13,97.39,Moderate,3.1,2024,5,5,2
2025-05-28,VLCC,293368,Ras Tanura,Qingdao,Crude Oil,6383.1,549.68,104.28,28.89,Calm,6.1,2025,5,2,2
2023-12-07,Capesize,162703,Newcastle,Mumbai,Thermal Coal,5951.1,677.55,98.59,27.03,Calm,1.3,2023,12,3,4
2025-10-11,Capesize,180426,Santos,Qingdao,Grain,11822.6,650.15,114.6,48.75,Stormy,1.6,2025,10,5,4
2025-07-12,Panamax,70617,Santos,Qingdao,Iron Ore,12058.9,612.85,100.16,61.31,Calm,0.5,2025,7,5,3
2024-04-26,Capesize,167371,Newcastle,Mumbai,Thermal Coal,5750.1,694.57,80.87,24.88,Stormy,1.7,2024,4,4,2
2026-04-02,Capesize,190238,Tubarao,Qingdao,Bauxite,10993.1,728.48,121.12,42.53,Calm,2.6,2026,4,3,2
2024-10-19,Container Post-Panamax,111008,Shanghai,Los Angeles,Containerized Freight,5852.1,621.81,102.51,101.82,Calm,12.8,2024,10,5,4
2024-10-13,Container Post-Panamax,93919,Shanghai,Los Angeles,Containerized Freight,5861.5,680.49,133.61,103.23,Calm,4.3,2024,10,6,4
2026-09-29,LNG Carrier,81904,Dampier,Yokohama,LNG,4024.9,664.18,107.98,89.7,Calm,2.9,2026,9,1,3
2025-08-07,Container Post-Panamax,94153,Shanghai,Los Angeles,Containerized Freight,5531.9,597.45,109.33,90.57,Moderate,1.9,2025,8,3,3
2024-09-03,Aframax,115289,Houston,Rotterdam,Chemicals,4898.2,613.34,94.6,54.12,Stormy,2.2,2024,9,1,3
2024-01-24,Container Post-Panamax,124713,Shanghai,Los Angeles,Containerized Freight,5726.7,705.89,90.38,106.07,Stormy,3.0,2024,1,2,1
2023-10-23,Capesize,169522,Santos,Qingdao,Iron Ore,11833.5,657.94,115.32,41.24,Calm,3.5,2023,10,0,4
2026-07-18,Capesize,168849,Port Hedland,Qingdao,Iron Ore,3697.1,688.85,99.53,25.6,Calm,0.6,2026,7,5,3
2025-04-20,Capesize,187500,Port Hedland,Qingdao,Iron Ore,3547.9,566.99,109.99,19.15,Calm,3.0,2025,4,6,2
2023-12-23,Container Post-Panamax,119811,Shanghai,Los Angeles,Containerized Freight,5633.8,718.91,100.75,91.27,Calm,3.1,2023,12,5,4
2026-09-05,Capesize,193108,Newcastle,Mumbai,Thermal Coal,5975.8,640.4,94.24,25.09,Calm,1.5,2026,9,5,3
2023-12-12,Supramax,58470,Houston,Rotterdam,Crude Oil,4989.9,699.24,117.69,65.73,Rough Sea,3.4,2023,12,1,4
2023-11-05,Capesize,170908,Dampier,Yokohama,LNG,3836.1,691.24,115.55,28.15,Calm,5.1,2023,11,6,4
2024-10-22,Panamax,72444,Santos,Qingdao,Grain,12133.5,620.87,104.0,68.68,Moderate,1.2,2024,10,1,4
2026-09-10,LNG Carrier,79980,Dampier,Yokohama,LNG,3925.1,639.79,123.74,94.48,Moderate,5.0,2026,9,3,3
2024-02-01,VLCC,315569,Ras Tanura,Qingdao,Crude Oil,6321.6,705.7,95.69,26.12,Calm,0.8,2024,2,3,1
2024-10-25,Supramax,57549,Houston,Rotterdam,Refined Petroleum,4943.1,626.46,116.61,58.14,Calm,3.6,2024,10,4,4
2024-02-02,VLCC,286958,Ras Tanura,Singapore,Crude Oil,3754.1,690.02,90.36,24.1,Moderate,2.2,2024,2,4,1
2024-06-06,LNG Carrier,81388,Ras Laffan,Tokyo,LNG,6373.5,708.34,98.18,116.39,Rough Sea,0.5,2024,6,3,2
2026-07-30,Capesize,166401,Dampier,Yokohama,LNG,4033.7,676.59,95.52,19.95,Calm,0.8,2026,7,3,3
2025-12-23,Capesize,184399,Tubarao,Qingdao,Bauxite,11398.2,687.95,107.88,35.69,Calm,1.6,2025,12,1,4
2026-03-20,Capesize,190487,Dampier,Yokohama,LNG,3935.7,691.38,90.35,26.9,Calm,10.9,2026,3,4,1
2026-01-25,Supramax,53382,Santos,Rotterdam,Bauxite,5606.3,706.5,104.72,65.35,Moderate,3.5,2026,1,6,1
2025-03-05,Container Post-Panamax,100388,Singapore,Dubai,Steel Coils,3452.4,549.65,106.7,76.76,Rough Sea,0.5,2025,3,2,1
2026-01-26,Panamax,75630,Santos,Qingdao,Iron Ore,11692.0,702.87,110.19,69.06,Calm,1.0,2026,1,0,1
2026-06-13,Panamax,76401,Santos,Rotterdam,Bauxite,5319.0,691.82,107.83,47.85,Moderate,4.7,2026,6,5,2
2026-02-28,Capesize,184688,Port Hedland,Qingdao,Iron Ore,3758.4,717.24,101.31,30.71,Rough Sea,7.3,2026,2,5,1
2025-06-13,Supramax,62669,Singapore,Dubai,Containerized Freight,3383.6,589.4,94.15,41.91,Calm,1.0,2025,6,4,2
2026-06-26,VLCC,300723,Ras Tanura,Qingdao,Crude Oil,6378.6,634.27,98.01,31.61,Calm,3.1,2026,6,4,2
2025-11-17,Capesize,205419,Dampier,Yokohama,LNG,4004.6,666.55,93.64,24.86,Stormy,3.0,2025,11,0,4
2025-03-31,LNG Carrier,71086,Ras Laffan,Tokyo,LNG,6603.5,497.51,104.82,105.53,Moderate,0.5,2025,3,0,1
2023-10-27,Capesize,187045,Santos,Qingdao,Iron Ore,11503.5,667.64,104.97,45.03,Rough Sea,6.6,2023,10,4,4
2024-10-16,Capesize,174289,Port Hedland,Qingdao,Iron Ore,3612.5,613.01,105.95,20.52,Calm,1.1,2024,10,2,4
2025-07-17,Panamax,68074,Santos,Rotterdam,Bauxite,5543.6,604.06,98.87,50.21,Moderate,6.6,2025,7,3,3
2026-05-16,Capesize,207234,Dampier,Yokohama,LNG,3913.7,715.11,102.3,37.91,Calm,16.1,2026,5,5,2
2024-10-23,Capesize,193867,Port Hedland,Qingdao,Iron Ore,3737.4,630.18,112.45,21.93,Calm,0.5,2024,10,2,4
2024-04-12,Container Post-Panamax,102963,Shanghai,Los Angeles,Containerized Freight,5674.9,746.37,98.84,102.57,Rough Sea,0.7,2024,4,4,2
2025-11-01,Panamax,73154,Newcastle,Mumbai,Thermal Coal,5902.4,644.89,104.65,48.59,Moderate,4.9,2025,11,5,4
2024-01-31,Supramax,61308,Santos,Rotterdam,Bauxite,5574.1,695.87,86.34,60.02,Moderate,7.6,2024,1,2,1
2024-10-25,LNG Carrier,74259,Dampier,Yokohama,Iron Ore,3938.9,622.04,117.72,102.61,Stormy,6.6,2024,10,4,4
2026-03-06,Handysize,34096,Singapore,Dubai,Steel Coils,3326.8,707.43,97.09,64.48,Moderate,0.5,2026,3,4,1
2026-06-26,Capesize,193444,Tubarao,Qingdao,Bauxite,11292.1,739.86,103.71,41.6,Moderate,2.7,2026,6,4,2
2026-09-29,Supramax,57076,Santos,Rotterdam,Grain,5502.4,647.3,92.96,58.29,Rough Sea,3.3,2026,9,1,3
2025-03-14,Suezmax,140614,Ras Tanura,Qingdao,Crude Oil,6151.6,564.87,92.98,45.61,Rough Sea,1.1,2025,3,4,1
2025-02-16,VLCC,284802,Ras Tanura,Singapore,Crude Oil,3777.2,573.07,87.6,27.1,Rough Sea,4.0,2025,2,6,1
2024-02-18,Capesize,165685,Tubarao,Qingdao,Bauxite,11296.9,708.95,91.97,34.57,Moderate,0.5,2024,2,6,1
2025-07-28,Container Post-Panamax,114061,Ningbo,Hamburg,Containerized Freight,10188.0,588.44,94.79,125.03,Calm,9.6,2025,7,0,3
2026-09-01,Capesize,202830,Dampier,Yokohama,Iron Ore,3841.8,644.5,103.85,25.34,Calm,5.1,2026,9,1,3
2024-12-24,Capesize,173097,Dampier,Yokohama,Iron Ore,3871.5,575.03,98.45,19.94,Rough Sea,0.5,2024,12,1,4
2025-04-02,Capesize,179701,Dampier,Yokohama,LNG,3999.6,592.29,113.7,31.13,Stormy,3.0,2025,4,2,2
2026-08-05,Container Post-Panamax,102686,Ningbo,Hamburg,Containerized Freight,10195.9,712.38,88.37,124.39,Calm,2.3,2026,8,2,3
2025-02-16,Capesize,165226,Richards Bay,Rotterdam,Thermal Coal,7238.2,558.82,78.89,26.89,Rough Sea,6.9,2025,2,6,1
2025-11-07,LNG Carrier,70838,Dampier,Yokohama,Iron Ore,4050.2,669.61,116.26,97.98,Moderate,4.0,2025,11,4,4
2025-06-24,Capesize,186096,Dampier,Yokohama,Iron Ore,3942.0,563.88,77.31,19.63,Rough Sea,4.5,2025,6,1,2
2026-04-05,LNG Carrier,80432,Ras Laffan,Tokyo,LNG,6355.3,732.49,108.17,112.69,Moderate,1.1,2026,4,6,2
2024-01-21,Container Post-Panamax,132978,Ningbo,Hamburg,Containerized Freight,10569.8,701.8,90.29,123.48,Calm,0.5,2024,1,6,1
2024-08-22,Container Post-Panamax,105774,Ningbo,Hamburg,Containerized Freight,10348.0,659.49,94.45,158.8,Monsoon/Tropical Cyclone,6.3,2024,8,3,3
2025-02-11,VLCC,298914,Ras Tanura,Qingdao,Crude Oil,6246.9,570.18,91.21,28.48,Calm,3.8,2025,2,1,1
2025-04-09,Capesize,171359,Santos,Qingdao,Iron Ore,11941.8,561.54,123.9,53.27,Stormy,7.9,2025,4,2,2
2024-09-01,Capesize,164902,Richards Bay,Rotterdam,Thermal Coal,7288.2,638.64,124.18,41.47,Rough Sea,7.3,2024,9,6,3
2024-06-05,Panamax,66212,Tubarao,Qingdao,Iron Ore,11169.2,703.27,101.75,65.07,Calm,0.8,2024,6,2,2
2023-10-13,Capesize,200946,Port Hedland,Qingdao,Iron Ore,3634.9,603.95,119.85,29.29,Stormy,3.5,2023,10,4,4
2026-09-15,Aframax,114411,Houston,Rotterdam,Crude Oil,4909.8,655.79,113.31,54.03,Calm,1.4,2026,9,1,3
2024-07-15,Capesize,166378,Santos,Qingdao,Iron Ore,11660.0,680.96,110.57,39.09,Moderate,1.9,2024,7,0,3
2026-04-13,Container Post-Panamax,114359,Singapore,Dubai,Steel Coils,3337.5,738.91,104.28,79.64,Moderate,2.1,2026,4,0,2
2025-01-16,Container Post-Panamax,114828,Ningbo,Hamburg,Containerized Freight,10326.6,614.11,99.78,119.71,Calm,2.1,2025,1,3,1
2026-08-21,Panamax,72559,Newcastle,Mumbai,Thermal Coal,6026.3,684.16,96.48,53.57,Calm,9.9,2026,8,4,3
2025-06-08,Container Post-Panamax,109733,Ningbo,Hamburg,Containerized Freight,10569.9,576.29,100.19,123.36,Calm,2.8,2025,6,6,2
2024-04-07,Capesize,203376,Tubarao,Qingdao,Iron Ore,10918.0,712.13,100.9,46.66,Monsoon/Tropical Cyclone,2.1,2024,4,6,2
2025-08-18,VLCC,300707,Ras Tanura,Singapore,Crude Oil,3613.5,585.99,95.94,25.5,Calm,5.5,2025,8,0,3
2025-08-29,Panamax,70915,Santos,Qingdao,Grain,11971.1,602.76,91.49,62.92,Calm,0.5,2025,8,4,3
2025-02-17,Container Post-Panamax,118672,Shanghai,Los Angeles,Containerized Freight,5689.3,563.62,92.05,93.85,Rough Sea,1.9,2025,2,0,1
2024-02-11,Capesize,160822,Port Hedland,Qingdao,Iron Ore,3555.9,711.71,93.97,21.54,Calm,1.9,2024,2,6,1
2024-06-12,Capesize,184659,Newcastle,Mumbai,Thermal Coal,5773.9,685.79,90.84,17.46,Calm,0.5,2024,6,2,2
2024-09-27,Suezmax,158577,Houston,Rotterdam,Crude Oil,4953.6,665.63,108.6,40.24,Calm,1.5,2024,9,4,3
2025-12-29,Container Post-Panamax,85288,Shanghai,Los Angeles,Containerized Freight,5597.5,668.56,106.68,92.33,Calm,0.5,2025,12,0,4
2025-12-02,Suezmax,141429,Corpus Christi,Antwerp,Refined Petroleum,4953.1,692.18,70.48,43.7,Monsoon/Tropical Cyclone,1.6,2025,12,1,4
2024-09-18,Capesize,174688,Dampier,Yokohama,LNG,3871.3,659.4,112.37,28.88,Calm,7.2,2024,9,2,3
2025-02-22,VLCC,282563,Ras Tanura,Qingdao,Crude Oil,6103.8,570.61,100.09,33.52,Rough Sea,2.3,2025,2,5,1
2025-05-26,LNG Carrier,70913,Dampier,Yokohama,Iron Ore,4023.3,540.13,96.21,79.87,Moderate,0.9,2025,5,0,2
2024-05-20,Capesize,179192,Port Hedland,Qingdao,Iron Ore,3574.7,709.8,99.35,22.71,Moderate,0.6,2024,5,0,2
2026-07-05,Suezmax,140790,Houston,Rotterdam,Refined Petroleum,4791.1,682.22,95.93,44.26,Rough Sea,2.5,2026,7,6,3
2026-05-24,Panamax,68343,Richards Bay,Rotterdam,Thermal Coal,7072.7,685.02,91.84,60.99,Monsoon/Tropical Cyclone,1.8,2026,5,6,2
2026-09-09,Suezmax,134053,Ras Tanura,Singapore,Crude Oil,3662.8,656.07,102.13,39.09,Moderate,1.4,2026,9,2,3
2023-10-30,Suezmax,140420,Corpus Christi,Antwerp,Refined Petroleum,4823.0,627.2,94.84,37.3,Calm,2.3,2023,10,0,4
2024-12-31,LNG Carrier,86043,Ras Laffan,Tokyo,LNG,6566.4,588.7,97.99,103.17,Calm,5.5,2024,12,1,4
2025-06-07,VLCC,295597,Ras Tanura,Singapore,Crude Oil,3821.9,565.99,90.05,24.26,Moderate,1.6,2025,6,5,2
2025-10-01,Container Post-Panamax,120213,Ningbo,Hamburg,Containerized Freight,10328.0,644.1,101.4,120.39,Calm,1.6,2025,10,2,4
2026-03-12,Suezmax,149326,Corpus Christi,Antwerp,Refined Petroleum,4908.5,702.26,104.62,49.2,Stormy,3.1,2026,3,3,1
2026-03-16,Container Post-Panamax,92121,Singapore,Dubai,Containerized Freight,3441.9,749.68,80.43,72.5,Calm,6.3,2026,3,0,1
2024-04-25,VLCC,297863,Ras Tanura,Singapore,Crude Oil,3821.2,706.07,97.11,33.75,Moderate,7.5,2024,4,3,2
2025-03-14,Capesize,173164,Dampier,Yokohama,Iron Ore,3931.8,562.52,97.9,24.61,Stormy,5.8,2025,3,4,1
2024-06-27,Supramax,64159,Houston,Rotterdam,Refined Petroleum,4839.8,693.24,109.83,58.0,Calm,4.8,2024,6,3,2
2025-10-09,Aframax,113400,Corpus Christi,Antwerp,Refined Petroleum,4806.6,600.43,119.81,54.78,Moderate,4.6,2025,10,3,4
2025-07-01,Supramax,59579,Houston,Rotterdam,Chemicals,4974.5,558.19,93.27,64.4,Rough Sea,11.5,2025,7,1,3
2024-05-12,Aframax,87624,Corpus Christi,Antwerp,Crude Oil,4998.3,684.93,90.5,59.59,Moderate,11.6,2024,5,6,2
2024-09-03,Suezmax,161374,Houston,Rotterdam,Chemicals,4866.8,664.57,116.37,51.22,Rough Sea,9.5,2024,9,1,3
2026-05-08,Capesize,193890,Santos,Qingdao,Iron Ore,11817.0,699.46,105.06,41.58,Calm,5.2,2026,5,4,2
2024-04-29,Panamax,75381,Newcastle,Mumbai,Thermal Coal,5960.5,691.56,106.27,64.12,Stormy,5.8,2024,4,0,2
2024-04-16,Panamax,83531,Tubarao,Qingdao,Bauxite,10874.4,715.18,111.19,68.83,Moderate,1.3,2024,4,1,2
2024-08-26,Capesize,196017,Richards Bay,Rotterdam,Thermal Coal,6972.9,687.42,115.29,40.07,Calm,9.6,2024,8,0,3
2026-04-04,Capesize,201943,Port Hedland,Qingdao,Iron Ore,3747.5,733.46,105.18,26.9,Rough Sea,0.5,2026,4,5,2
2024-05-14,Supramax,64482,Santos,Rotterdam,Bauxite,5505.8,755.03,94.75,56.29,Calm,0.8,2024,5,1,2
2026-08-12,LNG Carrier,84755,Dampier,Yokohama,Iron Ore,3957.4,707.45,103.23,85.82,Calm,0.5,2026,8,2,3
2025-09-24,Suezmax,155242,Corpus Christi,Antwerp,Refined Petroleum,4935.4,603.83,113.39,35.46,Calm,3.4,2025,9,2,3
2025-11-24,Aframax,93588,Corpus Christi,Antwerp,Refined Petroleum,4791.5,670.72,110.07,65.38,Moderate,12.3,2025,11,0,4
2024-08-16,Supramax,51298,Houston,Rotterdam,Chemicals,4942.1,668.3,98.16,55.79,Moderate,0.7,2024,8,4,3
2023-12-18,Aframax,110402,Corpus Christi,Antwerp,Refined Petroleum,4871.3,661.57,101.96,54.29,Moderate,4.7,2023,12,0,4
2024-07-10,VLCC,314911,Ras Tanura,Singapore,Crude Oil,3636.7,689.12,94.8,23.74,Rough Sea,0.5,2024,7,2,3
2025-01-25,Panamax,73331,Richards Bay,Rotterdam,Thermal Coal,7204.7,591.02,86.97,56.54,Stormy,7.1,2025,1,5,1
2026-07-18,VLCC,289260,Ras Tanura,Qingdao,Crude Oil,6176.6,666.0,99.63,29.1,Calm,1.4,2026,7,5,3
2026-05-22,Handysize,25018,Singapore,Dubai,Steel Coils,3325.8,688.17,107.36,63.14,Moderate,0.7,2026,5,4,2
2025-08-28,LNG Carrier,77014,Dampier,Yokohama,LNG,4013.6,621.24,110.33,87.21,Calm,1.3,2025,8,3,3
2024-05-08,Capesize,196576,Richards Bay,Rotterdam,Thermal Coal,7062.4,698.84,86.6,32.98,Stormy,2.9,2024,5,2,2
2025-11-28,Capesize,170076,Tubarao,Qingdao,Bauxite,11431.7,647.81,101.71,40.56,Moderate,1.1,2025,11,4,4
2023-10-23,Suezmax,134327,Corpus Christi,Antwerp,Refined Petroleum,4830.8,630.65,111.1,51.22,Monsoon/Tropical Cyclone,2.3,2023,10,0,4
2026-02-03,Capesize,191074,Richards Bay,Rotterdam,Thermal Coal,7184.7,672.56,86.49,21.47,Calm,0.8,2026,2,1,1
2024-08-28,Container Post-Panamax,81658,Shanghai,Los Angeles,Containerized Freight,5801.9,697.5,99.92,110.57,Moderate,16.3,2024,8,2,3
2026-02-28,Suezmax,144662,Ras Tanura,Singapore,Crude Oil,3623.9,712.24,92.73,37.97,Rough Sea,0.8,2026,2,5,1
2024-06-20,Panamax,66968,Santos,Qingdao,Grain,12076.7,703.67,103.27,73.79,Moderate,4.4,2024,6,3,2
2025-02-06,Suezmax,157314,Houston,Rotterdam,Refined Petroleum,4774.6,547.43,101.68,36.21,Calm,0.7,2025,2,3,1
2026-06-09,Container Post-Panamax,93121,Ningbo,Hamburg,Containerized Freight,10410.2,691.39,105.15,128.2,Calm,5.6,2026,6,1,2
2025-01-18,Capesize,201147,Tubarao,Qingdao,Iron Ore,11392.6,558.88,94.67,37.06,Stormy,1.9,2025,1,5,1
2023-10-24,Panamax,67953,Newcastle,Mumbai,Thermal Coal,5890.5,668.88,115.46,52.63,Calm,3.7,2023,10,1,4
2024-10-31,Panamax,73547,Santos,Qingdao,Grain,11769.4,654.84,119.02,88.06,Stormy,4.1,2024,10,3,4
2025-04-04,LNG Carrier,78129,Ras Laffan,Tokyo,LNG,6738.4,583.06,95.32,102.91,Moderate,1.0,2025,4,4,2
2025-06-07,Panamax,73722,Santos,Rotterdam,Bauxite,5411.6,568.23,102.89,37.94,Calm,0.5,2025,6,5,2
2025-07-05,Panamax,73267,Santos,Qingdao,Iron Ore,11745.3,632.93,94.6,62.42,Calm,0.5,2025,7,5,3
2024-04-13,Panamax,75753,Tubarao,Qingdao,Iron Ore,11404.4,689.69,93.43,67.56,Calm,3.8,2024,4,5,2
2025-04-29,Suezmax,159893,Ras Tanura,Qingdao,Crude Oil,6345.1,564.77,105.3,39.07,Calm,3.6,2025,4,1,2
2025-05-08,Panamax,77315,Santos,Rotterdam,Bauxite,5470.1,561.7,92.8,53.62,Calm,17.7,2025,5,3,2
2025-09-21,Panamax,70733,Richards Bay,Rotterdam,Thermal Coal,6984.1,663.64,120.47,60.24,Calm,6.4,2025,9,6,3
2026-09-15,Container Post-Panamax,124115,Shanghai,Los Angeles,Containerized Freight,5744.7,661.17,104.14,111.13,Stormy,6.8,2026,9,1,3
2025-07-12,LNG Carrier,76376,Ras Laffan,Tokyo,LNG,6520.5,579.5,84.52,111.53,Rough Sea,4.3,2025,7,5,3
2026-03-17,Suezmax,155534,Houston,Rotterdam,Refined Petroleum,4818.4,687.61,92.71,41.21,Calm,4.7,2026,3,1,1
2024-01-10,Capesize,204360,Tubarao,Qingdao,Iron Ore,11467.8,679.97,79.47,28.78,Calm,0.5,2024,1,2,1
2025-03-15,Panamax,73509,Richards Bay,Rotterdam,Thermal Coal,7288.5,563.46,86.85,48.84,Moderate,6.4,2025,3,5,1
2023-12-23,Container Post-Panamax,104717,Ningbo,Hamburg,Containerized Freight,10790.0,659.56,102.55,139.19,Moderate,7.1,2023,12,5,4
2024-11-21,Panamax,77266,Richards Bay,Rotterdam,Thermal Coal,7136.2,632.34,105.27,51.15,Calm,6.1,2024,11,3,4
2024-04-06,Suezmax,158583,Corpus Christi,Antwerp,Refined Petroleum,4998.5,701.58,93.97,42.29,Rough Sea,3.9,2024,4,5,2
2025-12-14,Capesize,208929,Tubarao,Qingdao,Iron Ore,11317.7,639.69,94.77,34.55,Calm,4.4,2025,12,6,4
2026-01-13,Supramax,51740,Singapore,Dubai,Steel Coils,3303.8,710.85,99.29,49.42,Rough Sea,0.5,2026,1,1,1
2024-11-07,Container Post-Panamax,133192,Shanghai,Los Angeles,Containerized Freight,5730.4,588.56,115.99,87.86,Calm,3.9,2024,11,3,4
2024-02-26,Supramax,58443,Singapore,Dubai,Steel Coils,3410.5,706.96,110.34,54.09,Calm,2.7,2024,2,0,1
2025-09-28,VLCC,291345,Ras Tanura,Qingdao,Crude Oil,6165.6,677.26,113.58,36.18,Calm,4.1,2025,9,6,3
2024-04-30,VLCC,289507,Ras Tanura,Singapore,Crude Oil,3624.0,707.51,96.26,27.63,Moderate,1.9,2024,4,1,2
2025-05-06,Suezmax,152108,Ras Tanura,Qingdao,Crude Oil,6283.1,547.78,90.02,35.95,Moderate,0.8,2025,5,1,2
2024-11-29,Capesize,171696,Tubarao,Qingdao,Bauxite,11301.3,643.62,97.74,44.43,Stormy,4.4,2024,11,4,4
2024-10-11,Container Post-Panamax,118995,Shanghai,Los Angeles,Containerized Freight,5699.1,630.28,105.64,90.81,Moderate,0.6,2024,10,4,4
2024-03-20,LNG Carrier,78994,Dampier,Yokohama,Iron Ore,4038.1,731.94,93.39,87.94,Calm,1.0,2024,3,2,1
2026-02-28,Suezmax,147680,Ras Tanura,Qingdao,Crude Oil,6293.4,691.7,81.66,49.08,Rough Sea,5.9,2026,2,5,1
2024-05-15,Supramax,59487,Singapore,Dubai,Steel Coils,3315.2,724.58,101.68,58.77,Stormy,5.1,2024,5,2,2
2023-12-18,Capesize,198517,Tubarao,Qingdao,Bauxite,11157.7,685.32,89.2,35.88,Moderate,5.0,2023,12,0,4
2024-11-26,Panamax,77262,Tubarao,Qingdao,Iron Ore,11252.0,638.66,93.63,80.87,Stormy,5.2,2024,11,1,4
2025-02-08,Supramax,50009,Houston,Rotterdam,Refined Petroleum,4974.8,562.43,98.93,57.82,Rough Sea,5.2,2025,2,5,1
2025-06-07,Suezmax,156122,Houston,Rotterdam,Chemicals,4964.2,559.3,109.36,41.18,Moderate,0.5,2025,6,5,2
2025-06-11,Panamax,80306,Santos,Qingdao,Iron Ore,12037.5,614.83,101.69,74.01,Calm,5.2,2025,6,2,2
2026-06-02,Container Post-Panamax,131484,Ningbo,Hamburg,Containerized Freight,10582.6,720.68,86.67,125.42,Calm,1.3,2026,6,1,2
2026-01-10,Container Post-Panamax,120803,Ningbo,Hamburg,Containerized Freight,10526.0,694.73,101.31,135.6,Moderate,5.6,2026,1,5,1
2026-08-03,Panamax,77946,Richards Bay,Rotterdam,Thermal Coal,6988.4,680.35,104.18,48.74,Moderate,0.5,2026,8,0,3
2025-07-13,VLCC,285725,Ras Tanura,Singapore,Crude Oil,3785.4,581.95,107.39,27.18,Rough Sea,2.1,2025,7,6,3
2025-10-19,Capesize,191957,Dampier,Yokohama,LNG,4036.0,660.65,94.59,22.94,Moderate,1.2,2025,10,6,4
2024-02-27,Capesize,188794,Dampier,Yokohama,LNG,3951.9,730.95,103.62,25.38,Moderate,0.8,2024,2,1,1
2025-12-28,Panamax,76973,Tubarao,Qingdao,Bauxite,11187.2,674.38,81.54,71.67,Rough Sea,8.3,2025,12,6,4
2025-06-12,Capesize,171804,Tubarao,Qingdao,Bauxite,11416.6,529.9,89.42,34.83,Moderate,6.7,2025,6,3,2
2026-09-01,Capesize,180493,Port Hedland,Qingdao,Iron Ore,3672.6,656.55,121.45,28.24,Calm,3.9,2026,9,1,3
2024-04-09,Supramax,61295,Santos,Rotterdam,Grain,5388.2,733.22,96.01,65.76,Calm,9.4,2024,4,1,2
2025-05-29,Panamax,67969,Santos,Qingdao,Iron Ore,11516.8,533.03,111.75,62.18,Calm,0.5,2025,5,3,2
2026-09-27,Panamax,70045,Tubarao,Qingdao,Iron Ore,11199.5,632.49,96.32,64.77,Rough Sea,1.6,2026,9,6,3
2024-11-13,Suezmax,160738,Corpus Christi,Antwerp,Crude Oil,4809.6,589.93,111.52,37.77,Moderate,0.8,2024,11,2,4
2024-08-01,Capesize,182716,Santos,Qingdao,Grain,11947.8,646.61,95.0,42.69,Calm,4.0,2024,8,3,3
2026-09-08,LNG Carrier,87396,Ras Laffan,Tokyo,LNG,6710.2,668.31,115.31,135.89,Stormy,5.0,2026,9,1,3
2025-07-19,Supramax,58687,Santos,Rotterdam,Grain,5534.1,569.13,100.11,48.92,Calm,1.1,2025,7,5,3
2024-09-25,Supramax,64627,Houston,Rotterdam,Refined Petroleum,4911.8,661.53,100.54,53.5,Moderate,1.8,2024,9,2,3
2025-10-07,Aframax,98020,Houston,Rotterdam,Chemicals,4960.6,669.51,118.01,56.99,Moderate,4.3,2025,10,1,4
2024-02-01,VLCC,284431,Ras Tanura,Singapore,Crude Oil,3629.5,703.35,103.31,31.14,Rough Sea,1.7,2024,2,3,1
2025-03-04,LNG Carrier,93046,Ras Laffan,Tokyo,LNG,6529.0,549.4,99.61,105.75,Moderate,1.3,2025,3,1,1
2024-10-04,VLCC,301492,Ras Tanura,Singapore,Crude Oil,3636.3,631.13,108.51,26.55,Moderate,1.1,2024,10,4,4
2024-04-10,LNG Carrier,72365,Ras Laffan,Tokyo,LNG,6697.1,728.88,113.15,118.52,Moderate,2.6,2024,4,2,2
2025-11-01,VLCC,318219,Ras Tanura,Qingdao,Crude Oil,6425.3,644.64,117.64,40.13,Moderate,10.0,2025,11,5,4
2025-09-05,Supramax,51186,Santos,Rotterdam,Grain,5578.2,620.89,117.86,68.57,Rough Sea,3.6,2025,9,4,3
2026-01-15,VLCC,305099,Ras Tanura,Qingdao,Crude Oil,6407.7,691.59,99.32,34.09,Calm,1.5,2026,1,3,1
2024-04-19,Capesize,185702,Tubarao,Qingdao,Iron Ore,11237.2,712.44,104.48,38.48,Calm,2.0,2024,4,4,2
2025-07-28,Container Post-Panamax,95433,Ningbo,Hamburg,Containerized Freight,10281.3,625.33,106.51,124.64,Calm,3.8,2025,7,0,3
2025-04-23,Capesize,190659,Santos,Qingdao,Grain,11896.2,560.12,100.59,38.22,Calm,9.9,2025,4,2,2
2026-05-16,Capesize,193556,Port Hedland,Qingdao,Iron Ore,3627.0,708.58,98.3,21.24,Calm,0.5,2026,5,5,2
2025-12-29,VLCC,303298,Ras Tanura,Singapore,Crude Oil,3760.6,725.36,106.58,28.27,Calm,2.3,2025,12,0,4
2024-08-13,Supramax,55835,Santos,Rotterdam,Grain,5400.1,609.2,85.63,53.46,Moderate,5.1,2024,8,1,3
2024-01-11,Capesize,199875,Richards Bay,Rotterdam,Thermal Coal,7264.9,685.65,99.29,27.92,Calm,1.1,2024,1,3,1
2026-02-13,Panamax,66309,Richards Bay,Rotterdam,Thermal Coal,7166.0,726.52,91.41,71.63,Monsoon/Tropical Cyclone,3.7,2026,2,4,1
2024-03-19,LNG Carrier,84807,Ras Laffan,Tokyo,LNG,6450.2,716.69,111.88,113.01,Calm,6.3,2024,3,1,1
2025-11-18,Capesize,195608,Tubarao,Qingdao,Iron Ore,11261.8,723.41,118.49,49.19,Moderate,10.1,2025,11,1,4
2026-01-28,Suezmax,142013,Ras Tanura,Singapore,Crude Oil,3798.2,722.3,107.48,44.28,Moderate,6.2,2026,1,2,1
2025-07-24,LNG Carrier,83572,Ras Laffan,Tokyo,LNG,6413.2,607.23,99.45,102.54,Calm,2.2,2025,7,3,3
2025-04-26,LNG Carrier,88867,Ras Laffan,Tokyo,LNG,6360.8,580.44,90.05,103.04,Rough Sea,1.5,2025,4,5,2
2023-10-24,Aframax,92812,Houston,Rotterdam,Chemicals,4933.1,659.39,112.77,64.14,Stormy,4.3,2023,10,1,4
2025-02-15,Panamax,67560,Richards Bay,Rotterdam,Thermal Coal,7039.7,584.52,95.28,53.38,Rough Sea,0.8,2025,2,5,1
2025-11-06,Container Post-Panamax,128015,Shanghai,Los Angeles,Containerized Freight,5741.8,672.3,100.09,96.34,Rough Sea,2.1,2025,11,3,4
2026-06-18,VLCC,305638,Ras Tanura,Qingdao,Crude Oil,6080.7,719.07,84.59,29.58,Moderate,2.4,2026,6,3,2
2025-11-02,Container Post-Panamax,96036,Shanghai,Los Angeles,Containerized Freight,5639.7,636.46,112.0,100.28,Calm,10.7,2025,11,6,4
2023-11-29,LNG Carrier,90339,Ras Laffan,Tokyo,LNG,6460.3,686.78,105.13,107.85,Calm,0.5,2023,11,2,4
2025-12-28,Container Post-Panamax,99650,Shanghai,Los Angeles,Containerized Freight,5693.9,686.27,117.08,99.37,Moderate,4.2,2025,12,6,4
2024-01-29,Panamax,82599,Richards Bay,Rotterdam,Thermal Coal,7178.7,691.61,95.31,52.02,Calm,3.4,2024,1,0,1
2024-12-08,Aframax,92254,Corpus Christi,Antwerp,Refined Petroleum,5023.6,581.66,83.01,44.97,Calm,0.5,2024,12,6,4
2026-03-11,Capesize,207765,Port Hedland,Qingdao,Iron Ore,3755.7,698.65,113.45,26.68,Calm,3.4,2026,3,2,1
2025-04-16,Capesize,182968,Port Hedland,Qingdao,Iron Ore,3669.3,542.12,96.16,19.85,Moderate,0.8,2025,4,2,2
2026-09-05,Panamax,84602,Tubarao,Qingdao,Bauxite,11521.3,636.12,119.24,72.04,Moderate,4.2,2026,9,5,3
2026-03-16,Panamax,83884,Newcastle,Mumbai,Thermal Coal,5977.3,687.09,117.68,60.43,Rough Sea,8.1,2026,3,0,1
2024-08-05,Handysize,39299,Singapore,Dubai,Containerized Freight,3364.9,649.24,93.52,60.17,Moderate,3.6,2024,8,0,3
2026-06-12,Capesize,208741,Tubarao,Qingdao,Bauxite,11199.7,691.76,99.0,37.21,Calm,3.7,2026,6,4,2
2024-07-03,Suezmax,140139,Ras Tanura,Qingdao,Crude Oil,6367.1,704.98,104.66,48.26,Calm,1.4,2024,7,2,3
2025-12-07,Capesize,209485,Tubarao,Qingdao,Iron Ore,11492.0,621.3,82.46,30.27,Rough Sea,1.2,2025,12,6,4
2024-09-18,Panamax,82257,Santos,Qingdao,Iron Ore,11619.0,654.64,101.26,76.76,Moderate,8.3,2024,9,2,3
2026-04-08,VLCC,296942,Ras Tanura,Singapore,Crude Oil,3685.0,678.97,116.67,31.65,Calm,2.3,2026,4,2,2
2025-08-27,Container Post-Panamax,87055,Ningbo,Hamburg,Containerized Freight,10230.9,628.93,123.53,130.92,Calm,3.1,2025,8,2,3
2024-09-17,Supramax,56343,Singapore,Dubai,Steel Coils,3349.7,592.02,93.93,39.93,Calm,0.8,2024,9,1,3
2025-08-17,Capesize,192002,Newcastle,Mumbai,Thermal Coal,5837.1,625.54,88.06,25.62,Calm,5.5,2025,8,6,3
2024-11-05,Capesize,208708,Santos,Qingdao,Grain,11679.6,611.35,116.35,36.68,Moderate,2.0,2024,11,1,4
2025-07-17,Capesize,177730,Tubarao,Qingdao,Iron Ore,11081.9,592.6,100.14,40.06,Moderate,4.3,2025,7,3,3
2023-11-16,Panamax,65254,Newcastle,Mumbai,Thermal Coal,5832.0,702.75,120.91,52.8,Calm,4.2,2023,11,3,4
2025-10-14,Supramax,56360,Houston,Rotterdam,Chemicals,4712.1,655.45,122.02,59.46,Moderate,4.0,2025,10,1,4
2025-06-15,Panamax,76100,Newcastle,Mumbai,Thermal Coal,5925.0,575.72,113.29,51.21,Rough Sea,3.4,2025,6,6,2
2025-05-09,Panamax,77209,Richards Bay,Rotterdam,Thermal Coal,7192.3,559.43,97.35,51.91,Calm,1.9,2025,5,4,2
2026-08-29,Capesize,163347,Dampier,Yokohama,Iron Ore,3935.1,670.24,89.62,27.17,Calm,7.1,2026,8,5,3
2024-08-02,Container Post-Panamax,82788,Singapore,Dubai,Chemicals,3496.5,658.17,95.55,80.99,Calm,9.8,2024,8,4,3
2024-05-18,Panamax,72190,Tubarao,Qingdao,Iron Ore,10937.8,750.55,103.73,75.71,Rough Sea,3.2,2024,5,5,2
2025-05-30,Panamax,66351,Tubarao,Qingdao,Iron Ore,11126.0,571.94,98.68,59.51,Calm,0.5,2025,5,4,2
2024-07-16,Panamax,73287,Santos,Qingdao,Iron Ore,11917.7,690.78,99.63,66.38,Calm,1.4,2024,7,1,3
2026-02-28,Aframax,82725,Corpus Christi,Antwerp,Crude Oil,4909.7,709.06,82.38,58.44,Moderate,10.8,2026,2,5,1
2023-10-10,Panamax,80008,Santos,Qingdao,Iron Ore,11518.1,638.69,108.7,63.01,Calm,0.6,2023,10,1,4
2024-05-22,Capesize,172743,Richards Bay,Rotterdam,Thermal Coal,6935.0,698.73,90.55,30.48,Rough Sea,1.7,2024,5,2,2
2025-05-11,VLCC,308618,Ras Tanura,Qingdao,Crude Oil,6347.4,605.05,102.59,24.1,Calm,2.4,2025,5,6,2
2025-12-07,Panamax,81389,Newcastle,Mumbai,Thermal Coal,5963.3,659.86,78.78,44.73,Calm,3.0,2025,12,6,4
2026-05-09,Container Post-Panamax,115662,Shanghai,Los Angeles,Containerized Freight,5543.6,749.07,109.15,98.96,Moderate,2.8,2026,5,5,2
2026-04-28,Suezmax,148824,Houston,Rotterdam,Chemicals,4992.4,723.9,114.95,43.28,Moderate,3.1,2026,4,1,2
2025-09-01,Handysize,37286,Singapore,Dubai,Steel Coils,3327.7,630.39,110.55,64.52,Moderate,5.2,2025,9,0,3
2025-03-28,Aframax,91223,Corpus Christi,Antwerp,Refined Petroleum,4993.6,539.16,102.7,47.63,Moderate,1.0,2025,3,4,1
2025-03-30,Supramax,55096,Singapore,Dubai,Containerized Freight,3459.6,580.42,107.77,48.07,Calm,2.1,2025,3,6,1
2026-07-12,Container Post-Panamax,82374,Singapore,Dubai,Containerized Freight,3444.1,707.65,94.81,76.96,Calm,2.8,2026,7,6,3
2024-01-13,VLCC,319995,Ras Tanura,Singapore,Crude Oil,3639.2,676.03,95.47,23.87,Calm,0.5,2024,1,5,1
2026-04-24,Panamax,71934,Tubarao,Qingdao,Iron Ore,11189.2,675.33,90.24,75.65,Calm,14.7,2026,4,4,2
2026-02-19,Panamax,68202,Richards Bay,Rotterdam,Thermal Coal,7184.5,692.34,80.79,50.24,Moderate,0.5,2026,2,3,1
2025-10-29,VLCC,282150,Ras Tanura,Singapore,Crude Oil,3786.3,634.42,119.77,30.77,Calm,3.4,2025,10,2,4
2026-02-17,LNG Carrier,79448,Ras Laffan,Tokyo,LNG,6608.6,718.67,90.43,111.53,Moderate,5.5,2026,2,1,1
2025-09-12,Capesize,194176,Santos,Qingdao,Grain,11620.3,662.14,124.31,58.56,Stormy,11.0,2025,9,4,3
2026-02-15,VLCC,319080,Ras Tanura,Singapore,Crude Oil,3661.5,712.36,94.02,21.59,Moderate,0.5,2026,2,6,1
2024-01-27,Supramax,55755,Santos,Rotterdam,Bauxite,5512.2,725.88,86.61,60.22,Rough Sea,0.5,2024,1,5,1
2026-08-02,Panamax,68582,Santos,Qingdao,Iron Ore,12074.3,672.02,93.56,83.86,Monsoon/Tropical Cyclone,3.3,2026,8,6,3
2026-01-20,Capesize,174679,Port Hedland,Qingdao,Iron Ore,3682.2,719.93,101.27,26.87,Calm,5.1,2026,1,1,1
2024-01-25,Container Post-Panamax,114424,Singapore,Dubai,Chemicals,3354.8,694.11,84.13,75.22,Calm,8.4,2024,1,3,1
2025-01-27,Panamax,84655,Richards Bay,Rotterdam,Thermal Coal,7194.3,546.21,102.07,43.71,Calm,0.5,2025,1,0,1
2023-10-20,Capesize,198495,Tubarao,Qingdao,Bauxite,10936.6,662.7,110.49,48.08,Calm,17.5,2023,10,4,4
2025-06-21,Capesize,187011,Newcastle,Mumbai,Thermal Coal,6000.0,572.13,99.2,28.16,Rough Sea,4.7,2025,6,5,2
2025-10-31,Container Post-Panamax,106495,Ningbo,Hamburg,Containerized Freight,10675.2,643.35,111.36,135.39,Moderate,6.5,2025,10,4,4
2026-08-29,Panamax,74535,Santos,Qingdao,Grain,11667.2,670.06,98.65,78.26,Rough Sea,8.1,2026,8,5,3
2026-02-27,Container Post-Panamax,131230,Ningbo,Hamburg,Containerized Freight,10574.0,753.47,92.49,129.2,Moderate,0.5,2026,2,4,1
2024-12-08,Suezmax,132626,Ras Tanura,Singapore,Crude Oil,3654.2,579.75,88.19,31.98,Moderate,0.9,2024,12,6,4
2024-01-28,Suezmax,141800,Corpus Christi,Antwerp,Crude Oil,5019.1,711.46,91.64,42.01,Rough Sea,1.7,2024,1,6,1
2024-09-13,Supramax,52477,Singapore,Dubai,Containerized Freight,3437.2,628.06,104.26,48.18,Calm,1.0,2024,9,4,3
2026-01-13,LNG Carrier,76263,Ras Laffan,Tokyo,LNG,6745.5,704.83,88.0,112.14,Moderate,1.8,2026,1,1,1
2024-12-19,Panamax,68457,Santos,Rotterdam,Grain,5446.3,589.41,97.12,40.28,Calm,5.1,2024,12,3,4
2024-03-31,Aframax,83872,Corpus Christi,Antwerp,Refined Petroleum,5040.7,696.51,97.69,48.58,Calm,0.5,2024,3,6,1
2024-09-24,Suezmax,141512,Corpus Christi,Antwerp,Refined Petroleum,4900.2,649.72,103.33,57.51,Monsoon/Tropical Cyclone,6.3,2024,9,1,3
2026-03-22,LNG Carrier,92530,Dampier,Yokohama,LNG,3883.5,748.72,101.56,93.06,Calm,6.6,2026,3,6,1
2024-01-01,Container Post-Panamax,106175,Ningbo,Hamburg,Containerized Freight,10471.3,716.33,106.79,123.4,Calm,1.2,2024,1,0,1
2026-08-26,Capesize,201470,Tubarao,Qingdao,Iron Ore,11022.4,668.53,89.65,43.61,Calm,8.9,2026,8,2,3
2025-11-24,Suezmax,147644,Ras Tanura,Singapore,Crude Oil,3745.4,652.71,106.12,31.82,Moderate,0.5,2025,11,0,4
2025-06-02,Suezmax,153509,Ras Tanura,Qingdao,Crude Oil,6249.9,550.22,89.38,37.35,Moderate,2.3,2025,6,0,2
2025-08-21,Supramax,52966,Santos,Rotterdam,Grain,5484.6,599.69,121.21,57.72,Calm,5.3,2025,8,3,3
2026-08-11,Container Post-Panamax,102240,Ningbo,Hamburg,Containerized Freight,10203.0,670.01,107.72,124.94,Moderate,0.6,2026,8,1,3
2025-11-18,Container Post-Panamax,99988,Singapore,Dubai,Containerized Freight,3457.5,636.56,107.85,74.98,Calm,1.7,2025,11,1,4
2024-07-22,Aframax,80645,Corpus Christi,Antwerp,Crude Oil,5050.1,730.5,104.27,61.4,Rough Sea,0.5,2024,7,0,3
2026-01-09,VLCC,302022,Ras Tanura,Singapore,Crude Oil,3713.6,721.89,84.04,25.22,Moderate,0.7,2026,1,4,1
2026-04-12,Capesize,186374,Newcastle,Mumbai,Thermal Coal,5792.2,708.89,101.04,28.87,Rough Sea,1.3,2026,4,6,2
2026-05-21,VLCC,296312,Ras Tanura,Singapore,Crude Oil,3740.7,697.75,102.57,35.03,Stormy,3.3,2026,5,3,2
2025-05-23,Capesize,200422,Tubarao,Qingdao,Bauxite,11089.5,584.28,85.63,30.59,Calm,2.6,2025,5,4,2
2026-05-27,VLCC,283448,Ras Tanura,Singapore,Crude Oil,3677.9,690.14,95.8,21.32,Moderate,0.5,2026,5,2,2
2024-12-14,Capesize,167338,Santos,Qingdao,Grain,11487.0,573.96,95.18,37.81,Calm,5.5,2024,12,5,4
2024-11-05,Container Post-Panamax,107812,Shanghai,Los Angeles,Containerized Freight,5752.7,603.38,94.98,89.74,Calm,4.3,2024,11,1,4
2024-03-24,Capesize,199744,Santos,Qingdao,Iron Ore,11956.5,710.71,105.34,36.51,Calm,4.9,2024,3,6,1
2024-02-23,LNG Carrier,93387,Dampier,Yokohama,LNG,3905.9,702.49,103.17,90.57,Calm,2.0,2024,2,4,1
2026-01-30,Panamax,80324,Newcastle,Mumbai,Thermal Coal,5814.0,656.39,93.62,52.46,Stormy,5.6,2026,1,4,1
2024-05-05,Container Post-Panamax,85429,Singapore,Dubai,Chemicals,3436.2,708.21,88.3,77.94,Calm,5.2,2024,5,6,2
2025-03-06,Panamax,69502,Richards Bay,Rotterdam,Thermal Coal,6908.6,507.34,109.73,44.84,Moderate,0.5,2025,3,3,1
2024-09-06,Panamax,78696,Santos,Rotterdam,Bauxite,5457.1,653.08,93.08,40.01,Calm,1.4,2024,9,4,3
2024-08-06,Panamax,65290,Santos,Qingdao,Grain,11845.6,667.64,78.35,69.77,Calm,9.9,2024,8,1,3
2023-10-23,Container Post-Panamax,84137,Shanghai,Los Angeles,Containerized Freight,5848.6,673.16,140.43,108.54,Calm,6.0,2023,10,0,4
2026-06-29,VLCC,294812,Ras Tanura,Qingdao,Crude Oil,6089.6,693.71,103.34,28.77,Calm,1.6,2026,6,0,2
2024-08-07,Capesize,202459,Port Hedland,Qingdao,Iron Ore,3594.2,669.84,122.29,37.77,Moderate,13.0,2024,8,2,3
2024-05-20,LNG Carrier,75156,Ras Laffan,Tokyo,LNG,6745.6,750.03,109.62,119.36,Moderate,3.3,2024,5,0,2
2026-02-13,Container Post-Panamax,115301,Shanghai,Los Angeles,Containerized Freight,5545.1,722.58,105.49,101.0,Moderate,6.4,2026,2,4,1
2024-07-15,Container Post-Panamax,107397,Ningbo,Hamburg,Containerized Freight,10276.0,670.09,104.37,122.07,Calm,0.7,2024,7,0,3
2026-07-12,Panamax,69959,Santos,Qingdao,Iron Ore,11730.4,679.33,107.1,75.95,Calm,7.0,2026,7,6,3
2026-05-06,Container Post-Panamax,111057,Ningbo,Hamburg,Containerized Freight,10759.1,705.38,105.38,132.3,Moderate,0.6,2026,5,2,2
2025-09-08,Suezmax,146475,Ras Tanura,Singapore,Crude Oil,3733.1,621.03,114.88,40.23,Rough Sea,2.7,2025,9,0,3
2024-10-19,Capesize,209137,Newcastle,Mumbai,Thermal Coal,5832.3,644.1,100.12,27.98,Calm,0.9,2024,10,5,4
2025-02-23,Suezmax,149411,Houston,Rotterdam,Refined Petroleum,4752.6,554.89,90.33,38.33,Calm,3.6,2025,2,6,1
2024-02-15,Container Post-Panamax,132668,Ningbo,Hamburg,Containerized Freight,10276.5,703.78,81.85,124.04,Calm,4.4,2024,2,3,1
2025-09-10,VLCC,289449,Ras Tanura,Singapore,Crude Oil,3764.8,611.13,96.34,31.72,Monsoon/Tropical Cyclone,6.4,2025,9,2,3
2025-04-16,Container Post-Panamax,99779,Ningbo,Hamburg,Containerized Freight,10274.4,599.68,112.32,129.61,Moderate,3.4,2025,4,2,2
2025-05-15,Supramax,64540,Singapore,Dubai,Steel Coils,3469.1,571.21,104.57,47.08,Rough Sea,0.7,2025,5,3,2
2024-06-30,Suezmax,142083,Houston,Rotterdam,Crude Oil,4976.5,685.14,93.68,38.27,Moderate,0.5,2024,6,6,2
2025-11-08,Supramax,56910,Singapore,Dubai,Chemicals,3342.4,631.11,103.36,55.81,Stormy,4.5,2025,11,5,4
2023-12-31,Panamax,73420,Newcastle,Mumbai,Thermal Coal,6048.5,690.22,102.91,46.35,Calm,0.5,2023,12,6,4
2024-04-11,Container Post-Panamax,125676,Singapore,Dubai,Steel Coils,3418.0,706.42,114.89,78.97,Calm,2.1,2024,4,3,2
2026-04-02,Suezmax,161653,Ras Tanura,Qingdao,Crude Oil,6082.2,701.13,96.08,40.27,Calm,0.5,2026,4,3,2
2025-06-11,Suezmax,156195,Houston,Rotterdam,Crude Oil,4766.7,582.63,90.99,36.42,Calm,2.7,2025,6,2,2
2025-02-09,VLCC,280729,Ras Tanura,Qingdao,Crude Oil,6436.9,555.0,106.66,25.9,Calm,0.5,2025,2,6,1
2023-11-25,LNG Carrier,81356,Dampier,Yokohama,Iron Ore,3954.5,678.93,119.01,90.92,Calm,7.2,2023,11,5,4
2025-08-25,Supramax,53605,Singapore,Dubai,Containerized Freight,3432.4,616.29,87.73,47.42,Calm,2.3,2025,8,0,3
2025-06-29,LNG Carrier,75771,Ras Laffan,Tokyo,LNG,6448.5,624.18,89.83,104.94,Calm,0.5,2025,6,6,2
2025-05-02,Aframax,114726,Corpus Christi,Antwerp,Crude Oil,4809.0,561.7,89.11,48.74,Calm,10.2,2025,5,4,2
2025-05-23,Capesize,198598,Port Hedland,Qingdao,Iron Ore,3742.9,581.72,106.09,24.6,Moderate,4.7,2025,5,4,2
2024-01-11,VLCC,309327,Ras Tanura,Singapore,Crude Oil,3657.3,739.61,93.37,30.64,Calm,3.4,2024,1,3,1
2025-12-13,Capesize,196971,Newcastle,Mumbai,Thermal Coal,5958.1,658.17,100.48,30.25,Calm,0.6,2025,12,5,4
